date,store_nbr,item_nbr,family,onpromotion,unit_sales,current_stock,unit_cost
2017-08-01,1,SKU-802076,BEVERAGES,0,165.5,1682,4.73
2017-08-02,1,SKU-802076,BEVERAGES,1,207.9,2882,4.73
2017-08-03,1,SKU-802076,BEVERAGES,0,152.3,2126,4.73
2017-08-04,1,SKU-802076,BEVERAGES,0,162.8,410,4.73
2017-08-05,1,SKU-802076,BEVERAGES,0,210.4,949,4.73
2017-08-06,1,SKU-802076,BEVERAGES,0,195.9,1717,4.73
2017-08-07,1,SKU-802076,BEVERAGES,0,155.5,688,4.73
2017-08-08,1,SKU-802076,BEVERAGES,0,166.5,931,4.73
2017-08-09,1,SKU-802076,BEVERAGES,0,159.3,721,4.73
2017-08-10,1,SKU-802076,BEVERAGES,1,226.3,1393,4.73
2017-08-11,1,SKU-802076,BEVERAGES,1,217.5,487,4.73
2017-08-12,1,SKU-802076,BEVERAGES,0,202.5,1847,4.73
2017-08-13,1,SKU-802076,BEVERAGES,1,271.4,3425,4.73
2017-08-14,1,SKU-802076,BEVERAGES,1,215.9,1827,4.73
2017-08-15,1,SKU-802076,BEVERAGES,0,167.8,1571,4.73
2017-08-16,1,SKU-802076,BEVERAGES,0,157.3,1376,4.73
2017-08-01,1,SKU-877110,BEVERAGES,1,218.1,1092,40.39
2017-08-02,1,SKU-877110,BEVERAGES,0,173.6,1559,40.39
2017-08-03,1,SKU-877110,BEVERAGES,0,169.0,1624,40.39
2017-08-04,1,SKU-877110,BEVERAGES,1,217.5,2712,40.39
2017-08-05,1,SKU-877110,BEVERAGES,0,220.5,2496,40.39
2017-08-06,1,SKU-877110,BEVERAGES,0,205.5,2077,40.39
2017-08-07,1,SKU-877110,BEVERAGES,0,175.2,1783,40.39
2017-08-08,1,SKU-877110,BEVERAGES,1,223.9,999,40.39
2017-08-09,1,SKU-877110,BEVERAGES,0,161.3,1643,40.39
2017-08-10,1,SKU-877110,BEVERAGES,1,226.6,2428,40.39
2017-08-11,1,SKU-877110,BEVERAGES,0,166.3,2268,40.39
2017-08-12,1,SKU-877110,BEVERAGES,1,289.0,3780,40.39
2017-08-13,1,SKU-877110,BEVERAGES,0,209.4,789,40.39
2017-08-14,1,SKU-877110,BEVERAGES,1,221.0,1797,40.39
2017-08-15,1,SKU-877110,BEVERAGES,0,173.3,1216,40.39
2017-08-16,1,SKU-877110,BEVERAGES,0,163.7,1426,40.39
2017-08-01,1,SKU-937056,BEVERAGES,0,179.1,1464,33.62
2017-08-02,1,SKU-937056,BEVERAGES,0,171.9,2034,33.62
2017-08-03,1,SKU-937056,BEVERAGES,1,227.4,2267,33.62
2017-08-04,1,SKU-937056,BEVERAGES,0,164.5,1294,33.62
2017-08-05,1,SKU-937056,BEVERAGES,0,224.4,1075,33.62
2017-08-06,1,SKU-937056,BEVERAGES,0,217.5,58,33.62
2017-08-07,1,SKU-937056,BEVERAGES,0,169.5,1043,33.62
2017-08-08,1,SKU-937056,BEVERAGES,0,173.9,144,33.62
2017-08-09,1,SKU-937056,BEVERAGES,0,175.9,358,33.62
2017-08-10,1,SKU-937056,BEVERAGES,0,164.9,946,33.62
2017-08-11,1,SKU-937056,BEVERAGES,0,165.8,1320,33.62
2017-08-12,1,SKU-937056,BEVERAGES,1,281.1,1664,33.62
2017-08-13,1,SKU-937056,BEVERAGES,1,293.1,3311,33.62
2017-08-14,1,SKU-937056,BEVERAGES,0,180.5,979,33.62
2017-08-15,1,SKU-937056,BEVERAGES,0,179.0,1417,33.62
2017-08-16,1,SKU-937056,BEVERAGES,0,176.5,1436,33.62
2017-08-01,1,SKU-796343,BEVERAGES,1,240.1,1563,8.63
2017-08-02,1,SKU-796343,BEVERAGES,0,175.5,1824,8.63
2017-08-03,1,SKU-796343,BEVERAGES,0,184.4,417,8.63
2017-08-04,1,SKU-796343,BEVERAGES,0,174.7,1046,8.63
2017-08-05,1,SKU-796343,BEVERAGES,0,234.9,869,8.63
2017-08-06,1,SKU-796343,BEVERAGES,1,321.6,892,8.63
2017-08-07,1,SKU-796343,BEVERAGES,0,174.0,959,8.63
2017-08-08,1,SKU-796343,BEVERAGES,1,248.9,2180,8.63
2017-08-09,1,SKU-796343,BEVERAGES,0,179.3,267,8.63
2017-08-10,1,SKU-796343,BEVERAGES,1,245.1,2434,8.63
2017-08-11,1,SKU-796343,BEVERAGES,0,178.3,840,8.63
2017-08-12,1,SKU-796343,BEVERAGES,0,225.6,2539,8.63
2017-08-13,1,SKU-796343,BEVERAGES,1,310.0,1982,8.63
2017-08-14,1,SKU-796343,BEVERAGES,0,188.4,44,8.63
2017-08-15,1,SKU-796343,BEVERAGES,1,244.7,1177,8.63
2017-08-16,1,SKU-796343,BEVERAGES,1,233.3,1903,8.63
2017-08-01,1,SKU-548402,BEVERAGES,0,96.6,283,43.03
2017-08-02,1,SKU-548402,BEVERAGES,0,95.9,917,43.03
2017-08-03,1,SKU-548402,BEVERAGES,0,90.5,1016,43.03
2017-08-04,1,SKU-548402,BEVERAGES,0,94.2,426,43.03
2017-08-05,1,SKU-548402,BEVERAGES,0,122.7,432,43.03
2017-08-06,1,SKU-548402,BEVERAGES,0,121.0,412,43.03
2017-08-07,1,SKU-548402,BEVERAGES,0,93.7,636,43.03
2017-08-08,1,SKU-548402,BEVERAGES,0,91.3,753,43.03
2017-08-09,1,SKU-548402,BEVERAGES,0,94.0,101,43.03
2017-08-10,1,SKU-548402,BEVERAGES,0,96.8,737,43.03
2017-08-11,1,SKU-548402,BEVERAGES,1,125.7,1505,43.03
2017-08-12,1,SKU-548402,BEVERAGES,1,152.9,940,43.03
2017-08-13,1,SKU-548402,BEVERAGES,0,115.9,212,43.03
2017-08-14,1,SKU-548402,BEVERAGES,1,119.2,886,43.03
2017-08-15,1,SKU-548402,BEVERAGES,0,89.9,1141,43.03
2017-08-16,1,SKU-548402,BEVERAGES,1,124.7,723,43.03
2017-08-01,1,SKU-334745,PRODUCE,0,221.8,717,7.23
2017-08-02,1,SKU-334745,PRODUCE,1,276.0,3527,7.23
2017-08-03,1,SKU-334745,PRODUCE,0,217.6,769,7.23
2017-08-04,1,SKU-334745,PRODUCE,1,289.9,557,7.23
2017-08-05,1,SKU-334745,PRODUCE,0,268.4,2488,7.23
2017-08-06,1,SKU-334745,PRODUCE,1,362.4,1477,7.23
2017-08-07,1,SKU-334745,PRODUCE,0,216.1,1223,7.23
2017-08-08,1,SKU-334745,PRODUCE,0,207.7,1256,7.23
2017-08-09,1,SKU-334745,PRODUCE,1,283.7,2385,7.23
2017-08-10,1,SKU-334745,PRODUCE,1,296.7,1372,7.23
2017-08-11,1,SKU-334745,PRODUCE,0,222.4,57,7.23
2017-08-12,1,SKU-334745,PRODUCE,0,263.4,1439,7.23
2017-08-13,1,SKU-334745,PRODUCE,0,277.6,373,7.23
2017-08-14,1,SKU-334745,PRODUCE,0,215.8,1498,7.23
2017-08-15,1,SKU-334745,PRODUCE,1,286.2,3786,7.23
2017-08-16,1,SKU-334745,PRODUCE,0,216.0,2498,7.23
2017-08-01,1,SKU-484922,PRODUCE,0,241.3,2388,20.71
2017-08-02,1,SKU-484922,PRODUCE,0,227.5,2819,20.71
2017-08-03,1,SKU-484922,PRODUCE,0,226.7,861,20.71
2017-08-04,1,SKU-484922,PRODUCE,1,300.4,4172,20.71
2017-08-05,1,SKU-484922,PRODUCE,0,303.3,1682,20.71
2017-08-06,1,SKU-484922,PRODUCE,0,305.8,1773,20.71
2017-08-07,1,SKU-484922,PRODUCE,0,222.7,17,20.71
2017-08-08,1,SKU-484922,PRODUCE,0,237.4,411,20.71
2017-08-09,1,SKU-484922,PRODUCE,0,231.1,2099,20.71
2017-08-10,1,SKU-484922,PRODUCE,1,304.7,348,20.71
2017-08-11,1,SKU-484922,PRODUCE,1,307.3,3672,20.71
2017-08-12,1,SKU-484922,PRODUCE,1,408.5,973,20.71
2017-08-13,1,SKU-484922,PRODUCE,1,408.3,3415,20.71
2017-08-14,1,SKU-484922,PRODUCE,0,227.6,397,20.71
2017-08-15,1,SKU-484922,PRODUCE,0,235.2,1189,20.71
2017-08-16,1,SKU-484922,PRODUCE,0,230.0,2067,20.71
2017-08-01,1,SKU-684808,PRODUCE,1,110.9,1540,7.81
2017-08-02,1,SKU-684808,PRODUCE,1,107.7,527,7.81
2017-08-03,1,SKU-684808,PRODUCE,0,75.2,732,7.81
2017-08-04,1,SKU-684808,PRODUCE,1,109.4,1400,7.81
2017-08-05,1,SKU-684808,PRODUCE,1,140.5,487,7.81
2017-08-06,1,SKU-684808,PRODUCE,1,135.0,501,7.81
2017-08-07,1,SKU-684808,PRODUCE,1,110.2,206,7.81
2017-08-08,1,SKU-684808,PRODUCE,0,80.0,680,7.81
2017-08-09,1,SKU-684808,PRODUCE,1,103.1,130,7.81
2017-08-10,1,SKU-684808,PRODUCE,0,74.7,47,7.81
2017-08-11,1,SKU-684808,PRODUCE,1,104.4,606,7.81
2017-08-12,1,SKU-684808,PRODUCE,0,96.9,1093,7.81
2017-08-13,1,SKU-684808,PRODUCE,0,101.7,642,7.81
2017-08-14,1,SKU-684808,PRODUCE,0,78.4,361,7.81
2017-08-15,1,SKU-684808,PRODUCE,1,103.8,962,7.81
2017-08-16,1,SKU-684808,PRODUCE,0,80.0,1023,7.81
2017-08-01,1,SKU-893354,PRODUCE,0,102.9,661,6.58
2017-08-02,1,SKU-893354,PRODUCE,1,137.4,1388,6.58
2017-08-03,1,SKU-893354,PRODUCE,0,101.7,1314,6.58
2017-08-04,1,SKU-893354,PRODUCE,0,104.6,1110,6.58
2017-08-05,1,SKU-893354,PRODUCE,0,136.5,85,6.58
2017-08-06,1,SKU-893354,PRODUCE,1,179.8,1606,6.58
2017-08-07,1,SKU-893354,PRODUCE,0,107.9,1168,6.58
2017-08-08,1,SKU-893354,PRODUCE,0,107.3,690,6.58
2017-08-09,1,SKU-893354,PRODUCE,1,143.1,1688,6.58
2017-08-10,1,SKU-893354,PRODUCE,1,141.8,464,6.58
2017-08-11,1,SKU-893354,PRODUCE,0,109.5,356,6.58
2017-08-12,1,SKU-893354,PRODUCE,0,138.0,689,6.58
2017-08-13,1,SKU-893354,PRODUCE,0,130.5,208,6.58
2017-08-14,1,SKU-893354,PRODUCE,1,137.4,529,6.58
2017-08-15,1,SKU-893354,PRODUCE,1,140.9,1919,6.58
2017-08-16,1,SKU-893354,PRODUCE,1,139.8,89,6.58
2017-08-01,1,SKU-352411,PRODUCE,0,217.5,2167,36.55
2017-08-02,1,SKU-352411,PRODUCE,0,209.7,2075,36.55
2017-08-03,1,SKU-352411,PRODUCE,1,299.0,3241,36.55
2017-08-04,1,SKU-352411,PRODUCE,0,211.2,1904,36.55
2017-08-05,1,SKU-352411,PRODUCE,0,285.5,498,36.55
2017-08-06,1,SKU-352411,PRODUCE,0,272.7,3581,36.55
2017-08-07,1,SKU-352411,PRODUCE,0,207.5,699,36.55
2017-08-08,1,SKU-352411,PRODUCE,1,285.9,971,36.55
2017-08-09,1,SKU-352411,PRODUCE,0,222.9,225,36.55
2017-08-10,1,SKU-352411,PRODUCE,0,213.4,1663,36.55
2017-08-11,1,SKU-352411,PRODUCE,1,295.5,3852,36.55
2017-08-12,1,SKU-352411,PRODUCE,1,366.9,3996,36.55
2017-08-13,1,SKU-352411,PRODUCE,1,386.6,2429,36.55
2017-08-14,1,SKU-352411,PRODUCE,0,216.3,2576,36.55
2017-08-15,1,SKU-352411,PRODUCE,0,212.5,1114,36.55
2017-08-16,1,SKU-352411,PRODUCE,0,219.5,421,36.55
2017-08-01,1,SKU-606199,MEATS,0,258.7,2122,5.11
2017-08-02,1,SKU-606199,MEATS,1,368.5,2012,5.11
2017-08-03,1,SKU-606199,MEATS,0,268.1,2272,5.11
2017-08-04,1,SKU-606199,MEATS,0,260.1,2705,5.11
2017-08-05,1,SKU-606199,MEATS,1,443.8,1903,5.11
2017-08-06,1,SKU-606199,MEATS,1,451.1,2584,5.11
2017-08-07,1,SKU-606199,MEATS,0,266.3,910,5.11
2017-08-08,1,SKU-606199,MEATS,0,261.0,1066,5.11
2017-08-09,1,SKU-606199,MEATS,0,250.3,2298,5.11
2017-08-10,1,SKU-606199,MEATS,0,247.3,448,5.11
2017-08-11,1,SKU-606199,MEATS,1,364.3,1199,5.11
2017-08-12,1,SKU-606199,MEATS,1,448.6,6097,5.11
2017-08-13,1,SKU-606199,MEATS,0,334.7,307,5.11
2017-08-14,1,SKU-606199,MEATS,0,272.3,2059,5.11
2017-08-15,1,SKU-606199,MEATS,0,250.4,2469,5.11
2017-08-16,1,SKU-606199,MEATS,0,257.0,3421,5.11
2017-08-01,1,SKU-874597,MEATS,0,100.5,756,41.57
2017-08-02,1,SKU-874597,MEATS,1,133.7,1765,41.57
2017-08-03,1,SKU-874597,MEATS,1,134.7,1345,41.57
2017-08-04,1,SKU-874597,MEATS,0,102.1,1121,41.57
2017-08-05,1,SKU-874597,MEATS,1,169.2,1002,41.57
2017-08-06,1,SKU-874597,MEATS,0,128.6,660,41.57
2017-08-07,1,SKU-874597,MEATS,0,105.0,646,41.57
2017-08-08,1,SKU-874597,MEATS,0,106.4,1197,41.57
2017-08-09,1,SKU-874597,MEATS,0,101.0,905,41.57
2017-08-10,1,SKU-874597,MEATS,0,100.4,1029,41.57
2017-08-11,1,SKU-874597,MEATS,0,98.9,19,41.57
2017-08-12,1,SKU-874597,MEATS,0,124.6,1737,41.57
2017-08-13,1,SKU-874597,MEATS,0,125.7,431,41.57
2017-08-14,1,SKU-874597,MEATS,1,139.5,718,41.57
2017-08-15,1,SKU-874597,MEATS,1,137.7,652,41.57
2017-08-16,1,SKU-874597,MEATS,0,101.8,458,41.57
2017-08-01,1,SKU-348535,MEATS,0,179.1,17,31.47
2017-08-02,1,SKU-348535,MEATS,1,228.2,1303,31.47
2017-08-03,1,SKU-348535,MEATS,1,235.9,3127,31.47
2017-08-04,1,SKU-348535,MEATS,0,182.5,2073,31.47
2017-08-05,1,SKU-348535,MEATS,1,312.8,3934,31.47
2017-08-06,1,SKU-348535,MEATS,1,296.0,448,31.47
2017-08-07,1,SKU-348535,MEATS,0,184.3,1877,31.47
2017-08-08,1,SKU-348535,MEATS,1,244.7,567,31.47
2017-08-09,1,SKU-348535,MEATS,0,173.1,416,31.47
2017-08-10,1,SKU-348535,MEATS,0,184.3,1967,31.47
2017-08-11,1,SKU-348535,MEATS,0,167.2,740,31.47
2017-08-12,1,SKU-348535,MEATS,0,218.3,348,31.47
2017-08-13,1,SKU-348535,MEATS,0,216.7,2759,31.47
2017-08-14,1,SKU-348535,MEATS,0,168.0,22,31.47
2017-08-15,1,SKU-348535,MEATS,0,178.7,1830,31.47
2017-08-16,1,SKU-348535,MEATS,0,179.1,908,31.47
2017-08-01,1,SKU-450500,MEATS,1,250.6,3433,41.22
2017-08-02,1,SKU-450500,MEATS,0,180.3,1047,41.22
2017-08-03,1,SKU-450500,MEATS,1,234.5,3220,41.22
2017-08-04,1,SKU-450500,MEATS,0,183.3,228,41.22
2017-08-05,1,SKU-450500,MEATS,0,230.8,80,41.22
2017-08-06,1,SKU-450500,MEATS,1,289.0,2662,41.22
2017-08-07,1,SKU-450500,MEATS,0,180.1,1758,41.22
2017-08-08,1,SKU-450500,MEATS,0,171.1,176,41.22
2017-08-09,1,SKU-450500,MEATS,0,178.5,1857,41.22
2017-08-10,1,SKU-450500,MEATS,0,176.7,990,41.22
2017-08-11,1,SKU-450500,MEATS,0,175.2,2394,41.22
2017-08-12,1,SKU-450500,MEATS,1,298.6,2461,41.22
2017-08-13,1,SKU-450500,MEATS,1,301.9,85,41.22
2017-08-14,1,SKU-450500,MEATS,0,178.3,2420,41.22
2017-08-15,1,SKU-450500,MEATS,0,170.5,460,41.22
2017-08-16,1,SKU-450500,MEATS,1,248.7,2154,41.22
2017-08-01,1,SKU-684359,MEATS,0,205.7,1484,10.54
2017-08-02,1,SKU-684359,MEATS,0,198.4,1632,10.54
2017-08-03,1,SKU-684359,MEATS,1,292.1,3103,10.54
2017-08-04,1,SKU-684359,MEATS,1,281.6,3887,10.54
2017-08-05,1,SKU-684359,MEATS,0,269.8,3572,10.54
2017-08-06,1,SKU-684359,MEATS,1,347.4,391,10.54
2017-08-07,1,SKU-684359,MEATS,0,197.1,299,10.54
2017-08-08,1,SKU-684359,MEATS,0,202.9,1548,10.54
2017-08-09,1,SKU-684359,MEATS,1,270.3,2548,10.54
2017-08-10,1,SKU-684359,MEATS,1,280.0,3543,10.54
2017-08-11,1,SKU-684359,MEATS,0,199.5,1202,10.54
2017-08-12,1,SKU-684359,MEATS,0,262.2,1468,10.54
2017-08-13,1,SKU-684359,MEATS,0,251.8,1188,10.54
2017-08-14,1,SKU-684359,MEATS,0,207.7,484,10.54
2017-08-15,1,SKU-684359,MEATS,0,196.4,44,10.54
2017-08-16,1,SKU-684359,MEATS,1,265.7,2722,10.54
2017-08-01,2,SKU-782567,BEVERAGES,1,188.2,2247,29.63
2017-08-02,2,SKU-782567,BEVERAGES,0,141.6,635,29.63
2017-08-03,2,SKU-782567,BEVERAGES,0,146.4,115,29.63
2017-08-04,2,SKU-782567,BEVERAGES,0,150.5,288,29.63
2017-08-05,2,SKU-782567,BEVERAGES,0,183.5,1333,29.63
2017-08-06,2,SKU-782567,BEVERAGES,1,247.6,2740,29.63
2017-08-07,2,SKU-782567,BEVERAGES,0,140.3,315,29.63
2017-08-08,2,SKU-782567,BEVERAGES,0,144.5,1506,29.63
2017-08-09,2,SKU-782567,BEVERAGES,0,144.3,353,29.63
2017-08-10,2,SKU-782567,BEVERAGES,0,147.1,877,29.63
2017-08-11,2,SKU-782567,BEVERAGES,0,141.2,1313,29.63
2017-08-12,2,SKU-782567,BEVERAGES,1,242.9,1676,29.63
2017-08-13,2,SKU-782567,BEVERAGES,1,244.8,2043,29.63
2017-08-14,2,SKU-782567,BEVERAGES,0,147.5,194,29.63
2017-08-15,2,SKU-782567,BEVERAGES,1,201.3,2223,29.63
2017-08-16,2,SKU-782567,BEVERAGES,1,198.8,1257,29.63
2017-08-01,2,SKU-452559,BEVERAGES,1,372.6,2813,23.21
2017-08-02,2,SKU-452559,BEVERAGES,0,265.8,23,23.21
2017-08-03,2,SKU-452559,BEVERAGES,0,274.0,1463,23.21
2017-08-04,2,SKU-452559,BEVERAGES,0,286.9,1413,23.21
2017-08-05,2,SKU-452559,BEVERAGES,0,333.1,233,23.21
2017-08-06,2,SKU-452559,BEVERAGES,1,470.1,5008,23.21
2017-08-07,2,SKU-452559,BEVERAGES,0,275.7,986,23.21
2017-08-08,2,SKU-452559,BEVERAGES,0,260.4,483,23.21
2017-08-09,2,SKU-452559,BEVERAGES,0,263.2,3632,23.21
2017-08-10,2,SKU-452559,BEVERAGES,0,263.6,742,23.21
2017-08-11,2,SKU-452559,BEVERAGES,0,261.8,3162,23.21
2017-08-12,2,SKU-452559,BEVERAGES,1,454.9,2871,23.21
2017-08-13,2,SKU-452559,BEVERAGES,0,350.6,2037,23.21
2017-08-14,2,SKU-452559,BEVERAGES,0,265.7,2436,23.21
2017-08-15,2,SKU-452559,BEVERAGES,0,265.0,2559,23.21
2017-08-16,2,SKU-452559,BEVERAGES,0,283.5,475,23.21
2017-08-01,2,SKU-194799,BEVERAGES,0,98.7,1269,40.5
2017-08-02,2,SKU-194799,BEVERAGES,1,133.4,377,40.5
2017-08-03,2,SKU-194799,BEVERAGES,1,126.4,1317,40.5
2017-08-04,2,SKU-194799,BEVERAGES,0,99.0,742,40.5
2017-08-05,2,SKU-194799,BEVERAGES,0,127.4,189,40.5
2017-08-06,2,SKU-194799,BEVERAGES,0,123.3,1664,40.5
2017-08-07,2,SKU-194799,BEVERAGES,0,91.9,81,40.5
2017-08-08,2,SKU-194799,BEVERAGES,0,100.4,1016,40.5
2017-08-09,2,SKU-194799,BEVERAGES,0,96.7,1060,40.5
2017-08-10,2,SKU-194799,BEVERAGES,0,95.5,660,40.5
2017-08-11,2,SKU-194799,BEVERAGES,0,95.7,430,40.5
2017-08-12,2,SKU-194799,BEVERAGES,0,117.5,1259,40.5
2017-08-13,2,SKU-194799,BEVERAGES,0,127.2,163,40.5
2017-08-14,2,SKU-194799,BEVERAGES,1,135.5,1785,40.5
2017-08-15,2,SKU-194799,BEVERAGES,1,127.5,601,40.5
2017-08-16,2,SKU-194799,BEVERAGES,0,93.0,38,40.5
2017-08-01,2,SKU-857739,BEVERAGES,1,231.3,2240,27.98
2017-08-02,2,SKU-857739,BEVERAGES,1,218.8,1109,27.98
2017-08-03,2,SKU-857739,BEVERAGES,1,237.1,2935,27.98
2017-08-04,2,SKU-857739,BEVERAGES,0,174.5,127,27.98
2017-08-05,2,SKU-857739,BEVERAGES,0,211.0,1433,27.98
2017-08-06,2,SKU-857739,BEVERAGES,0,209.8,486,27.98
2017-08-07,2,SKU-857739,BEVERAGES,0,173.5,1609,27.98
2017-08-08,2,SKU-857739,BEVERAGES,0,168.3,1646,27.98
2017-08-09,2,SKU-857739,BEVERAGES,0,166.7,1455,27.98
2017-08-10,2,SKU-857739,BEVERAGES,1,218.3,1198,27.98
2017-08-11,2,SKU-857739,BEVERAGES,0,169.8,370,27.98
2017-08-12,2,SKU-857739,BEVERAGES,0,208.3,2787,27.98
2017-08-13,2,SKU-857739,BEVERAGES,1,292.0,3341,27.98
2017-08-14,2,SKU-857739,BEVERAGES,0,174.6,1458,27.98
2017-08-15,2,SKU-857739,BEVERAGES,0,173.8,1954,27.98
2017-08-16,2,SKU-857739,BEVERAGES,1,218.7,2968,27.98
2017-08-01,2,SKU-759292,BEVERAGES,0,47.1,451,29.7
2017-08-02,2,SKU-759292,BEVERAGES,0,48.0,521,29.7
2017-08-03,2,SKU-759292,BEVERAGES,1,62.1,781,29.7
2017-08-04,2,SKU-759292,BEVERAGES,0,49.3,340,29.7
2017-08-05,2,SKU-759292,BEVERAGES,0,62.6,789,29.7
2017-08-06,2,SKU-759292,BEVERAGES,0,58.7,329,29.7
2017-08-07,2,SKU-759292,BEVERAGES,0,46.5,182,29.7
2017-08-08,2,SKU-759292,BEVERAGES,1,61.4,585,29.7
2017-08-09,2,SKU-759292,BEVERAGES,0,46.8,49,29.7
2017-08-10,2,SKU-759292,BEVERAGES,0,48.8,605,29.7
2017-08-11,2,SKU-759292,BEVERAGES,0,47.4,317,29.7
2017-08-12,2,SKU-759292,BEVERAGES,1,83.2,602,29.7
2017-08-13,2,SKU-759292,BEVERAGES,0,62.1,18,29.7
2017-08-14,2,SKU-759292,BEVERAGES,0,49.5,515,29.7
2017-08-15,2,SKU-759292,BEVERAGES,0,47.7,238,29.7
2017-08-16,2,SKU-759292,BEVERAGES,0,48.3,288,29.7
2017-08-01,2,SKU-279614,PRODUCE,1,297.2,2627,37.31
2017-08-02,2,SKU-279614,PRODUCE,0,220.2,485,37.31
2017-08-03,2,SKU-279614,PRODUCE,0,216.7,1290,37.31
2017-08-04,2,SKU-279614,PRODUCE,0,229.3,1272,37.31
2017-08-05,2,SKU-279614,PRODUCE,1,385.6,2766,37.31
2017-08-06,2,SKU-279614,PRODUCE,0,267.4,3163,37.31
2017-08-07,2,SKU-279614,PRODUCE,0,231.1,2062,37.31
2017-08-08,2,SKU-279614,PRODUCE,1,306.5,1488,37.31
2017-08-09,2,SKU-279614,PRODUCE,0,218.9,1437,37.31
2017-08-10,2,SKU-279614,PRODUCE,0,229.1,1744,37.31
2017-08-11,2,SKU-279614,PRODUCE,1,306.8,2391,37.31
2017-08-12,2,SKU-279614,PRODUCE,1,376.1,4672,37.31
2017-08-13,2,SKU-279614,PRODUCE,0,275.0,1615,37.31
2017-08-14,2,SKU-279614,PRODUCE,0,221.6,1545,37.31
2017-08-15,2,SKU-279614,PRODUCE,0,229.8,1897,37.31
2017-08-16,2,SKU-279614,PRODUCE,0,223.8,2408,37.31
2017-08-01,2,SKU-249177,PRODUCE,0,82.8,627,26.9
2017-08-02,2,SKU-249177,PRODUCE,0,80.4,992,26.9
2017-08-03,2,SKU-249177,PRODUCE,0,82.5,50,26.9
2017-08-04,2,SKU-249177,PRODUCE,0,83.7,659,26.9
2017-08-05,2,SKU-249177,PRODUCE,1,137.4,492,26.9
2017-08-06,2,SKU-249177,PRODUCE,1,148.3,290,26.9
2017-08-07,2,SKU-249177,PRODUCE,0,80.9,77,26.9
2017-08-08,2,SKU-249177,PRODUCE,0,80.3,801,26.9
2017-08-09,2,SKU-249177,PRODUCE,0,80.3,20,26.9
2017-08-10,2,SKU-249177,PRODUCE,1,108.8,927,26.9
2017-08-11,2,SKU-249177,PRODUCE,0,84.0,378,26.9
2017-08-12,2,SKU-249177,PRODUCE,0,102.3,277,26.9
2017-08-13,2,SKU-249177,PRODUCE,0,106.8,401,26.9
2017-08-14,2,SKU-249177,PRODUCE,0,83.4,711,26.9
2017-08-15,2,SKU-249177,PRODUCE,1,113.4,753,26.9
2017-08-16,2,SKU-249177,PRODUCE,0,86.8,1008,26.9
2017-08-01,2,SKU-932440,PRODUCE,1,270.1,2552,34.05
2017-08-02,2,SKU-932440,PRODUCE,0,195.7,1391,34.05
2017-08-03,2,SKU-932440,PRODUCE,1,269.3,2802,34.05
2017-08-04,2,SKU-932440,PRODUCE,1,249.3,120,34.05
2017-08-05,2,SKU-932440,PRODUCE,0,253.7,2927,34.05
2017-08-06,2,SKU-932440,PRODUCE,0,248.8,2533,34.05
2017-08-07,2,SKU-932440,PRODUCE,1,269.3,2354,34.05
2017-08-08,2,SKU-932440,PRODUCE,0,187.6,1729,34.05
2017-08-09,2,SKU-932440,PRODUCE,0,186.4,2106,34.05
2017-08-10,2,SKU-932440,PRODUCE,0,202.3,804,34.05
2017-08-11,2,SKU-932440,PRODUCE,0,192.1,333,34.05
2017-08-12,2,SKU-932440,PRODUCE,0,238.7,544,34.05
2017-08-13,2,SKU-932440,PRODUCE,0,237.4,2442,34.05
2017-08-14,2,SKU-932440,PRODUCE,0,195.3,2082,34.05
2017-08-15,2,SKU-932440,PRODUCE,0,201.4,1998,34.05
2017-08-16,2,SKU-932440,PRODUCE,1,252.8,2753,34.05
2017-08-01,2,SKU-372667,PRODUCE,0,269.3,799,38.68
2017-08-02,2,SKU-372667,PRODUCE,0,260.8,2454,38.68
2017-08-03,2,SKU-372667,PRODUCE,0,284.9,664,38.68
2017-08-04,2,SKU-372667,PRODUCE,1,380.7,686,38.68
2017-08-05,2,SKU-372667,PRODUCE,0,334.7,1201,38.68
2017-08-06,2,SKU-372667,PRODUCE,0,348.0,2010,38.68
2017-08-07,2,SKU-372667,PRODUCE,1,356.1,4854,38.68
2017-08-08,2,SKU-372667,PRODUCE,0,281.5,1342,38.68
2017-08-09,2,SKU-372667,PRODUCE,0,283.8,1234,38.68
2017-08-10,2,SKU-372667,PRODUCE,0,275.8,1826,38.68
2017-08-11,2,SKU-372667,PRODUCE,0,280.3,353,38.68
2017-08-12,2,SKU-372667,PRODUCE,0,359.8,300,38.68
2017-08-13,2,SKU-372667,PRODUCE,0,353.6,2170,38.68
2017-08-14,2,SKU-372667,PRODUCE,0,264.0,1877,38.68
2017-08-15,2,SKU-372667,PRODUCE,0,273.3,2924,38.68
2017-08-16,2,SKU-372667,PRODUCE,0,273.5,3798,38.68
2017-08-01,2,SKU-645389,PRODUCE,0,220.9,488,13.77
2017-08-02,2,SKU-645389,PRODUCE,0,222.7,280,13.77
2017-08-03,2,SKU-645389,PRODUCE,0,223.1,926,13.77
2017-08-04,2,SKU-645389,PRODUCE,0,226.1,1000,13.77
2017-08-05,2,SKU-645389,PRODUCE,0,271.1,2384,13.77
2017-08-06,2,SKU-645389,PRODUCE,0,291.5,2871,13.77
2017-08-07,2,SKU-645389,PRODUCE,0,218.6,1185,13.77
2017-08-08,2,SKU-645389,PRODUCE,0,228.0,1866,13.77
2017-08-09,2,SKU-645389,PRODUCE,0,223.8,35,13.77
2017-08-10,2,SKU-645389,PRODUCE,1,302.5,1314,13.77
2017-08-11,2,SKU-645389,PRODUCE,0,227.0,2491,13.77
2017-08-12,2,SKU-645389,PRODUCE,0,272.8,2142,13.77
2017-08-13,2,SKU-645389,PRODUCE,0,266.8,480,13.77
2017-08-14,2,SKU-645389,PRODUCE,0,220.7,3065,13.77
2017-08-15,2,SKU-645389,PRODUCE,0,210.8,1555,13.77
2017-08-16,2,SKU-645389,PRODUCE,0,212.6,2739,13.77
2017-08-01,2,SKU-492653,MEATS,0,56.7,497,10.82
2017-08-02,2,SKU-492653,MEATS,0,58.0,700,10.82
2017-08-03,2,SKU-492653,MEATS,0,53.5,523,10.82
2017-08-04,2,SKU-492653,MEATS,0,56.6,517,10.82
2017-08-05,2,SKU-492653,MEATS,0,74.0,147,10.82
2017-08-06,2,SKU-492653,MEATS,0,67.5,874,10.82
2017-08-07,2,SKU-492653,MEATS,0,54.0,258,10.82
2017-08-08,2,SKU-492653,MEATS,0,54.6,451,10.82
2017-08-09,2,SKU-492653,MEATS,0,53.6,246,10.82
2017-08-10,2,SKU-492653,MEATS,1,77.4,788,10.82
2017-08-11,2,SKU-492653,MEATS,0,55.2,86,10.82
2017-08-12,2,SKU-492653,MEATS,0,73.4,1007,10.82
2017-08-13,2,SKU-492653,MEATS,0,67.6,141,10.82
2017-08-14,2,SKU-492653,MEATS,0,56.7,68,10.82
2017-08-15,2,SKU-492653,MEATS,1,74.9,957,10.82
2017-08-16,2,SKU-492653,MEATS,1,77.9,665,10.82
2017-08-01,2,SKU-421402,MEATS,0,242.7,1460,31.4
2017-08-02,2,SKU-421402,MEATS,0,239.6,2702,31.4
2017-08-03,2,SKU-421402,MEATS,0,259.8,532,31.4
2017-08-04,2,SKU-421402,MEATS,1,343.1,3533,31.4
2017-08-05,2,SKU-421402,MEATS,0,329.2,3869,31.4
2017-08-06,2,SKU-421402,MEATS,0,317.8,3212,31.4
2017-08-07,2,SKU-421402,MEATS,0,253.9,3013,31.4
2017-08-08,2,SKU-421402,MEATS,0,241.7,1429,31.4
2017-08-09,2,SKU-421402,MEATS,1,326.2,948,31.4
2017-08-10,2,SKU-421402,MEATS,0,259.0,237,31.4
2017-08-11,2,SKU-421402,MEATS,0,248.2,2628,31.4
2017-08-12,2,SKU-421402,MEATS,1,412.4,1821,31.4
2017-08-13,2,SKU-421402,MEATS,1,418.9,1269,31.4
2017-08-14,2,SKU-421402,MEATS,1,356.1,2780,31.4
2017-08-15,2,SKU-421402,MEATS,0,249.0,601,31.4
2017-08-16,2,SKU-421402,MEATS,1,348.8,4274,31.4
2017-08-01,2,SKU-662345,MEATS,0,175.4,479,10.82
2017-08-02,2,SKU-662345,MEATS,0,173.2,2313,10.82
2017-08-03,2,SKU-662345,MEATS,1,237.3,1770,10.82
2017-08-04,2,SKU-662345,MEATS,0,169.3,1306,10.82
2017-08-05,2,SKU-662345,MEATS,0,217.8,1207,10.82
2017-08-06,2,SKU-662345,MEATS,0,208.3,2026,10.82
2017-08-07,2,SKU-662345,MEATS,0,173.8,912,10.82
2017-08-08,2,SKU-662345,MEATS,0,175.0,1897,10.82
2017-08-09,2,SKU-662345,MEATS,0,172.5,908,10.82
2017-08-10,2,SKU-662345,MEATS,1,238.0,2296,10.82
2017-08-11,2,SKU-662345,MEATS,0,169.9,1531,10.82
2017-08-12,2,SKU-662345,MEATS,0,216.7,1899,10.82
2017-08-13,2,SKU-662345,MEATS,0,225.2,2495,10.82
2017-08-14,2,SKU-662345,MEATS,0,171.6,123,10.82
2017-08-15,2,SKU-662345,MEATS,0,166.3,1608,10.82
2017-08-16,2,SKU-662345,MEATS,1,231.6,1730,10.82
2017-08-01,2,SKU-550067,MEATS,1,92.9,601,6.65
2017-08-02,2,SKU-550067,MEATS,0,68.7,95,6.65
2017-08-03,2,SKU-550067,MEATS,1,90.1,759,6.65
2017-08-04,2,SKU-550067,MEATS,0,67.2,749,6.65
2017-08-05,2,SKU-550067,MEATS,0,83.6,127,6.65
2017-08-06,2,SKU-550067,MEATS,1,112.6,1275,6.65
2017-08-07,2,SKU-550067,MEATS,0,63.5,46,6.65
2017-08-08,2,SKU-550067,MEATS,0,64.3,508,6.65
2017-08-09,2,SKU-550067,MEATS,0,66.1,368,6.65
2017-08-10,2,SKU-550067,MEATS,0,67.3,601,6.65
2017-08-11,2,SKU-550067,MEATS,1,85.8,521,6.65
2017-08-12,2,SKU-550067,MEATS,0,82.6,770,6.65
2017-08-13,2,SKU-550067,MEATS,0,83.5,511,6.65
2017-08-14,2,SKU-550067,MEATS,1,92.9,407,6.65
2017-08-15,2,SKU-550067,MEATS,0,68.2,952,6.65
2017-08-16,2,SKU-550067,MEATS,0,65.0,857,6.65
2017-08-01,2,SKU-924726,MEATS,1,113.6,1234,10.25
2017-08-02,2,SKU-924726,MEATS,0,81.3,533,10.25
2017-08-03,2,SKU-924726,MEATS,0,81.3,44,10.25
2017-08-04,2,SKU-924726,MEATS,0,84.4,890,10.25
2017-08-05,2,SKU-924726,MEATS,0,102.8,538,10.25
2017-08-06,2,SKU-924726,MEATS,1,142.5,1525,10.25
2017-08-07,2,SKU-924726,MEATS,1,106.5,510,10.25
2017-08-08,2,SKU-924726,MEATS,0,79.9,846,10.25
2017-08-09,2,SKU-924726,MEATS,0,78.3,443,10.25
2017-08-10,2,SKU-924726,MEATS,1,106.7,918,10.25
2017-08-11,2,SKU-924726,MEATS,0,77.8,536,10.25
2017-08-12,2,SKU-924726,MEATS,1,138.7,1694,10.25
2017-08-13,2,SKU-924726,MEATS,0,98.4,1290,10.25
2017-08-14,2,SKU-924726,MEATS,0,81.9,910,10.25
2017-08-15,2,SKU-924726,MEATS,0,83.0,166,10.25
2017-08-16,2,SKU-924726,MEATS,0,78.4,892,10.25
2017-08-01,3,SKU-773400,BEVERAGES,0,212.0,1373,42.53
2017-08-02,3,SKU-773400,BEVERAGES,0,210.7,1782,42.53
2017-08-03,3,SKU-773400,BEVERAGES,1,297.6,3593,42.53
2017-08-04,3,SKU-773400,BEVERAGES,1,284.2,2619,42.53
2017-08-05,3,SKU-773400,BEVERAGES,1,356.2,4796,42.53
2017-08-06,3,SKU-773400,BEVERAGES,0,269.4,2680,42.53
2017-08-07,3,SKU-773400,BEVERAGES,1,277.8,2904,42.53
2017-08-08,3,SKU-773400,BEVERAGES,0,206.3,2245,42.53
2017-08-09,3,SKU-773400,BEVERAGES,0,214.6,976,42.53
2017-08-10,3,SKU-773400,BEVERAGES,0,213.6,1216,42.53
2017-08-11,3,SKU-773400,BEVERAGES,0,220.9,1586,42.53
2017-08-12,3,SKU-773400,BEVERAGES,1,356.9,1780,42.53
2017-08-13,3,SKU-773400,BEVERAGES,0,264.3,2018,42.53
2017-08-14,3,SKU-773400,BEVERAGES,0,211.1,406,42.53
2017-08-15,3,SKU-773400,BEVERAGES,0,204.2,369,42.53
2017-08-16,3,SKU-773400,BEVERAGES,1,288.1,2663,42.53
2017-08-01,3,SKU-883140,BEVERAGES,1,224.7,696,6.21
2017-08-02,3,SKU-883140,BEVERAGES,0,165.5,1244,6.21
2017-08-03,3,SKU-883140,BEVERAGES,0,163.0,614,6.21
2017-08-04,3,SKU-883140,BEVERAGES,0,161.3,1742,6.21
2017-08-05,3,SKU-883140,BEVERAGES,0,216.0,1655,6.21
2017-08-06,3,SKU-883140,BEVERAGES,0,223.1,36,6.21
2017-08-07,3,SKU-883140,BEVERAGES,0,164.0,392,6.21
2017-08-08,3,SKU-883140,BEVERAGES,0,172.2,1113,6.21
2017-08-09,3,SKU-883140,BEVERAGES,1,222.2,973,6.21
2017-08-10,3,SKU-883140,BEVERAGES,1,236.1,1558,6.21
2017-08-11,3,SKU-883140,BEVERAGES,0,175.1,1184,6.21
2017-08-12,3,SKU-883140,BEVERAGES,0,220.8,1666,6.21
2017-08-13,3,SKU-883140,BEVERAGES,0,213.9,1243,6.21
2017-08-14,3,SKU-883140,BEVERAGES,1,219.9,2695,6.21
2017-08-15,3,SKU-883140,BEVERAGES,0,167.6,388,6.21
2017-08-16,3,SKU-883140,BEVERAGES,1,238.2,1258,6.21
2017-08-01,3,SKU-658005,BEVERAGES,0,258.7,94,42.48
2017-08-02,3,SKU-658005,BEVERAGES,0,262.2,3344,42.48
2017-08-03,3,SKU-658005,BEVERAGES,1,339.5,451,42.48
2017-08-04,3,SKU-658005,BEVERAGES,0,262.0,984,42.48
2017-08-05,3,SKU-658005,BEVERAGES,1,464.5,2624,42.48
2017-08-06,3,SKU-658005,BEVERAGES,1,440.3,4544,42.48
2017-08-07,3,SKU-658005,BEVERAGES,0,251.3,3265,42.48
2017-08-08,3,SKU-658005,BEVERAGES,0,267.3,1380,42.48
2017-08-09,3,SKU-658005,BEVERAGES,0,250.8,1747,42.48
2017-08-10,3,SKU-658005,BEVERAGES,0,256.9,2504,42.48
2017-08-11,3,SKU-658005,BEVERAGES,0,266.5,1842,42.48
2017-08-12,3,SKU-658005,BEVERAGES,1,444.9,2810,42.48
2017-08-13,3,SKU-658005,BEVERAGES,0,323.6,201,42.48
2017-08-14,3,SKU-658005,BEVERAGES,0,254.6,1091,42.48
2017-08-15,3,SKU-658005,BEVERAGES,1,346.5,1182,42.48
2017-08-16,3,SKU-658005,BEVERAGES,0,268.4,496,42.48
2017-08-01,3,SKU-703350,BEVERAGES,0,218.3,2341,20.41
2017-08-02,3,SKU-703350,BEVERAGES,1,306.5,4108,20.41
2017-08-03,3,SKU-703350,BEVERAGES,0,219.2,2082,20.41
2017-08-04,3,SKU-703350,BEVERAGES,1,296.1,326,20.41
2017-08-05,3,SKU-703350,BEVERAGES,1,402.9,3639,20.41
2017-08-06,3,SKU-703350,BEVERAGES,0,299.0,3740,20.41
2017-08-07,3,SKU-703350,BEVERAGES,0,232.8,2660,20.41
2017-08-08,3,SKU-703350,BEVERAGES,1,314.8,2840,20.41
2017-08-09,3,SKU-703350,BEVERAGES,0,224.8,1975,20.41
2017-08-10,3,SKU-703350,BEVERAGES,1,318.7,2090,20.41
2017-08-11,3,SKU-703350,BEVERAGES,0,224.3,2102,20.41
2017-08-12,3,SKU-703350,BEVERAGES,0,271.1,2058,20.41
2017-08-13,3,SKU-703350,BEVERAGES,0,271.4,3008,20.41
2017-08-14,3,SKU-703350,BEVERAGES,0,221.9,208,20.41
2017-08-15,3,SKU-703350,BEVERAGES,0,231.5,1604,20.41
2017-08-16,3,SKU-703350,BEVERAGES,1,301.3,1140,20.41
2017-08-01,3,SKU-906180,BEVERAGES,0,115.8,171,32.31
2017-08-02,3,SKU-906180,BEVERAGES,1,153.4,1396,32.31
2017-08-03,3,SKU-906180,BEVERAGES,1,150.9,1870,32.31
2017-08-04,3,SKU-906180,BEVERAGES,0,114.3,299,32.31
2017-08-05,3,SKU-906180,BEVERAGES,1,201.4,594,32.31
2017-08-06,3,SKU-906180,BEVERAGES,0,150.0,1463,32.31
2017-08-07,3,SKU-906180,BEVERAGES,1,154.5,1552,32.31
2017-08-08,3,SKU-906180,BEVERAGES,0,111.8,993,32.31
2017-08-09,3,SKU-906180,BEVERAGES,1,152.5,989,32.31
2017-08-10,3,SKU-906180,BEVERAGES,0,115.6,1366,32.31
2017-08-11,3,SKU-906180,BEVERAGES,1,148.6,2077,32.31
2017-08-12,3,SKU-906180,BEVERAGES,1,203.5,1858,32.31
2017-08-13,3,SKU-906180,BEVERAGES,1,188.8,925,32.31
2017-08-14,3,SKU-906180,BEVERAGES,1,150.8,174,32.31
2017-08-15,3,SKU-906180,BEVERAGES,1,160.7,374,32.31
2017-08-16,3,SKU-906180,BEVERAGES,1,158.4,1158,32.31
2017-08-01,3,SKU-839026,PRODUCE,0,159.4,1793,32.35
2017-08-02,3,SKU-839026,PRODUCE,1,219.1,1890,32.35
2017-08-03,3,SKU-839026,PRODUCE,0,168.8,2040,32.35
2017-08-04,3,SKU-839026,PRODUCE,0,171.2,1186,32.35
2017-08-05,3,SKU-839026,PRODUCE,0,213.6,2759,32.35
2017-08-06,3,SKU-839026,PRODUCE,0,200.5,508,32.35
2017-08-07,3,SKU-839026,PRODUCE,1,229.7,1980,32.35
2017-08-08,3,SKU-839026,PRODUCE,0,172.9,1969,32.35
2017-08-09,3,SKU-839026,PRODUCE,0,163.9,171,32.35
2017-08-10,3,SKU-839026,PRODUCE,0,170.2,233,32.35
2017-08-11,3,SKU-839026,PRODUCE,0,163.0,1746,32.35
2017-08-12,3,SKU-839026,PRODUCE,0,202.6,1498,32.35
2017-08-13,3,SKU-839026,PRODUCE,0,203.7,2401,32.35
2017-08-14,3,SKU-839026,PRODUCE,0,163.4,38,32.35
2017-08-15,3,SKU-839026,PRODUCE,0,163.2,133,32.35
2017-08-16,3,SKU-839026,PRODUCE,0,159.7,1571,32.35
2017-08-01,3,SKU-752307,PRODUCE,0,211.2,1772,6.3
2017-08-02,3,SKU-752307,PRODUCE,0,221.3,1608,6.3
2017-08-03,3,SKU-752307,PRODUCE,1,299.4,2447,6.3
2017-08-04,3,SKU-752307,PRODUCE,0,230.6,2511,6.3
2017-08-05,3,SKU-752307,PRODUCE,0,288.4,1751,6.3
2017-08-06,3,SKU-752307,PRODUCE,1,388.5,1035,6.3
2017-08-07,3,SKU-752307,PRODUCE,1,291.7,1221,6.3
2017-08-08,3,SKU-752307,PRODUCE,0,225.7,733,6.3
2017-08-09,3,SKU-752307,PRODUCE,0,225.5,548,6.3
2017-08-10,3,SKU-752307,PRODUCE,0,214.9,1149,6.3
2017-08-11,3,SKU-752307,PRODUCE,0,210.7,2863,6.3
2017-08-12,3,SKU-752307,PRODUCE,1,369.7,1656,6.3
2017-08-13,3,SKU-752307,PRODUCE,0,282.3,587,6.3
2017-08-14,3,SKU-752307,PRODUCE,0,228.6,827,6.3
2017-08-15,3,SKU-752307,PRODUCE,0,228.9,2128,6.3
2017-08-16,3,SKU-752307,PRODUCE,0,224.8,71,6.3
2017-08-01,3,SKU-301664,PRODUCE,0,143.5,1452,21.41
2017-08-02,3,SKU-301664,PRODUCE,0,145.1,650,21.41
2017-08-03,3,SKU-301664,PRODUCE,1,182.4,439,21.41
2017-08-04,3,SKU-301664,PRODUCE,0,141.7,1284,21.41
2017-08-05,3,SKU-301664,PRODUCE,0,169.9,894,21.41
2017-08-06,3,SKU-301664,PRODUCE,0,180.4,412,21.41
2017-08-07,3,SKU-301664,PRODUCE,0,144.0,223,21.41
2017-08-08,3,SKU-301664,PRODUCE,0,133.4,813,21.41
2017-08-09,3,SKU-301664,PRODUCE,0,142.4,597,21.41
2017-08-10,3,SKU-301664,PRODUCE,1,183.3,2136,21.41
2017-08-11,3,SKU-301664,PRODUCE,0,141.6,423,21.41
2017-08-12,3,SKU-301664,PRODUCE,0,176.8,1527,21.41
2017-08-13,3,SKU-301664,PRODUCE,0,185.4,2544,21.41
2017-08-14,3,SKU-301664,PRODUCE,0,146.7,376,21.41
2017-08-15,3,SKU-301664,PRODUCE,0,134.0,1106,21.41
2017-08-16,3,SKU-301664,PRODUCE,0,146.9,300,21.41
2017-08-01,3,SKU-251633,PRODUCE,0,205.5,2075,28.63
2017-08-02,3,SKU-251633,PRODUCE,0,204.0,927,28.63
2017-08-03,3,SKU-251633,PRODUCE,0,215.2,2027,28.63
2017-08-04,3,SKU-251633,PRODUCE,0,205.3,2561,28.63
2017-08-05,3,SKU-251633,PRODUCE,0,273.1,3629,28.63
2017-08-06,3,SKU-251633,PRODUCE,0,271.7,1387,28.63
2017-08-07,3,SKU-251633,PRODUCE,1,276.0,1709,28.63
2017-08-08,3,SKU-251633,PRODUCE,0,211.8,109,28.63
2017-08-09,3,SKU-251633,PRODUCE,0,199.7,973,28.63
2017-08-10,3,SKU-251633,PRODUCE,0,205.5,967,28.63
2017-08-11,3,SKU-251633,PRODUCE,0,198.9,102,28.63
2017-08-12,3,SKU-251633,PRODUCE,0,272.2,449,28.63
2017-08-13,3,SKU-251633,PRODUCE,1,359.8,3214,28.63
2017-08-14,3,SKU-251633,PRODUCE,0,212.9,327,28.63
2017-08-15,3,SKU-251633,PRODUCE,0,210.2,1731,28.63
2017-08-16,3,SKU-251633,PRODUCE,1,266.4,2579,28.63
2017-08-01,3,SKU-495924,PRODUCE,0,195.3,2307,32.38
2017-08-02,3,SKU-495924,PRODUCE,0,192.8,2354,32.38
2017-08-03,3,SKU-495924,PRODUCE,0,190.7,1838,32.38
2017-08-04,3,SKU-495924,PRODUCE,0,200.7,451,32.38
2017-08-05,3,SKU-495924,PRODUCE,0,239.7,3198,32.38
2017-08-06,3,SKU-495924,PRODUCE,0,244.2,58,32.38
2017-08-07,3,SKU-495924,PRODUCE,0,194.9,196,32.38
2017-08-08,3,SKU-495924,PRODUCE,0,195.6,2103,32.38
2017-08-09,3,SKU-495924,PRODUCE,0,195.4,622,32.38
2017-08-10,3,SKU-495924,PRODUCE,1,270.8,589,32.38
2017-08-11,3,SKU-495924,PRODUCE,1,253.7,204,32.38
2017-08-12,3,SKU-495924,PRODUCE,0,258.4,1885,32.38
2017-08-13,3,SKU-495924,PRODUCE,1,326.0,2242,32.38
2017-08-14,3,SKU-495924,PRODUCE,0,202.9,73,32.38
2017-08-15,3,SKU-495924,PRODUCE,0,189.7,2283,32.38
2017-08-16,3,SKU-495924,PRODUCE,0,194.6,1230,32.38
2017-08-01,3,SKU-103098,MEATS,0,292.8,2963,38.92
2017-08-02,3,SKU-103098,MEATS,0,278.9,288,38.92
2017-08-03,3,SKU-103098,MEATS,0,287.3,1560,38.92
2017-08-04,3,SKU-103098,MEATS,0,283.2,3459,38.92
2017-08-05,3,SKU-103098,MEATS,0,350.2,784,38.92
2017-08-06,3,SKU-103098,MEATS,0,340.3,3170,38.92
2017-08-07,3,SKU-103098,MEATS,0,272.0,3566,38.92
2017-08-08,3,SKU-103098,MEATS,0,278.7,94,38.92
2017-08-09,3,SKU-103098,MEATS,0,280.5,1269,38.92
2017-08-10,3,SKU-103098,MEATS,0,277.0,2610,38.92
2017-08-11,3,SKU-103098,MEATS,1,379.8,3140,38.92
2017-08-12,3,SKU-103098,MEATS,0,346.8,794,38.92
2017-08-13,3,SKU-103098,MEATS,0,344.5,2510,38.92
2017-08-14,3,SKU-103098,MEATS,0,293.0,810,38.92
2017-08-15,3,SKU-103098,MEATS,0,289.4,2274,38.92
2017-08-16,3,SKU-103098,MEATS,0,273.8,160,38.92
2017-08-01,3,SKU-204405,MEATS,0,55.0,308,3.95
2017-08-02,3,SKU-204405,MEATS,0,54.7,528,3.95
2017-08-03,3,SKU-204405,MEATS,0,54.2,328,3.95
2017-08-04,3,SKU-204405,MEATS,0,54.7,453,3.95
2017-08-05,3,SKU-204405,MEATS,0,67.8,687,3.95
2017-08-06,3,SKU-204405,MEATS,0,71.8,30,3.95
2017-08-07,3,SKU-204405,MEATS,1,73.4,429,3.95
2017-08-08,3,SKU-204405,MEATS,0,51.9,206,3.95
2017-08-09,3,SKU-204405,MEATS,0,55.5,254,3.95
2017-08-10,3,SKU-204405,MEATS,1,71.5,902,3.95
2017-08-11,3,SKU-204405,MEATS,0,52.5,300,3.95
2017-08-12,3,SKU-204405,MEATS,0,66.9,479,3.95
2017-08-13,3,SKU-204405,MEATS,0,71.8,509,3.95
2017-08-14,3,SKU-204405,MEATS,1,77.0,933,3.95
2017-08-15,3,SKU-204405,MEATS,0,52.6,168,3.95
2017-08-16,3,SKU-204405,MEATS,0,54.2,119,3.95
2017-08-01,3,SKU-408068,MEATS,0,28.7,320,33.42
2017-08-02,3,SKU-408068,MEATS,0,28.4,311,33.42
2017-08-03,3,SKU-408068,MEATS,0,27.3,135,33.42
2017-08-04,3,SKU-408068,MEATS,0,28.5,60,33.42
2017-08-05,3,SKU-408068,MEATS,0,34.9,412,33.42
2017-08-06,3,SKU-408068,MEATS,0,37.0,227,33.42
2017-08-07,3,SKU-408068,MEATS,1,38.2,336,33.42
2017-08-08,3,SKU-408068,MEATS,0,29.1,178,33.42
2017-08-09,3,SKU-408068,MEATS,0,28.4,332,33.42
2017-08-10,3,SKU-408068,MEATS,0,27.9,265,33.42
2017-08-11,3,SKU-408068,MEATS,0,29.5,349,33.42
2017-08-12,3,SKU-408068,MEATS,0,35.2,386,33.42
2017-08-13,3,SKU-408068,MEATS,0,37.5,137,33.42
2017-08-14,3,SKU-408068,MEATS,0,27.1,246,33.42
2017-08-15,3,SKU-408068,MEATS,1,36.3,371,33.42
2017-08-16,3,SKU-408068,MEATS,0,29.0,150,33.42
2017-08-01,3,SKU-890023,MEATS,1,247.5,2656,34.6
2017-08-02,3,SKU-890023,MEATS,0,183.3,1087,34.6
2017-08-03,3,SKU-890023,MEATS,1,254.8,1922,34.6
2017-08-04,3,SKU-890023,MEATS,1,253.1,2184,34.6
2017-08-05,3,SKU-890023,MEATS,0,236.7,2308,34.6
2017-08-06,3,SKU-890023,MEATS,1,324.3,3491,34.6
2017-08-07,3,SKU-890023,MEATS,0,183.9,1297,34.6
2017-08-08,3,SKU-890023,MEATS,0,184.7,1342,34.6
2017-08-09,3,SKU-890023,MEATS,0,184.9,1335,34.6
2017-08-10,3,SKU-890023,MEATS,0,197.5,1787,34.6
2017-08-11,3,SKU-890023,MEATS,0,197.5,2172,34.6
2017-08-12,3,SKU-890023,MEATS,0,230.4,2183,34.6
2017-08-13,3,SKU-890023,MEATS,0,246.2,2549,34.6
2017-08-14,3,SKU-890023,MEATS,0,198.6,1488,34.6
2017-08-15,3,SKU-890023,MEATS,0,195.6,697,34.6
2017-08-16,3,SKU-890023,MEATS,1,267.4,2611,34.6
2017-08-01,3,SKU-456043,MEATS,0,30.0,305,23.32
2017-08-02,3,SKU-456043,MEATS,1,39.8,554,23.32
2017-08-03,3,SKU-456043,MEATS,1,41.4,337,23.32
2017-08-04,3,SKU-456043,MEATS,0,29.1,14,23.32
2017-08-05,3,SKU-456043,MEATS,0,38.1,325,23.32
2017-08-06,3,SKU-456043,MEATS,1,48.1,113,23.32
2017-08-07,3,SKU-456043,MEATS,1,39.3,73,23.32
2017-08-08,3,SKU-456043,MEATS,1,41.0,240,23.32
2017-08-09,3,SKU-456043,MEATS,1,40.6,451,23.32
2017-08-10,3,SKU-456043,MEATS,1,38.2,336,23.32
2017-08-11,3,SKU-456043,MEATS,0,28.2,357,23.32
2017-08-12,3,SKU-456043,MEATS,0,38.2,450,23.32
2017-08-13,3,SKU-456043,MEATS,1,52.2,358,23.32
2017-08-14,3,SKU-456043,MEATS,0,28.5,165,23.32
2017-08-15,3,SKU-456043,MEATS,0,29.7,280,23.32
2017-08-16,3,SKU-456043,MEATS,1,40.8,371,23.32
2017-08-01,4,SKU-664772,BEVERAGES,0,73.7,538,41.12
2017-08-02,4,SKU-664772,BEVERAGES,0,73.2,617,41.12
2017-08-03,4,SKU-664772,BEVERAGES,0,72.0,381,41.12
2017-08-04,4,SKU-664772,BEVERAGES,1,102.3,611,41.12
2017-08-05,4,SKU-664772,BEVERAGES,0,93.9,1231,41.12
2017-08-06,4,SKU-664772,BEVERAGES,0,96.8,1208,41.12
2017-08-07,4,SKU-664772,BEVERAGES,1,98.5,415,41.12
2017-08-08,4,SKU-664772,BEVERAGES,1,97.5,1110,41.12
2017-08-09,4,SKU-664772,BEVERAGES,1,104.0,154,41.12
2017-08-10,4,SKU-664772,BEVERAGES,1,103.5,1205,41.12
2017-08-11,4,SKU-664772,BEVERAGES,0,71.8,381,41.12
2017-08-12,4,SKU-664772,BEVERAGES,0,95.7,1229,41.12
2017-08-13,4,SKU-664772,BEVERAGES,0,98.5,10,41.12
2017-08-14,4,SKU-664772,BEVERAGES,0,71.8,336,41.12
2017-08-15,4,SKU-664772,BEVERAGES,1,97.6,832,41.12
2017-08-16,4,SKU-664772,BEVERAGES,0,78.6,143,41.12
2017-08-01,4,SKU-588720,BEVERAGES,0,120.2,44,40.98
2017-08-02,4,SKU-588720,BEVERAGES,0,121.3,405,40.98
2017-08-03,4,SKU-588720,BEVERAGES,0,121.4,1170,40.98
2017-08-04,4,SKU-588720,BEVERAGES,1,158.5,1264,40.98
2017-08-05,4,SKU-588720,BEVERAGES,1,212.2,2830,40.98
2017-08-06,4,SKU-588720,BEVERAGES,0,155.5,1353,40.98
2017-08-07,4,SKU-588720,BEVERAGES,0,123.5,1173,40.98
2017-08-08,4,SKU-588720,BEVERAGES,0,114.6,1344,40.98
2017-08-09,4,SKU-588720,BEVERAGES,0,114.8,692,40.98
2017-08-10,4,SKU-588720,BEVERAGES,0,124.6,825,40.98
2017-08-11,4,SKU-588720,BEVERAGES,0,124.8,931,40.98
2017-08-12,4,SKU-588720,BEVERAGES,0,155.6,970,40.98
2017-08-13,4,SKU-588720,BEVERAGES,0,154.5,1735,40.98
2017-08-14,4,SKU-588720,BEVERAGES,1,169.3,1866,40.98
2017-08-15,4,SKU-588720,BEVERAGES,1,167.3,10,40.98
2017-08-16,4,SKU-588720,BEVERAGES,0,122.5,1032,40.98
2017-08-01,4,SKU-451169,BEVERAGES,0,230.0,3081,7.41
2017-08-02,4,SKU-451169,BEVERAGES,0,218.3,577,7.41
2017-08-03,4,SKU-451169,BEVERAGES,0,226.8,3018,7.41
2017-08-04,4,SKU-451169,BEVERAGES,0,216.4,1831,7.41
2017-08-05,4,SKU-451169,BEVERAGES,0,288.7,3519,7.41
2017-08-06,4,SKU-451169,BEVERAGES,0,272.5,1126,7.41
2017-08-07,4,SKU-451169,BEVERAGES,0,226.5,1433,7.41
2017-08-08,4,SKU-451169,BEVERAGES,0,219.0,2512,7.41
2017-08-09,4,SKU-451169,BEVERAGES,0,227.4,2858,7.41
2017-08-10,4,SKU-451169,BEVERAGES,1,293.4,899,7.41
2017-08-11,4,SKU-451169,BEVERAGES,0,215.9,540,7.41
2017-08-12,4,SKU-451169,BEVERAGES,0,276.7,3354,7.41
2017-08-13,4,SKU-451169,BEVERAGES,0,281.4,3008,7.41
2017-08-14,4,SKU-451169,BEVERAGES,1,307.9,3145,7.41
2017-08-15,4,SKU-451169,BEVERAGES,1,291.5,2058,7.41
2017-08-16,4,SKU-451169,BEVERAGES,0,208.8,709,7.41
2017-08-01,4,SKU-965885,BEVERAGES,1,247.4,51,34.09
2017-08-02,4,SKU-965885,BEVERAGES,0,185.2,730,34.09
2017-08-03,4,SKU-965885,BEVERAGES,0,176.2,673,34.09
2017-08-04,4,SKU-965885,BEVERAGES,0,190.2,1644,34.09
2017-08-05,4,SKU-965885,BEVERAGES,1,323.9,951,34.09
2017-08-06,4,SKU-965885,BEVERAGES,0,235.5,2859,34.09
2017-08-07,4,SKU-965885,BEVERAGES,0,190.5,40,34.09
2017-08-08,4,SKU-965885,BEVERAGES,0,183.8,1212,34.09
2017-08-09,4,SKU-965885,BEVERAGES,0,179.2,73,34.09
2017-08-10,4,SKU-965885,BEVERAGES,0,188.7,2338,34.09
2017-08-11,4,SKU-965885,BEVERAGES,0,181.0,1302,34.09
2017-08-12,4,SKU-965885,BEVERAGES,0,225.7,601,34.09
2017-08-13,4,SKU-965885,BEVERAGES,1,322.5,2428,34.09
2017-08-14,4,SKU-965885,BEVERAGES,1,235.8,2012,34.09
2017-08-15,4,SKU-965885,BEVERAGES,1,244.0,838,34.09
2017-08-16,4,SKU-965885,BEVERAGES,1,251.1,3164,34.09
2017-08-01,4,SKU-285846,BEVERAGES,0,263.1,3620,36.62
2017-08-02,4,SKU-285846,BEVERAGES,0,260.4,1617,36.62
2017-08-03,4,SKU-285846,BEVERAGES,0,281.2,2320,36.62
2017-08-04,4,SKU-285846,BEVERAGES,0,272.6,1901,36.62
2017-08-05,4,SKU-285846,BEVERAGES,0,342.8,3439,36.62
2017-08-06,4,SKU-285846,BEVERAGES,0,347.7,1112,36.62
2017-08-07,4,SKU-285846,BEVERAGES,0,259.3,1356,36.62
2017-08-08,4,SKU-285846,BEVERAGES,1,374.2,2011,36.62
2017-08-09,4,SKU-285846,BEVERAGES,0,274.3,933,36.62
2017-08-10,4,SKU-285846,BEVERAGES,0,281.0,2433,36.62
2017-08-11,4,SKU-285846,BEVERAGES,1,356.4,3510,36.62
2017-08-12,4,SKU-285846,BEVERAGES,0,330.9,2376,36.62
2017-08-13,4,SKU-285846,BEVERAGES,0,327.7,1213,36.62
2017-08-14,4,SKU-285846,BEVERAGES,0,273.9,1892,36.62
2017-08-15,4,SKU-285846,BEVERAGES,0,259.6,381,36.62
2017-08-16,4,SKU-285846,BEVERAGES,0,257.5,2721,36.62
2017-08-01,4,SKU-113338,PRODUCE,0,268.8,3242,31.21
2017-08-02,4,SKU-113338,PRODUCE,0,292.0,73,31.21
2017-08-03,4,SKU-113338,PRODUCE,0,280.6,796,31.21
2017-08-04,4,SKU-113338,PRODUCE,0,280.8,493,31.21
2017-08-05,4,SKU-113338,PRODUCE,0,361.3,4186,31.21
2017-08-06,4,SKU-113338,PRODUCE,0,341.3,1475,31.21
2017-08-07,4,SKU-113338,PRODUCE,0,294.2,3575,31.21
2017-08-08,4,SKU-113338,PRODUCE,0,270.4,3385,31.21
2017-08-09,4,SKU-113338,PRODUCE,1,394.9,4673,31.21
2017-08-10,4,SKU-113338,PRODUCE,0,273.4,1832,31.21
2017-08-11,4,SKU-113338,PRODUCE,0,282.2,2133,31.21
2017-08-12,4,SKU-113338,PRODUCE,0,352.1,2145,31.21
2017-08-13,4,SKU-113338,PRODUCE,0,355.2,4032,31.21
2017-08-14,4,SKU-113338,PRODUCE,1,378.0,2750,31.21
2017-08-15,4,SKU-113338,PRODUCE,0,287.4,1633,31.21
2017-08-16,4,SKU-113338,PRODUCE,0,293.0,1899,31.21
2017-08-01,4,SKU-942495,PRODUCE,0,58.4,62,23.82
2017-08-02,4,SKU-942495,PRODUCE,1,80.8,712,23.82
2017-08-03,4,SKU-942495,PRODUCE,1,82.9,551,23.82
2017-08-04,4,SKU-942495,PRODUCE,0,59.6,537,23.82
2017-08-05,4,SKU-942495,PRODUCE,0,78.8,966,23.82
2017-08-06,4,SKU-942495,PRODUCE,0,73.4,651,23.82
2017-08-07,4,SKU-942495,PRODUCE,0,57.4,715,23.82
2017-08-08,4,SKU-942495,PRODUCE,0,62.9,634,23.82
2017-08-09,4,SKU-942495,PRODUCE,1,79.0,266,23.82
2017-08-10,4,SKU-942495,PRODUCE,0,58.3,256,23.82
2017-08-11,4,SKU-942495,PRODUCE,0,58.3,175,23.82
2017-08-12,4,SKU-942495,PRODUCE,1,99.4,49,23.82
2017-08-13,4,SKU-942495,PRODUCE,0,79.8,376,23.82
2017-08-14,4,SKU-942495,PRODUCE,0,60.7,771,23.82
2017-08-15,4,SKU-942495,PRODUCE,1,82.4,370,23.82
2017-08-16,4,SKU-942495,PRODUCE,0,57.8,552,23.82
2017-08-01,4,SKU-128004,PRODUCE,0,277.1,2744,12.83
2017-08-02,4,SKU-128004,PRODUCE,1,361.0,1330,12.83
2017-08-03,4,SKU-128004,PRODUCE,0,271.2,3268,12.83
2017-08-04,4,SKU-128004,PRODUCE,0,284.1,2313,12.83
2017-08-05,4,SKU-128004,PRODUCE,1,462.6,5386,12.83
2017-08-06,4,SKU-128004,PRODUCE,0,350.1,1056,12.83
2017-08-07,4,SKU-128004,PRODUCE,0,270.8,1018,12.83
2017-08-08,4,SKU-128004,PRODUCE,1,359.8,3968,12.83
2017-08-09,4,SKU-128004,PRODUCE,1,354.5,3472,12.83
2017-08-10,4,SKU-128004,PRODUCE,0,263.2,1490,12.83
2017-08-11,4,SKU-128004,PRODUCE,1,354.2,2919,12.83
2017-08-12,4,SKU-128004,PRODUCE,0,361.5,434,12.83
2017-08-13,4,SKU-128004,PRODUCE,0,354.7,3325,12.83
2017-08-14,4,SKU-128004,PRODUCE,1,384.4,235,12.83
2017-08-15,4,SKU-128004,PRODUCE,0,273.0,1192,12.83
2017-08-16,4,SKU-128004,PRODUCE,0,272.7,1656,12.83
2017-08-01,4,SKU-159332,PRODUCE,0,213.4,154,23.11
2017-08-02,4,SKU-159332,PRODUCE,0,218.0,1789,23.11
2017-08-03,4,SKU-159332,PRODUCE,1,284.4,2984,23.11
2017-08-04,4,SKU-159332,PRODUCE,0,222.0,2219,23.11
2017-08-05,4,SKU-159332,PRODUCE,0,279.5,2616,23.11
2017-08-06,4,SKU-159332,PRODUCE,0,271.5,3357,23.11
2017-08-07,4,SKU-159332,PRODUCE,0,208.5,2398,23.11
2017-08-08,4,SKU-159332,PRODUCE,1,286.9,628,23.11
2017-08-09,4,SKU-159332,PRODUCE,0,216.6,2446,23.11
2017-08-10,4,SKU-159332,PRODUCE,0,208.8,236,23.11
2017-08-11,4,SKU-159332,PRODUCE,1,271.5,186,23.11
2017-08-12,4,SKU-159332,PRODUCE,0,271.2,1590,23.11
2017-08-13,4,SKU-159332,PRODUCE,0,278.3,759,23.11
2017-08-14,4,SKU-159332,PRODUCE,0,220.9,1326,23.11
2017-08-15,4,SKU-159332,PRODUCE,0,202.7,2244,23.11
2017-08-16,4,SKU-159332,PRODUCE,0,218.0,782,23.11
2017-08-01,4,SKU-595951,PRODUCE,0,31.0,108,10.19
2017-08-02,4,SKU-595951,PRODUCE,0,32.4,325,10.19
2017-08-03,4,SKU-595951,PRODUCE,0,29.9,293,10.19
2017-08-04,4,SKU-595951,PRODUCE,0,32.1,119,10.19
2017-08-05,4,SKU-595951,PRODUCE,0,38.9,469,10.19
2017-08-06,4,SKU-595951,PRODUCE,0,39.7,87,10.19
2017-08-07,4,SKU-595951,PRODUCE,1,43.9,272,10.19
2017-08-08,4,SKU-595951,PRODUCE,0,32.6,242,10.19
2017-08-09,4,SKU-595951,PRODUCE,0,31.5,307,10.19
2017-08-10,4,SKU-595951,PRODUCE,0,32.2,201,10.19
2017-08-11,4,SKU-595951,PRODUCE,0,32.1,175,10.19
2017-08-12,4,SKU-595951,PRODUCE,0,40.0,494,10.19
2017-08-13,4,SKU-595951,PRODUCE,1,55.7,677,10.19
2017-08-14,4,SKU-595951,PRODUCE,0,30.9,355,10.19
2017-08-15,4,SKU-595951,PRODUCE,0,31.5,271,10.19
2017-08-16,4,SKU-595951,PRODUCE,0,32.5,233,10.19
2017-08-01,4,SKU-892846,MEATS,0,55.4,196,27.23
2017-08-02,4,SKU-892846,MEATS,1,74.8,896,27.23
2017-08-03,4,SKU-892846,MEATS,0,57.6,285,27.23
2017-08-04,4,SKU-892846,MEATS,0,59.9,128,27.23
2017-08-05,4,SKU-892846,MEATS,0,73.8,261,27.23
2017-08-06,4,SKU-892846,MEATS,0,75.6,503,27.23
2017-08-07,4,SKU-892846,MEATS,1,81.1,384,27.23
2017-08-08,4,SKU-892846,MEATS,0,57.6,508,27.23
2017-08-09,4,SKU-892846,MEATS,0,60.8,522,27.23
2017-08-10,4,SKU-892846,MEATS,0,58.9,332,27.23
2017-08-11,4,SKU-892846,MEATS,1,78.9,55,27.23
2017-08-12,4,SKU-892846,MEATS,0,76.0,603,27.23
2017-08-13,4,SKU-892846,MEATS,1,94.7,398,27.23
2017-08-14,4,SKU-892846,MEATS,0,58.3,318,27.23
2017-08-15,4,SKU-892846,MEATS,0,58.9,446,27.23
2017-08-16,4,SKU-892846,MEATS,0,57.9,607,27.23
2017-08-01,4,SKU-931284,MEATS,0,235.5,350,38.06
2017-08-02,4,SKU-931284,MEATS,1,296.8,353,38.06
2017-08-03,4,SKU-931284,MEATS,0,227.1,2887,38.06
2017-08-04,4,SKU-931284,MEATS,0,222.9,1567,38.06
2017-08-05,4,SKU-931284,MEATS,0,283.2,2753,38.06
2017-08-06,4,SKU-931284,MEATS,1,402.1,5476,38.06
2017-08-07,4,SKU-931284,MEATS,0,232.7,1290,38.06
2017-08-08,4,SKU-931284,MEATS,0,227.2,3161,38.06
2017-08-09,4,SKU-931284,MEATS,1,321.4,3758,38.06
2017-08-10,4,SKU-931284,MEATS,1,317.2,2044,38.06
2017-08-11,4,SKU-931284,MEATS,0,224.8,73,38.06
2017-08-12,4,SKU-931284,MEATS,0,287.9,2121,38.06
2017-08-13,4,SKU-931284,MEATS,1,404.4,923,38.06
2017-08-14,4,SKU-931284,MEATS,0,226.0,1147,38.06
2017-08-15,4,SKU-931284,MEATS,1,308.2,2472,38.06
2017-08-16,4,SKU-931284,MEATS,1,316.9,595,38.06
2017-08-01,4,SKU-303570,MEATS,0,144.4,1938,41.1
2017-08-02,4,SKU-303570,MEATS,1,199.8,713,41.1
2017-08-03,4,SKU-303570,MEATS,0,138.4,1179,41.1
2017-08-04,4,SKU-303570,MEATS,0,149.2,1703,41.1
2017-08-05,4,SKU-303570,MEATS,0,175.8,72,41.1
2017-08-06,4,SKU-303570,MEATS,1,248.7,2478,41.1
2017-08-07,4,SKU-303570,MEATS,0,144.5,1514,41.1
2017-08-08,4,SKU-303570,MEATS,0,145.9,1615,41.1
2017-08-09,4,SKU-303570,MEATS,0,138.1,1032,41.1
2017-08-10,4,SKU-303570,MEATS,0,148.2,1495,41.1
2017-08-11,4,SKU-303570,MEATS,1,197.6,195,41.1
2017-08-12,4,SKU-303570,MEATS,0,188.0,448,41.1
2017-08-13,4,SKU-303570,MEATS,0,187.5,873,41.1
2017-08-14,4,SKU-303570,MEATS,0,145.2,1752,41.1
2017-08-15,4,SKU-303570,MEATS,0,150.8,1268,41.1
2017-08-16,4,SKU-303570,MEATS,1,186.9,339,41.1
2017-08-01,4,SKU-467057,MEATS,1,349.4,220,20.88
2017-08-02,4,SKU-467057,MEATS,0,258.5,1446,20.88
2017-08-03,4,SKU-467057,MEATS,0,257.1,1215,20.88
2017-08-04,4,SKU-467057,MEATS,0,261.1,2168,20.88
2017-08-05,4,SKU-467057,MEATS,1,439.6,418,20.88
2017-08-06,4,SKU-467057,MEATS,0,309.4,1395,20.88
2017-08-07,4,SKU-467057,MEATS,0,252.7,1754,20.88
2017-08-08,4,SKU-467057,MEATS,0,246.7,1882,20.88
2017-08-09,4,SKU-467057,MEATS,0,240.4,2189,20.88
2017-08-10,4,SKU-467057,MEATS,0,246.6,2454,20.88
2017-08-11,4,SKU-467057,MEATS,0,251.4,1184,20.88
2017-08-12,4,SKU-467057,MEATS,0,305.6,4026,20.88
2017-08-13,4,SKU-467057,MEATS,0,331.1,2437,20.88
2017-08-14,4,SKU-467057,MEATS,0,247.0,1079,20.88
2017-08-15,4,SKU-467057,MEATS,0,245.8,1587,20.88
2017-08-16,4,SKU-467057,MEATS,0,242.8,930,20.88
2017-08-01,4,SKU-276682,MEATS,0,287.9,1657,40.73
2017-08-02,4,SKU-276682,MEATS,1,375.4,2915,40.73
2017-08-03,4,SKU-276682,MEATS,0,273.9,296,40.73
2017-08-04,4,SKU-276682,MEATS,1,387.9,766,40.73
2017-08-05,4,SKU-276682,MEATS,1,481.5,2763,40.73
2017-08-06,4,SKU-276682,MEATS,0,364.9,3579,40.73
2017-08-07,4,SKU-276682,MEATS,0,281.9,368,40.73
2017-08-08,4,SKU-276682,MEATS,0,270.3,796,40.73
2017-08-09,4,SKU-276682,MEATS,0,290.3,1646,40.73
2017-08-10,4,SKU-276682,MEATS,0,283.0,3452,40.73
2017-08-11,4,SKU-276682,MEATS,1,390.3,2936,40.73
2017-08-12,4,SKU-276682,MEATS,1,458.4,2241,40.73
2017-08-13,4,SKU-276682,MEATS,0,352.6,4587,40.73
2017-08-14,4,SKU-276682,MEATS,1,362.7,885,40.73
2017-08-15,4,SKU-276682,MEATS,0,273.0,2353,40.73
2017-08-16,4,SKU-276682,MEATS,1,393.9,3607,40.73
2017-08-01,5,SKU-204959,BEVERAGES,0,212.0,1835,3.92
2017-08-02,5,SKU-204959,BEVERAGES,0,206.3,1974,3.92
2017-08-03,5,SKU-204959,BEVERAGES,1,289.5,3778,3.92
2017-08-04,5,SKU-204959,BEVERAGES,1,291.5,693,3.92
2017-08-05,5,SKU-204959,BEVERAGES,0,265.3,959,3.92
2017-08-06,5,SKU-204959,BEVERAGES,0,260.2,2507,3.92
2017-08-07,5,SKU-204959,BEVERAGES,0,209.5,2885,3.92
2017-08-08,5,SKU-204959,BEVERAGES,0,207.5,932,3.92
2017-08-09,5,SKU-204959,BEVERAGES,1,283.9,2388,3.92
2017-08-10,5,SKU-204959,BEVERAGES,0,211.2,819,3.92
2017-08-11,5,SKU-204959,BEVERAGES,1,293.4,2939,3.92
2017-08-12,5,SKU-204959,BEVERAGES,1,359.2,3583,3.92
2017-08-13,5,SKU-204959,BEVERAGES,0,269.8,985,3.92
2017-08-14,5,SKU-204959,BEVERAGES,0,208.6,1353,3.92
2017-08-15,5,SKU-204959,BEVERAGES,0,215.2,230,3.92
2017-08-16,5,SKU-204959,BEVERAGES,0,215.6,1325,3.92
2017-08-01,5,SKU-982622,BEVERAGES,0,183.8,2456,9.69
2017-08-02,5,SKU-982622,BEVERAGES,0,188.5,1165,9.69
2017-08-03,5,SKU-982622,BEVERAGES,0,183.4,192,9.69
2017-08-04,5,SKU-982622,BEVERAGES,1,242.3,2463,9.69
2017-08-05,5,SKU-982622,BEVERAGES,0,243.3,665,9.69
2017-08-06,5,SKU-982622,BEVERAGES,1,323.8,4387,9.69
2017-08-07,5,SKU-982622,BEVERAGES,0,188.4,984,9.69
2017-08-08,5,SKU-982622,BEVERAGES,0,183.2,433,9.69
2017-08-09,5,SKU-982622,BEVERAGES,1,238.6,1972,9.69
2017-08-10,5,SKU-982622,BEVERAGES,0,184.9,1717,9.69
2017-08-11,5,SKU-982622,BEVERAGES,0,185.2,751,9.69
2017-08-12,5,SKU-982622,BEVERAGES,1,322.3,4388,9.69
2017-08-13,5,SKU-982622,BEVERAGES,0,227.7,631,9.69
2017-08-14,5,SKU-982622,BEVERAGES,0,179.5,1708,9.69
2017-08-15,5,SKU-982622,BEVERAGES,0,184.4,2293,9.69
2017-08-16,5,SKU-982622,BEVERAGES,0,182.3,956,9.69
2017-08-01,5,SKU-827591,BEVERAGES,0,153.1,1298,44.17
2017-08-02,5,SKU-827591,BEVERAGES,0,165.6,1987,44.17
2017-08-03,5,SKU-827591,BEVERAGES,0,165.3,344,44.17
2017-08-04,5,SKU-827591,BEVERAGES,0,159.1,1365,44.17
2017-08-05,5,SKU-827591,BEVERAGES,0,208.2,239,44.17
2017-08-06,5,SKU-827591,BEVERAGES,0,193.3,2252,44.17
2017-08-07,5,SKU-827591,BEVERAGES,0,161.0,596,44.17
2017-08-08,5,SKU-827591,BEVERAGES,1,213.2,2165,44.17
2017-08-09,5,SKU-827591,BEVERAGES,0,164.8,80,44.17
2017-08-10,5,SKU-827591,BEVERAGES,0,160.7,110,44.17
2017-08-11,5,SKU-827591,BEVERAGES,0,167.7,2293,44.17
2017-08-12,5,SKU-827591,BEVERAGES,1,267.3,982,44.17
2017-08-13,5,SKU-827591,BEVERAGES,0,195.3,2593,44.17
2017-08-14,5,SKU-827591,BEVERAGES,0,168.8,1176,44.17
2017-08-15,5,SKU-827591,BEVERAGES,1,206.2,2566,44.17
2017-08-16,5,SKU-827591,BEVERAGES,0,163.5,1847,44.17
2017-08-01,5,SKU-466099,BEVERAGES,1,312.2,4008,10.31
2017-08-02,5,SKU-466099,BEVERAGES,1,319.1,389,10.31
2017-08-03,5,SKU-466099,BEVERAGES,0,219.9,2207,10.31
2017-08-04,5,SKU-466099,BEVERAGES,0,237.9,1135,10.31
2017-08-05,5,SKU-466099,BEVERAGES,1,379.7,929,10.31
2017-08-06,5,SKU-466099,BEVERAGES,0,289.4,1419,10.31
2017-08-07,5,SKU-466099,BEVERAGES,1,299.6,1479,10.31
2017-08-08,5,SKU-466099,BEVERAGES,1,298.6,3939,10.31
2017-08-09,5,SKU-466099,BEVERAGES,1,299.3,1227,10.31
2017-08-10,5,SKU-466099,BEVERAGES,0,237.6,1986,10.31
2017-08-11,5,SKU-466099,BEVERAGES,0,237.2,400,10.31
2017-08-12,5,SKU-466099,BEVERAGES,1,402.4,3256,10.31
2017-08-13,5,SKU-466099,BEVERAGES,1,402.2,1143,10.31
2017-08-14,5,SKU-466099,BEVERAGES,0,231.1,188,10.31
2017-08-15,5,SKU-466099,BEVERAGES,1,300.6,2938,10.31
2017-08-16,5,SKU-466099,BEVERAGES,0,220.3,2852,10.31
2017-08-01,5,SKU-229576,BEVERAGES,0,49.3,664,43.66
2017-08-02,5,SKU-229576,BEVERAGES,0,53.1,42,43.66
2017-08-03,5,SKU-229576,BEVERAGES,0,51.0,553,43.66
2017-08-04,5,SKU-229576,BEVERAGES,0,51.1,573,43.66
2017-08-05,5,SKU-229576,BEVERAGES,0,65.5,98,43.66
2017-08-06,5,SKU-229576,BEVERAGES,0,66.3,629,43.66
2017-08-07,5,SKU-229576,BEVERAGES,1,71.1,496,43.66
2017-08-08,5,SKU-229576,BEVERAGES,1,66.9,426,43.66
2017-08-09,5,SKU-229576,BEVERAGES,0,49.5,531,43.66
2017-08-10,5,SKU-229576,BEVERAGES,0,51.9,304,43.66
2017-08-11,5,SKU-229576,BEVERAGES,0,49.6,470,43.66
2017-08-12,5,SKU-229576,BEVERAGES,0,67.2,192,43.66
2017-08-13,5,SKU-229576,BEVERAGES,0,66.1,784,43.66
2017-08-14,5,SKU-229576,BEVERAGES,0,52.7,737,43.66
2017-08-15,5,SKU-229576,BEVERAGES,1,71.3,740,43.66
2017-08-16,5,SKU-229576,BEVERAGES,0,53.3,308,43.66
2017-08-01,5,SKU-442925,PRODUCE,0,264.3,2224,17.79
2017-08-02,5,SKU-442925,PRODUCE,0,272.5,221,17.79
2017-08-03,5,SKU-442925,PRODUCE,0,275.8,317,17.79
2017-08-04,5,SKU-442925,PRODUCE,1,346.1,4044,17.79
2017-08-05,5,SKU-442925,PRODUCE,0,341.4,739,17.79
2017-08-06,5,SKU-442925,PRODUCE,0,328.0,595,17.79
2017-08-07,5,SKU-442925,PRODUCE,0,267.7,2210,17.79
2017-08-08,5,SKU-442925,PRODUCE,1,366.5,3127,17.79
2017-08-09,5,SKU-442925,PRODUCE,0,266.6,1553,17.79
2017-08-10,5,SKU-442925,PRODUCE,1,351.1,38,17.79
2017-08-11,5,SKU-442925,PRODUCE,0,259.3,3232,17.79
2017-08-12,5,SKU-442925,PRODUCE,1,436.5,659,17.79
2017-08-13,5,SKU-442925,PRODUCE,0,341.3,1320,17.79
2017-08-14,5,SKU-442925,PRODUCE,1,364.2,1662,17.79
2017-08-15,5,SKU-442925,PRODUCE,0,274.0,831,17.79
2017-08-16,5,SKU-442925,PRODUCE,1,357.9,2895,17.79
2017-08-01,5,SKU-727058,PRODUCE,0,91.4,544,2.89
2017-08-02,5,SKU-727058,PRODUCE,1,116.9,972,2.89
2017-08-03,5,SKU-727058,PRODUCE,1,122.1,15,2.89
2017-08-04,5,SKU-727058,PRODUCE,0,89.0,1203,2.89
2017-08-05,5,SKU-727058,PRODUCE,1,161.5,1868,2.89
2017-08-06,5,SKU-727058,PRODUCE,0,119.1,1637,2.89
2017-08-07,5,SKU-727058,PRODUCE,0,88.5,682,2.89
2017-08-08,5,SKU-727058,PRODUCE,0,86.4,1144,2.89
2017-08-09,5,SKU-727058,PRODUCE,1,118.2,680,2.89
2017-08-10,5,SKU-727058,PRODUCE,1,124.3,693,2.89
2017-08-11,5,SKU-727058,PRODUCE,1,127.2,1650,2.89
2017-08-12,5,SKU-727058,PRODUCE,0,110.7,1415,2.89
2017-08-13,5,SKU-727058,PRODUCE,0,117.0,238,2.89
2017-08-14,5,SKU-727058,PRODUCE,0,89.8,208,2.89
2017-08-15,5,SKU-727058,PRODUCE,1,116.3,1456,2.89
2017-08-16,5,SKU-727058,PRODUCE,1,120.1,1187,2.89
2017-08-01,5,SKU-629827,PRODUCE,1,272.4,1150,27.26
2017-08-02,5,SKU-629827,PRODUCE,0,195.2,127,27.26
2017-08-03,5,SKU-629827,PRODUCE,1,281.3,2604,27.26
2017-08-04,5,SKU-629827,PRODUCE,0,211.8,1429,27.26
2017-08-05,5,SKU-629827,PRODUCE,1,344.2,4466,27.26
2017-08-06,5,SKU-629827,PRODUCE,0,252.3,1996,27.26
2017-08-07,5,SKU-629827,PRODUCE,0,197.3,1637,27.26
2017-08-08,5,SKU-629827,PRODUCE,0,195.5,2596,27.26
2017-08-09,5,SKU-629827,PRODUCE,0,212.4,2013,27.26
2017-08-10,5,SKU-629827,PRODUCE,0,205.0,1942,27.26
2017-08-11,5,SKU-629827,PRODUCE,1,269.5,3302,27.26
2017-08-12,5,SKU-629827,PRODUCE,1,355.0,4629,27.26
2017-08-13,5,SKU-629827,PRODUCE,0,270.3,2662,27.26
2017-08-14,5,SKU-629827,PRODUCE,0,213.0,1449,27.26
2017-08-15,5,SKU-629827,PRODUCE,0,206.1,439,27.26
2017-08-16,5,SKU-629827,PRODUCE,0,211.5,55,27.26
2017-08-01,5,SKU-232672,PRODUCE,1,33.9,449,19.58
2017-08-02,5,SKU-232672,PRODUCE,0,23.8,308,19.58
2017-08-03,5,SKU-232672,PRODUCE,1,33.2,326,19.58
2017-08-04,5,SKU-232672,PRODUCE,1,33.6,179,19.58
2017-08-05,5,SKU-232672,PRODUCE,1,39.7,220,19.58
2017-08-06,5,SKU-232672,PRODUCE,0,29.8,19,19.58
2017-08-07,5,SKU-232672,PRODUCE,0,24.8,280,19.58
2017-08-08,5,SKU-232672,PRODUCE,1,32.4,275,19.58
2017-08-09,5,SKU-232672,PRODUCE,1,31.8,322,19.58
2017-08-10,5,SKU-232672,PRODUCE,1,31.6,382,19.58
2017-08-11,5,SKU-232672,PRODUCE,1,31.4,49,19.58
2017-08-12,5,SKU-232672,PRODUCE,0,30.3,220,19.58
2017-08-13,5,SKU-232672,PRODUCE,0,30.1,385,19.58
2017-08-14,5,SKU-232672,PRODUCE,0,23.3,104,19.58
2017-08-15,5,SKU-232672,PRODUCE,0,24.2,100,19.58
2017-08-16,5,SKU-232672,PRODUCE,0,25.2,351,19.58
2017-08-01,5,SKU-943660,PRODUCE,0,138.3,915,23.53
2017-08-02,5,SKU-943660,PRODUCE,1,180.5,1945,23.53
2017-08-03,5,SKU-943660,PRODUCE,0,142.5,1467,23.53
2017-08-04,5,SKU-943660,PRODUCE,0,135.2,1020,23.53
2017-08-05,5,SKU-943660,PRODUCE,1,239.4,46,23.53
2017-08-06,5,SKU-943660,PRODUCE,0,184.5,195,23.53
2017-08-07,5,SKU-943660,PRODUCE,0,137.1,1860,23.53
2017-08-08,5,SKU-943660,PRODUCE,0,137.9,1227,23.53
2017-08-09,5,SKU-943660,PRODUCE,0,144.7,1057,23.53
2017-08-10,5,SKU-943660,PRODUCE,0,144.2,1924,23.53
2017-08-11,5,SKU-943660,PRODUCE,0,134.6,1538,23.53
2017-08-12,5,SKU-943660,PRODUCE,0,183.5,2440,23.53
2017-08-13,5,SKU-943660,PRODUCE,0,183.8,953,23.53
2017-08-14,5,SKU-943660,PRODUCE,0,132.7,1652,23.53
2017-08-15,5,SKU-943660,PRODUCE,0,141.2,1784,23.53
2017-08-16,5,SKU-943660,PRODUCE,0,137.9,1673,23.53
2017-08-01,5,SKU-106402,MEATS,0,270.2,975,42.4
2017-08-02,5,SKU-106402,MEATS,0,268.0,2951,42.4
2017-08-03,5,SKU-106402,MEATS,0,261.2,755,42.4
2017-08-04,5,SKU-106402,MEATS,0,274.9,575,42.4
2017-08-05,5,SKU-106402,MEATS,0,326.5,3577,42.4
2017-08-06,5,SKU-106402,MEATS,1,447.6,4636,42.4
2017-08-07,5,SKU-106402,MEATS,0,264.6,2305,42.4
2017-08-08,5,SKU-106402,MEATS,0,278.6,195,42.4
2017-08-09,5,SKU-106402,MEATS,1,351.1,2852,42.4
2017-08-10,5,SKU-106402,MEATS,1,348.9,2440,42.4
2017-08-11,5,SKU-106402,MEATS,0,273.9,872,42.4
2017-08-12,5,SKU-106402,MEATS,0,347.5,2033,42.4
2017-08-13,5,SKU-106402,MEATS,0,333.2,1586,42.4
2017-08-14,5,SKU-106402,MEATS,0,274.2,1435,42.4
2017-08-15,5,SKU-106402,MEATS,0,265.5,657,42.4
2017-08-16,5,SKU-106402,MEATS,0,263.5,2341,42.4
2017-08-01,5,SKU-499605,MEATS,0,124.1,1597,15.67
2017-08-02,5,SKU-499605,MEATS,0,126.7,1481,15.67
2017-08-03,5,SKU-499605,MEATS,0,118.3,1034,15.67
2017-08-04,5,SKU-499605,MEATS,0,124.6,1292,15.67
2017-08-05,5,SKU-499605,MEATS,1,206.8,1488,15.67
2017-08-06,5,SKU-499605,MEATS,0,161.2,1720,15.67
2017-08-07,5,SKU-499605,MEATS,1,158.8,978,15.67
2017-08-08,5,SKU-499605,MEATS,0,119.0,1519,15.67
2017-08-09,5,SKU-499605,MEATS,1,161.7,96,15.67
2017-08-10,5,SKU-499605,MEATS,0,127.8,532,15.67
2017-08-11,5,SKU-499605,MEATS,0,118.2,713,15.67
2017-08-12,5,SKU-499605,MEATS,1,206.4,1240,15.67
2017-08-13,5,SKU-499605,MEATS,0,156.2,1526,15.67
2017-08-14,5,SKU-499605,MEATS,0,121.2,1430,15.67
2017-08-15,5,SKU-499605,MEATS,0,125.4,697,15.67
2017-08-16,5,SKU-499605,MEATS,0,125.7,1470,15.67
2017-08-01,5,SKU-282572,MEATS,0,75.3,492,23.69
2017-08-02,5,SKU-282572,MEATS,0,70.6,865,23.69
2017-08-03,5,SKU-282572,MEATS,0,72.0,196,23.69
2017-08-04,5,SKU-282572,MEATS,1,97.7,486,23.69
2017-08-05,5,SKU-282572,MEATS,0,94.9,740,23.69
2017-08-06,5,SKU-282572,MEATS,1,128.6,1624,23.69
2017-08-07,5,SKU-282572,MEATS,0,75.8,36,23.69
2017-08-08,5,SKU-282572,MEATS,0,75.4,297,23.69
2017-08-09,5,SKU-282572,MEATS,0,71.1,613,23.69
2017-08-10,5,SKU-282572,MEATS,0,74.2,930,23.69
2017-08-11,5,SKU-282572,MEATS,0,70.4,919,23.69
2017-08-12,5,SKU-282572,MEATS,0,88.4,120,23.69
2017-08-13,5,SKU-282572,MEATS,0,88.1,179,23.69
2017-08-14,5,SKU-282572,MEATS,0,71.0,604,23.69
2017-08-15,5,SKU-282572,MEATS,1,100.5,376,23.69
2017-08-16,5,SKU-282572,MEATS,0,75.9,18,23.69
2017-08-01,5,SKU-451591,MEATS,0,78.1,673,3.82
2017-08-02,5,SKU-451591,MEATS,0,85.1,571,3.82
2017-08-03,5,SKU-451591,MEATS,0,84.7,308,3.82
2017-08-04,5,SKU-451591,MEATS,0,84.6,372,3.82
2017-08-05,5,SKU-451591,MEATS,0,101.8,174,3.82
2017-08-06,5,SKU-451591,MEATS,0,105.7,958,3.82
2017-08-07,5,SKU-451591,MEATS,0,80.2,1061,3.82
2017-08-08,5,SKU-451591,MEATS,1,110.2,1239,3.82
2017-08-09,5,SKU-451591,MEATS,1,108.2,98,3.82
2017-08-10,5,SKU-451591,MEATS,0,84.6,868,3.82
2017-08-11,5,SKU-451591,MEATS,0,78.8,709,3.82
2017-08-12,5,SKU-451591,MEATS,1,144.6,36,3.82
2017-08-13,5,SKU-451591,MEATS,0,98.4,976,3.82
2017-08-14,5,SKU-451591,MEATS,0,78.9,848,3.82
2017-08-15,5,SKU-451591,MEATS,0,84.5,317,3.82
2017-08-16,5,SKU-451591,MEATS,0,85.3,412,3.82
2017-08-01,5,SKU-995643,MEATS,0,177.7,1009,15.1
2017-08-02,5,SKU-995643,MEATS,0,165.9,895,15.1
2017-08-03,5,SKU-995643,MEATS,1,228.4,3043,15.1
2017-08-04,5,SKU-995643,MEATS,1,223.4,562,15.1
2017-08-05,5,SKU-995643,MEATS,1,289.4,27,15.1
2017-08-06,5,SKU-995643,MEATS,0,218.8,2450,15.1
2017-08-07,5,SKU-995643,MEATS,0,164.9,2129,15.1
2017-08-08,5,SKU-995643,MEATS,1,233.7,2518,15.1
2017-08-09,5,SKU-995643,MEATS,0,176.0,922,15.1
2017-08-10,5,SKU-995643,MEATS,0,175.5,1036,15.1
2017-08-11,5,SKU-995643,MEATS,1,228.1,2944,15.1
2017-08-12,5,SKU-995643,MEATS,1,285.0,3186,15.1
2017-08-13,5,SKU-995643,MEATS,0,225.8,1428,15.1
2017-08-14,5,SKU-995643,MEATS,1,230.9,744,15.1
2017-08-15,5,SKU-995643,MEATS,0,170.3,1803,15.1
2017-08-16,5,SKU-995643,MEATS,0,174.8,698,15.1
2017-08-01,6,SKU-492508,BEVERAGES,1,47.3,17,37.06
2017-08-02,6,SKU-492508,BEVERAGES,0,35.9,311,37.06
2017-08-03,6,SKU-492508,BEVERAGES,1,46.5,499,37.06
2017-08-04,6,SKU-492508,BEVERAGES,0,34.7,269,37.06
2017-08-05,6,SKU-492508,BEVERAGES,0,44.4,548,37.06
2017-08-06,6,SKU-492508,BEVERAGES,0,46.2,385,37.06
2017-08-07,6,SKU-492508,BEVERAGES,0,35.6,257,37.06
2017-08-08,6,SKU-492508,BEVERAGES,0,34.0,204,37.06
2017-08-09,6,SKU-492508,BEVERAGES,0,33.9,203,37.06
2017-08-10,6,SKU-492508,BEVERAGES,0,36.9,200,37.06
2017-08-11,6,SKU-492508,BEVERAGES,1,47.9,475,37.06
2017-08-12,6,SKU-492508,BEVERAGES,0,46.6,350,37.06
2017-08-13,6,SKU-492508,BEVERAGES,1,59.5,92,37.06
2017-08-14,6,SKU-492508,BEVERAGES,0,33.6,228,37.06
2017-08-15,6,SKU-492508,BEVERAGES,0,35.8,491,37.06
2017-08-16,6,SKU-492508,BEVERAGES,0,36.5,264,37.06
2017-08-01,6,SKU-985054,BEVERAGES,1,352.9,2697,40.21
2017-08-02,6,SKU-985054,BEVERAGES,0,265.3,1803,40.21
2017-08-03,6,SKU-985054,BEVERAGES,1,374.5,2179,40.21
2017-08-04,6,SKU-985054,BEVERAGES,0,276.5,682,40.21
2017-08-05,6,SKU-985054,BEVERAGES,0,321.0,1801,40.21
2017-08-06,6,SKU-985054,BEVERAGES,1,436.8,2596,40.21
2017-08-07,6,SKU-985054,BEVERAGES,0,277.6,3379,40.21
2017-08-08,6,SKU-985054,BEVERAGES,0,255.6,2247,40.21
2017-08-09,6,SKU-985054,BEVERAGES,0,271.4,131,40.21
2017-08-10,6,SKU-985054,BEVERAGES,0,271.8,815,40.21
2017-08-11,6,SKU-985054,BEVERAGES,1,344.3,1046,40.21
2017-08-12,6,SKU-985054,BEVERAGES,1,452.0,4451,40.21
2017-08-13,6,SKU-985054,BEVERAGES,0,340.7,3466,40.21
2017-08-14,6,SKU-985054,BEVERAGES,0,275.6,2332,40.21
2017-08-15,6,SKU-985054,BEVERAGES,0,268.4,2171,40.21
2017-08-16,6,SKU-985054,BEVERAGES,0,264.2,1276,40.21
2017-08-01,6,SKU-202281,BEVERAGES,1,238.8,3237,42.53
2017-08-02,6,SKU-202281,BEVERAGES,1,225.8,1105,42.53
2017-08-03,6,SKU-202281,BEVERAGES,1,234.1,374,42.53
2017-08-04,6,SKU-202281,BEVERAGES,0,177.0,2471,42.53
2017-08-05,6,SKU-202281,BEVERAGES,0,219.6,2705,42.53
2017-08-06,6,SKU-202281,BEVERAGES,0,210.7,2799,42.53
2017-08-07,6,SKU-202281,BEVERAGES,0,173.6,1513,42.53
2017-08-08,6,SKU-202281,BEVERAGES,0,181.1,922,42.53
2017-08-09,6,SKU-202281,BEVERAGES,0,167.9,895,42.53
2017-08-10,6,SKU-202281,BEVERAGES,1,241.4,3163,42.53
2017-08-11,6,SKU-202281,BEVERAGES,0,177.2,1263,42.53
2017-08-12,6,SKU-202281,BEVERAGES,1,302.3,1563,42.53
2017-08-13,6,SKU-202281,BEVERAGES,0,213.9,1730,42.53
2017-08-14,6,SKU-202281,BEVERAGES,1,227.3,312,42.53
2017-08-15,6,SKU-202281,BEVERAGES,0,178.5,881,42.53
2017-08-16,6,SKU-202281,BEVERAGES,0,171.0,1548,42.53
2017-08-01,6,SKU-771142,BEVERAGES,1,232.5,2638,32.3
2017-08-02,6,SKU-771142,BEVERAGES,0,178.1,1062,32.3
2017-08-03,6,SKU-771142,BEVERAGES,0,186.9,1438,32.3
2017-08-04,6,SKU-771142,BEVERAGES,1,233.9,2374,32.3
2017-08-05,6,SKU-771142,BEVERAGES,1,310.6,2643,32.3
2017-08-06,6,SKU-771142,BEVERAGES,0,234.2,2695,32.3
2017-08-07,6,SKU-771142,BEVERAGES,0,185.2,1079,32.3
2017-08-08,6,SKU-771142,BEVERAGES,0,185.6,1128,32.3
2017-08-09,6,SKU-771142,BEVERAGES,1,235.9,22,32.3
2017-08-10,6,SKU-771142,BEVERAGES,0,171.8,1816,32.3
2017-08-11,6,SKU-771142,BEVERAGES,0,178.0,226,32.3
2017-08-12,6,SKU-771142,BEVERAGES,0,232.4,501,32.3
2017-08-13,6,SKU-771142,BEVERAGES,0,235.5,2244,32.3
2017-08-14,6,SKU-771142,BEVERAGES,1,232.1,822,32.3
2017-08-15,6,SKU-771142,BEVERAGES,1,246.8,2213,32.3
2017-08-16,6,SKU-771142,BEVERAGES,0,177.4,120,32.3
2017-08-01,6,SKU-176067,BEVERAGES,1,213.5,1438,24.48
2017-08-02,6,SKU-176067,BEVERAGES,1,223.0,837,24.48
2017-08-03,6,SKU-176067,BEVERAGES,0,164.3,600,24.48
2017-08-04,6,SKU-176067,BEVERAGES,1,209.4,939,24.48
2017-08-05,6,SKU-176067,BEVERAGES,0,207.6,2591,24.48
2017-08-06,6,SKU-176067,BEVERAGES,0,212.3,390,24.48
2017-08-07,6,SKU-176067,BEVERAGES,0,166.5,1995,24.48
2017-08-08,6,SKU-176067,BEVERAGES,1,223.9,1141,24.48
2017-08-09,6,SKU-176067,BEVERAGES,0,168.0,728,24.48
2017-08-10,6,SKU-176067,BEVERAGES,0,164.3,681,24.48
2017-08-11,6,SKU-176067,BEVERAGES,1,208.1,2307,24.48
2017-08-12,6,SKU-176067,BEVERAGES,0,204.9,1320,24.48
2017-08-13,6,SKU-176067,BEVERAGES,0,202.7,1282,24.48
2017-08-14,6,SKU-176067,BEVERAGES,0,157.5,180,24.48
2017-08-15,6,SKU-176067,BEVERAGES,0,164.3,61,24.48
2017-08-16,6,SKU-176067,BEVERAGES,1,221.6,2385,24.48
2017-08-01,6,SKU-301657,PRODUCE,1,172.2,1756,44.4
2017-08-02,6,SKU-301657,PRODUCE,0,123.3,614,44.4
2017-08-03,6,SKU-301657,PRODUCE,0,122.2,1395,44.4
2017-08-04,6,SKU-301657,PRODUCE,0,129.5,143,44.4
2017-08-05,6,SKU-301657,PRODUCE,0,168.5,1439,44.4
2017-08-06,6,SKU-301657,PRODUCE,1,229.9,1203,44.4
2017-08-07,6,SKU-301657,PRODUCE,0,133.0,1859,44.4
2017-08-08,6,SKU-301657,PRODUCE,0,132.2,1449,44.4
2017-08-09,6,SKU-301657,PRODUCE,0,129.4,1510,44.4
2017-08-10,6,SKU-301657,PRODUCE,0,122.3,583,44.4
2017-08-11,6,SKU-301657,PRODUCE,0,125.0,1585,44.4
2017-08-12,6,SKU-301657,PRODUCE,0,157.7,690,44.4
2017-08-13,6,SKU-301657,PRODUCE,0,162.8,505,44.4
2017-08-14,6,SKU-301657,PRODUCE,0,125.0,884,44.4
2017-08-15,6,SKU-301657,PRODUCE,0,134.2,876,44.4
2017-08-16,6,SKU-301657,PRODUCE,0,131.4,611,44.4
2017-08-01,6,SKU-824203,PRODUCE,0,223.4,2769,9.03
2017-08-02,6,SKU-824203,PRODUCE,0,208.4,351,9.03
2017-08-03,6,SKU-824203,PRODUCE,0,225.6,1746,9.03
2017-08-04,6,SKU-824203,PRODUCE,0,225.9,1765,9.03
2017-08-05,6,SKU-824203,PRODUCE,0,267.7,1438,9.03
2017-08-06,6,SKU-824203,PRODUCE,0,260.5,940,9.03
2017-08-07,6,SKU-824203,PRODUCE,0,205.1,1546,9.03
2017-08-08,6,SKU-824203,PRODUCE,0,213.0,808,9.03
2017-08-09,6,SKU-824203,PRODUCE,0,207.6,1512,9.03
2017-08-10,6,SKU-824203,PRODUCE,1,281.2,2967,9.03
2017-08-11,6,SKU-824203,PRODUCE,1,278.1,82,9.03
2017-08-12,6,SKU-824203,PRODUCE,1,356.2,4101,9.03
2017-08-13,6,SKU-824203,PRODUCE,0,265.8,492,9.03
2017-08-14,6,SKU-824203,PRODUCE,0,213.5,2091,9.03
2017-08-15,6,SKU-824203,PRODUCE,1,299.8,1159,9.03
2017-08-16,6,SKU-824203,PRODUCE,1,300.6,3910,9.03
2017-08-01,6,SKU-807518,PRODUCE,0,113.2,1291,20.55
2017-08-02,6,SKU-807518,PRODUCE,0,102.6,71,20.55
2017-08-03,6,SKU-807518,PRODUCE,0,103.8,779,20.55
2017-08-04,6,SKU-807518,PRODUCE,1,149.2,458,20.55
2017-08-05,6,SKU-807518,PRODUCE,0,136.5,1550,20.55
2017-08-06,6,SKU-807518,PRODUCE,1,191.6,1370,20.55
2017-08-07,6,SKU-807518,PRODUCE,0,103.8,825,20.55
2017-08-08,6,SKU-807518,PRODUCE,0,107.2,955,20.55
2017-08-09,6,SKU-807518,PRODUCE,0,103.1,24,20.55
2017-08-10,6,SKU-807518,PRODUCE,0,102.7,167,20.55
2017-08-11,6,SKU-807518,PRODUCE,0,104.9,1449,20.55
2017-08-12,6,SKU-807518,PRODUCE,0,131.3,1007,20.55
2017-08-13,6,SKU-807518,PRODUCE,1,187.4,783,20.55
2017-08-14,6,SKU-807518,PRODUCE,0,110.3,1127,20.55
2017-08-15,6,SKU-807518,PRODUCE,0,112.0,1365,20.55
2017-08-16,6,SKU-807518,PRODUCE,0,107.2,966,20.55
2017-08-01,6,SKU-515596,PRODUCE,1,333.4,2103,30.65
2017-08-02,6,SKU-515596,PRODUCE,1,316.3,2984,30.65
2017-08-03,6,SKU-515596,PRODUCE,1,339.8,1389,30.65
2017-08-04,6,SKU-515596,PRODUCE,0,248.9,3122,30.65
2017-08-05,6,SKU-515596,PRODUCE,0,310.1,704,30.65
2017-08-06,6,SKU-515596,PRODUCE,1,426.0,5767,30.65
2017-08-07,6,SKU-515596,PRODUCE,0,251.1,1531,30.65
2017-08-08,6,SKU-515596,PRODUCE,0,252.6,792,30.65
2017-08-09,6,SKU-515596,PRODUCE,0,251.5,2012,30.65
2017-08-10,6,SKU-515596,PRODUCE,0,243.1,2000,30.65
2017-08-11,6,SKU-515596,PRODUCE,1,320.2,3614,30.65
2017-08-12,6,SKU-515596,PRODUCE,0,301.3,1034,30.65
2017-08-13,6,SKU-515596,PRODUCE,1,404.9,4463,30.65
2017-08-14,6,SKU-515596,PRODUCE,0,257.1,3021,30.65
2017-08-15,6,SKU-515596,PRODUCE,1,342.8,3046,30.65
2017-08-16,6,SKU-515596,PRODUCE,1,322.6,450,30.65
2017-08-01,6,SKU-999145,PRODUCE,0,187.5,174,40.07
2017-08-02,6,SKU-999145,PRODUCE,1,249.0,1102,40.07
2017-08-03,6,SKU-999145,PRODUCE,1,236.3,2943,40.07
2017-08-04,6,SKU-999145,PRODUCE,1,247.7,1958,40.07
2017-08-05,6,SKU-999145,PRODUCE,0,226.6,1138,40.07
2017-08-06,6,SKU-999145,PRODUCE,1,312.8,3988,40.07
2017-08-07,6,SKU-999145,PRODUCE,0,184.4,2423,40.07
2017-08-08,6,SKU-999145,PRODUCE,1,232.5,273,40.07
2017-08-09,6,SKU-999145,PRODUCE,0,181.1,1600,40.07
2017-08-10,6,SKU-999145,PRODUCE,1,239.0,1117,40.07
2017-08-11,6,SKU-999145,PRODUCE,0,184.7,2422,40.07
2017-08-12,6,SKU-999145,PRODUCE,1,302.7,2694,40.07
2017-08-13,6,SKU-999145,PRODUCE,1,304.7,932,40.07
2017-08-14,6,SKU-999145,PRODUCE,0,169.9,1711,40.07
2017-08-15,6,SKU-999145,PRODUCE,0,174.3,733,40.07
2017-08-16,6,SKU-999145,PRODUCE,0,177.0,1675,40.07
2017-08-01,6,SKU-786783,MEATS,0,40.4,277,36.11
2017-08-02,6,SKU-786783,MEATS,0,41.8,407,36.11
2017-08-03,6,SKU-786783,MEATS,0,40.7,63,36.11
2017-08-04,6,SKU-786783,MEATS,0,42.4,591,36.11
2017-08-05,6,SKU-786783,MEATS,1,67.3,104,36.11
2017-08-06,6,SKU-786783,MEATS,0,53.1,539,36.11
2017-08-07,6,SKU-786783,MEATS,1,55.4,109,36.11
2017-08-08,6,SKU-786783,MEATS,0,38.7,311,36.11
2017-08-09,6,SKU-786783,MEATS,0,41.5,401,36.11
2017-08-10,6,SKU-786783,MEATS,0,39.2,65,36.11
2017-08-11,6,SKU-786783,MEATS,1,54.5,253,36.11
2017-08-12,6,SKU-786783,MEATS,1,69.8,511,36.11
2017-08-13,6,SKU-786783,MEATS,1,71.3,687,36.11
2017-08-14,6,SKU-786783,MEATS,0,40.1,435,36.11
2017-08-15,6,SKU-786783,MEATS,0,41.4,517,36.11
2017-08-16,6,SKU-786783,MEATS,1,53.5,148,36.11
2017-08-01,6,SKU-344348,MEATS,1,329.6,1264,41.72
2017-08-02,6,SKU-344348,MEATS,0,253.8,3529,41.72
2017-08-03,6,SKU-344348,MEATS,0,237.1,2307,41.72
2017-08-04,6,SKU-344348,MEATS,1,346.8,3297,41.72
2017-08-05,6,SKU-344348,MEATS,1,423.9,5423,41.72
2017-08-06,6,SKU-344348,MEATS,1,438.1,1906,41.72
2017-08-07,6,SKU-344348,MEATS,0,249.5,1587,41.72
2017-08-08,6,SKU-344348,MEATS,1,321.8,1168,41.72
2017-08-09,6,SKU-344348,MEATS,1,321.6,1451,41.72
2017-08-10,6,SKU-344348,MEATS,0,251.3,564,41.72
2017-08-11,6,SKU-344348,MEATS,1,333.4,4281,41.72
2017-08-12,6,SKU-344348,MEATS,0,306.6,617,41.72
2017-08-13,6,SKU-344348,MEATS,0,314.7,481,41.72
2017-08-14,6,SKU-344348,MEATS,0,250.5,974,41.72
2017-08-15,6,SKU-344348,MEATS,0,255.1,3381,41.72
2017-08-16,6,SKU-344348,MEATS,0,239.7,3222,41.72
2017-08-01,6,SKU-901292,MEATS,1,183.7,1417,2.85
2017-08-02,6,SKU-901292,MEATS,0,130.3,1628,2.85
2017-08-03,6,SKU-901292,MEATS,0,132.6,166,2.85
2017-08-04,6,SKU-901292,MEATS,0,125.0,1583,2.85
2017-08-05,6,SKU-901292,MEATS,0,168.7,281,2.85
2017-08-06,6,SKU-901292,MEATS,1,228.4,726,2.85
2017-08-07,6,SKU-901292,MEATS,1,171.1,499,2.85
2017-08-08,6,SKU-901292,MEATS,0,135.1,1732,2.85
2017-08-09,6,SKU-901292,MEATS,0,132.5,1256,2.85
2017-08-10,6,SKU-901292,MEATS,1,171.6,1230,2.85
2017-08-11,6,SKU-901292,MEATS,0,123.6,658,2.85
2017-08-12,6,SKU-901292,MEATS,0,159.9,2144,2.85
2017-08-13,6,SKU-901292,MEATS,0,171.5,528,2.85
2017-08-14,6,SKU-901292,MEATS,0,127.1,1401,2.85
2017-08-15,6,SKU-901292,MEATS,1,170.1,476,2.85
2017-08-16,6,SKU-901292,MEATS,0,129.2,1435,2.85
2017-08-01,6,SKU-989037,MEATS,0,223.9,2536,5.66
2017-08-02,6,SKU-989037,MEATS,0,208.8,970,5.66
2017-08-03,6,SKU-989037,MEATS,0,219.0,2300,5.66
2017-08-04,6,SKU-989037,MEATS,0,220.2,1353,5.66
2017-08-05,6,SKU-989037,MEATS,0,271.5,3620,5.66
2017-08-06,6,SKU-989037,MEATS,1,367.0,3326,5.66
2017-08-07,6,SKU-989037,MEATS,1,286.2,1334,5.66
2017-08-08,6,SKU-989037,MEATS,1,298.7,1357,5.66
2017-08-09,6,SKU-989037,MEATS,0,211.7,450,5.66
2017-08-10,6,SKU-989037,MEATS,1,285.5,3499,5.66
2017-08-11,6,SKU-989037,MEATS,0,214.6,81,5.66
2017-08-12,6,SKU-989037,MEATS,1,367.1,3218,5.66
2017-08-13,6,SKU-989037,MEATS,0,261.9,281,5.66
2017-08-14,6,SKU-989037,MEATS,0,216.3,1718,5.66
2017-08-15,6,SKU-989037,MEATS,0,214.6,827,5.66
2017-08-16,6,SKU-989037,MEATS,0,205.8,2447,5.66
2017-08-01,6,SKU-204273,MEATS,0,259.0,190,16.52
2017-08-02,6,SKU-204273,MEATS,0,239.5,106,16.52
2017-08-03,6,SKU-204273,MEATS,0,247.3,2381,16.52
2017-08-04,6,SKU-204273,MEATS,0,257.7,1584,16.52
2017-08-05,6,SKU-204273,MEATS,1,443.9,4807,16.52
2017-08-06,6,SKU-204273,MEATS,1,433.5,5436,16.52
2017-08-07,6,SKU-204273,MEATS,0,245.2,2587,16.52
2017-08-08,6,SKU-204273,MEATS,0,257.4,3163,16.52
2017-08-09,6,SKU-204273,MEATS,0,257.1,563,16.52
2017-08-10,6,SKU-204273,MEATS,0,249.5,798,16.52
2017-08-11,6,SKU-204273,MEATS,0,251.0,734,16.52
2017-08-12,6,SKU-204273,MEATS,1,430.2,1920,16.52
2017-08-13,6,SKU-204273,MEATS,0,326.5,3821,16.52
2017-08-14,6,SKU-204273,MEATS,0,237.5,2677,16.52
2017-08-15,6,SKU-204273,MEATS,0,239.1,1970,16.52
2017-08-16,6,SKU-204273,MEATS,0,255.9,756,16.52
2017-08-01,7,SKU-236322,BEVERAGES,0,186.0,662,2.73
2017-08-02,7,SKU-236322,BEVERAGES,0,192.9,381,2.73
2017-08-03,7,SKU-236322,BEVERAGES,0,195.0,810,2.73
2017-08-04,7,SKU-236322,BEVERAGES,0,185.0,1020,2.73
2017-08-05,7,SKU-236322,BEVERAGES,0,241.0,2123,2.73
2017-08-06,7,SKU-236322,BEVERAGES,0,237.4,1149,2.73
2017-08-07,7,SKU-236322,BEVERAGES,0,200.1,2112,2.73
2017-08-08,7,SKU-236322,BEVERAGES,0,190.5,979,2.73
2017-08-09,7,SKU-236322,BEVERAGES,1,248.8,3441,2.73
2017-08-10,7,SKU-236322,BEVERAGES,0,196.7,114,2.73
2017-08-11,7,SKU-236322,BEVERAGES,0,192.9,294,2.73
2017-08-12,7,SKU-236322,BEVERAGES,0,253.5,1956,2.73
2017-08-13,7,SKU-236322,BEVERAGES,0,233.6,2338,2.73
2017-08-14,7,SKU-236322,BEVERAGES,1,263.8,1889,2.73
2017-08-15,7,SKU-236322,BEVERAGES,0,195.0,644,2.73
2017-08-16,7,SKU-236322,BEVERAGES,1,263.1,1153,2.73
2017-08-01,7,SKU-523751,BEVERAGES,0,238.4,1059,8.53
2017-08-02,7,SKU-523751,BEVERAGES,1,304.5,3253,8.53
2017-08-03,7,SKU-523751,BEVERAGES,0,222.8,2802,8.53
2017-08-04,7,SKU-523751,BEVERAGES,0,230.8,759,8.53
2017-08-05,7,SKU-523751,BEVERAGES,0,296.1,4110,8.53
2017-08-06,7,SKU-523751,BEVERAGES,1,404.8,2515,8.53
2017-08-07,7,SKU-523751,BEVERAGES,0,238.5,348,8.53
2017-08-08,7,SKU-523751,BEVERAGES,0,224.3,239,8.53
2017-08-09,7,SKU-523751,BEVERAGES,0,233.9,2571,8.53
2017-08-10,7,SKU-523751,BEVERAGES,0,230.4,274,8.53
2017-08-11,7,SKU-523751,BEVERAGES,0,228.9,1974,8.53
2017-08-12,7,SKU-523751,BEVERAGES,1,383.9,1147,8.53
2017-08-13,7,SKU-523751,BEVERAGES,0,309.7,3348,8.53
2017-08-14,7,SKU-523751,BEVERAGES,1,311.0,4319,8.53
2017-08-15,7,SKU-523751,BEVERAGES,0,223.8,2682,8.53
2017-08-16,7,SKU-523751,BEVERAGES,1,303.3,490,8.53
2017-08-01,7,SKU-177952,BEVERAGES,1,70.1,766,10.61
2017-08-02,7,SKU-177952,BEVERAGES,1,69.2,774,10.61
2017-08-03,7,SKU-177952,BEVERAGES,0,50.1,397,10.61
2017-08-04,7,SKU-177952,BEVERAGES,0,52.7,724,10.61
2017-08-05,7,SKU-177952,BEVERAGES,0,66.2,101,10.61
2017-08-06,7,SKU-177952,BEVERAGES,1,85.9,56,10.61
2017-08-07,7,SKU-177952,BEVERAGES,0,51.6,94,10.61
2017-08-08,7,SKU-177952,BEVERAGES,1,66.0,860,10.61
2017-08-09,7,SKU-177952,BEVERAGES,1,67.7,376,10.61
2017-08-10,7,SKU-177952,BEVERAGES,1,69.6,657,10.61
2017-08-11,7,SKU-177952,BEVERAGES,0,51.0,706,10.61
2017-08-12,7,SKU-177952,BEVERAGES,0,64.0,268,10.61
2017-08-13,7,SKU-177952,BEVERAGES,1,89.4,373,10.61
2017-08-14,7,SKU-177952,BEVERAGES,0,48.6,296,10.61
2017-08-15,7,SKU-177952,BEVERAGES,0,53.5,357,10.61
2017-08-16,7,SKU-177952,BEVERAGES,0,53.0,369,10.61
2017-08-01,7,SKU-334257,BEVERAGES,0,133.8,583,43.01
2017-08-02,7,SKU-334257,BEVERAGES,0,135.9,1882,43.01
2017-08-03,7,SKU-334257,BEVERAGES,1,180.9,1076,43.01
2017-08-04,7,SKU-334257,BEVERAGES,0,129.7,1491,43.01
2017-08-05,7,SKU-334257,BEVERAGES,1,240.8,1270,43.01
2017-08-06,7,SKU-334257,BEVERAGES,0,163.8,921,43.01
2017-08-07,7,SKU-334257,BEVERAGES,0,141.9,1777,43.01
2017-08-08,7,SKU-334257,BEVERAGES,1,191.1,31,43.01
2017-08-09,7,SKU-334257,BEVERAGES,0,130.4,504,43.01
2017-08-10,7,SKU-334257,BEVERAGES,0,139.1,1278,43.01
2017-08-11,7,SKU-334257,BEVERAGES,0,130.9,244,43.01
2017-08-12,7,SKU-334257,BEVERAGES,0,166.7,1609,43.01
2017-08-13,7,SKU-334257,BEVERAGES,1,230.4,2237,43.01
2017-08-14,7,SKU-334257,BEVERAGES,0,142.8,706,43.01
2017-08-15,7,SKU-334257,BEVERAGES,1,192.2,2328,43.01
2017-08-16,7,SKU-334257,BEVERAGES,0,138.4,241,43.01
2017-08-01,7,SKU-305156,BEVERAGES,0,42.0,156,9.94
2017-08-02,7,SKU-305156,BEVERAGES,0,40.7,128,9.94
2017-08-03,7,SKU-305156,BEVERAGES,1,56.2,122,9.94
2017-08-04,7,SKU-305156,BEVERAGES,0,41.6,203,9.94
2017-08-05,7,SKU-305156,BEVERAGES,0,48.9,420,9.94
2017-08-06,7,SKU-305156,BEVERAGES,0,52.9,269,9.94
2017-08-07,7,SKU-305156,BEVERAGES,0,41.9,38,9.94
2017-08-08,7,SKU-305156,BEVERAGES,0,40.0,166,9.94
2017-08-09,7,SKU-305156,BEVERAGES,1,56.1,59,9.94
2017-08-10,7,SKU-305156,BEVERAGES,1,54.9,693,9.94
2017-08-11,7,SKU-305156,BEVERAGES,0,40.8,291,9.94
2017-08-12,7,SKU-305156,BEVERAGES,0,51.0,154,9.94
2017-08-13,7,SKU-305156,BEVERAGES,1,68.8,923,9.94
2017-08-14,7,SKU-305156,BEVERAGES,0,41.3,544,9.94
2017-08-15,7,SKU-305156,BEVERAGES,0,42.0,488,9.94
2017-08-16,7,SKU-305156,BEVERAGES,0,40.9,97,9.94
2017-08-01,7,SKU-639006,PRODUCE,0,93.1,403,24.91
2017-08-02,7,SKU-639006,PRODUCE,0,89.0,240,24.91
2017-08-03,7,SKU-639006,PRODUCE,0,93.5,166,24.91
2017-08-04,7,SKU-639006,PRODUCE,0,92.4,356,24.91
2017-08-05,7,SKU-639006,PRODUCE,0,114.8,295,24.91
2017-08-06,7,SKU-639006,PRODUCE,0,120.1,1205,24.91
2017-08-07,7,SKU-639006,PRODUCE,0,92.3,908,24.91
2017-08-08,7,SKU-639006,PRODUCE,1,126.0,474,24.91
2017-08-09,7,SKU-639006,PRODUCE,0,91.3,715,24.91
2017-08-10,7,SKU-639006,PRODUCE,0,95.1,871,24.91
2017-08-11,7,SKU-639006,PRODUCE,0,87.8,527,24.91
2017-08-12,7,SKU-639006,PRODUCE,0,113.9,593,24.91
2017-08-13,7,SKU-639006,PRODUCE,0,121.6,524,24.91
2017-08-14,7,SKU-639006,PRODUCE,0,88.4,637,24.91
2017-08-15,7,SKU-639006,PRODUCE,0,92.9,210,24.91
2017-08-16,7,SKU-639006,PRODUCE,0,94.8,66,24.91
2017-08-01,7,SKU-397399,PRODUCE,1,134.0,1534,39.64
2017-08-02,7,SKU-397399,PRODUCE,0,100.7,326,39.64
2017-08-03,7,SKU-397399,PRODUCE,0,103.5,425,39.64
2017-08-04,7,SKU-397399,PRODUCE,0,107.1,1484,39.64
2017-08-05,7,SKU-397399,PRODUCE,1,174.3,604,39.64
2017-08-06,7,SKU-397399,PRODUCE,0,127.0,984,39.64
2017-08-07,7,SKU-397399,PRODUCE,0,106.5,1017,39.64
2017-08-08,7,SKU-397399,PRODUCE,0,102.5,981,39.64
2017-08-09,7,SKU-397399,PRODUCE,0,101.3,537,39.64
2017-08-10,7,SKU-397399,PRODUCE,0,100.0,1163,39.64
2017-08-11,7,SKU-397399,PRODUCE,1,136.9,133,39.64
2017-08-12,7,SKU-397399,PRODUCE,1,172.8,957,39.64
2017-08-13,7,SKU-397399,PRODUCE,0,128.2,1425,39.64
2017-08-14,7,SKU-397399,PRODUCE,1,136.7,649,39.64
2017-08-15,7,SKU-397399,PRODUCE,0,99.9,1387,39.64
2017-08-16,7,SKU-397399,PRODUCE,0,104.8,1125,39.64
2017-08-01,7,SKU-985162,PRODUCE,0,238.1,1258,2.22
2017-08-02,7,SKU-985162,PRODUCE,1,321.8,4309,2.22
2017-08-03,7,SKU-985162,PRODUCE,0,243.0,1100,2.22
2017-08-04,7,SKU-985162,PRODUCE,1,305.7,2214,2.22
2017-08-05,7,SKU-985162,PRODUCE,1,397.2,2608,2.22
2017-08-06,7,SKU-985162,PRODUCE,1,396.9,3360,2.22
2017-08-07,7,SKU-985162,PRODUCE,0,242.5,2204,2.22
2017-08-08,7,SKU-985162,PRODUCE,0,223.2,1852,2.22
2017-08-09,7,SKU-985162,PRODUCE,0,222.8,1925,2.22
2017-08-10,7,SKU-985162,PRODUCE,0,227.3,2082,2.22
2017-08-11,7,SKU-985162,PRODUCE,0,230.1,489,2.22
2017-08-12,7,SKU-985162,PRODUCE,0,301.0,3041,2.22
2017-08-13,7,SKU-985162,PRODUCE,0,284.0,322,2.22
2017-08-14,7,SKU-985162,PRODUCE,0,245.0,754,2.22
2017-08-15,7,SKU-985162,PRODUCE,0,225.1,1912,2.22
2017-08-16,7,SKU-985162,PRODUCE,0,237.9,2869,2.22
2017-08-01,7,SKU-519655,PRODUCE,0,139.4,597,24.35
2017-08-02,7,SKU-519655,PRODUCE,0,134.0,1474,24.35
2017-08-03,7,SKU-519655,PRODUCE,0,136.3,736,24.35
2017-08-04,7,SKU-519655,PRODUCE,0,135.2,1486,24.35
2017-08-05,7,SKU-519655,PRODUCE,0,174.6,704,24.35
2017-08-06,7,SKU-519655,PRODUCE,1,218.2,2018,24.35
2017-08-07,7,SKU-519655,PRODUCE,0,132.8,584,24.35
2017-08-08,7,SKU-519655,PRODUCE,0,128.4,670,24.35
2017-08-09,7,SKU-519655,PRODUCE,0,133.8,188,24.35
2017-08-10,7,SKU-519655,PRODUCE,0,127.4,686,24.35
2017-08-11,7,SKU-519655,PRODUCE,1,186.7,197,24.35
2017-08-12,7,SKU-519655,PRODUCE,0,170.9,1281,24.35
2017-08-13,7,SKU-519655,PRODUCE,0,163.4,1125,24.35
2017-08-14,7,SKU-519655,PRODUCE,0,127.4,1119,24.35
2017-08-15,7,SKU-519655,PRODUCE,0,129.9,866,24.35
2017-08-16,7,SKU-519655,PRODUCE,1,184.8,1683,24.35
2017-08-01,7,SKU-368159,PRODUCE,0,172.2,1283,18.25
2017-08-02,7,SKU-368159,PRODUCE,0,181.8,1980,18.25
2017-08-03,7,SKU-368159,PRODUCE,0,168.5,246,18.25
2017-08-04,7,SKU-368159,PRODUCE,1,240.0,3314,18.25
2017-08-05,7,SKU-368159,PRODUCE,0,227.2,1837,18.25
2017-08-06,7,SKU-368159,PRODUCE,1,303.6,2736,18.25
2017-08-07,7,SKU-368159,PRODUCE,0,178.0,1051,18.25
2017-08-08,7,SKU-368159,PRODUCE,0,166.2,1119,18.25
2017-08-09,7,SKU-368159,PRODUCE,0,166.8,677,18.25
2017-08-10,7,SKU-368159,PRODUCE,0,175.3,690,18.25
2017-08-11,7,SKU-368159,PRODUCE,0,168.3,418,18.25
2017-08-12,7,SKU-368159,PRODUCE,1,290.6,2910,18.25
2017-08-13,7,SKU-368159,PRODUCE,0,230.5,887,18.25
2017-08-14,7,SKU-368159,PRODUCE,0,166.4,568,18.25
2017-08-15,7,SKU-368159,PRODUCE,0,166.9,579,18.25
2017-08-16,7,SKU-368159,PRODUCE,1,237.1,240,18.25
2017-08-01,7,SKU-425238,MEATS,0,95.6,987,21.29
2017-08-02,7,SKU-425238,MEATS,0,98.6,1097,21.29
2017-08-03,7,SKU-425238,MEATS,0,99.2,932,21.29
2017-08-04,7,SKU-425238,MEATS,0,97.7,480,21.29
2017-08-05,7,SKU-425238,MEATS,1,171.8,779,21.29
2017-08-06,7,SKU-425238,MEATS,0,118.8,165,21.29
2017-08-07,7,SKU-425238,MEATS,0,93.8,449,21.29
2017-08-08,7,SKU-425238,MEATS,1,129.9,1390,21.29
2017-08-09,7,SKU-425238,MEATS,1,129.2,1321,21.29
2017-08-10,7,SKU-425238,MEATS,1,131.3,394,21.29
2017-08-11,7,SKU-425238,MEATS,0,102.4,920,21.29
2017-08-12,7,SKU-425238,MEATS,0,126.4,761,21.29
2017-08-13,7,SKU-425238,MEATS,0,127.0,920,21.29
2017-08-14,7,SKU-425238,MEATS,1,135.6,1171,21.29
2017-08-15,7,SKU-425238,MEATS,0,101.5,1330,21.29
2017-08-16,7,SKU-425238,MEATS,0,98.1,362,21.29
2017-08-01,7,SKU-653095,MEATS,1,49.4,334,10.29
2017-08-02,7,SKU-653095,MEATS,0,36.1,211,10.29
2017-08-03,7,SKU-653095,MEATS,0,36.2,226,10.29
2017-08-04,7,SKU-653095,MEATS,0,37.2,407,10.29
2017-08-05,7,SKU-653095,MEATS,0,45.2,61,10.29
2017-08-06,7,SKU-653095,MEATS,1,61.5,156,10.29
2017-08-07,7,SKU-653095,MEATS,0,34.0,246,10.29
2017-08-08,7,SKU-653095,MEATS,1,46.4,151,10.29
2017-08-09,7,SKU-653095,MEATS,0,34.7,196,10.29
2017-08-10,7,SKU-653095,MEATS,0,36.4,491,10.29
2017-08-11,7,SKU-653095,MEATS,1,48.5,501,10.29
2017-08-12,7,SKU-653095,MEATS,1,58.3,14,10.29
2017-08-13,7,SKU-653095,MEATS,0,45.4,487,10.29
2017-08-14,7,SKU-653095,MEATS,0,35.9,264,10.29
2017-08-15,7,SKU-653095,MEATS,0,35.1,19,10.29
2017-08-16,7,SKU-653095,MEATS,0,36.8,429,10.29
2017-08-01,7,SKU-909634,MEATS,1,50.6,620,30.06
2017-08-02,7,SKU-909634,MEATS,0,37.3,87,30.06
2017-08-03,7,SKU-909634,MEATS,0,37.7,327,30.06
2017-08-04,7,SKU-909634,MEATS,1,51.5,456,30.06
2017-08-05,7,SKU-909634,MEATS,1,63.4,325,30.06
2017-08-06,7,SKU-909634,MEATS,1,65.5,171,30.06
2017-08-07,7,SKU-909634,MEATS,0,37.8,227,30.06
2017-08-08,7,SKU-909634,MEATS,0,39.6,425,30.06
2017-08-09,7,SKU-909634,MEATS,0,38.6,485,30.06
2017-08-10,7,SKU-909634,MEATS,0,37.0,285,30.06
2017-08-11,7,SKU-909634,MEATS,1,48.9,673,30.06
2017-08-12,7,SKU-909634,MEATS,0,47.3,200,30.06
2017-08-13,7,SKU-909634,MEATS,0,49.4,661,30.06
2017-08-14,7,SKU-909634,MEATS,0,39.7,459,30.06
2017-08-15,7,SKU-909634,MEATS,0,38.6,240,30.06
2017-08-16,7,SKU-909634,MEATS,0,36.3,356,30.06
2017-08-01,7,SKU-487684,MEATS,0,232.5,363,8.4
2017-08-02,7,SKU-487684,MEATS,0,229.2,1966,8.4
2017-08-03,7,SKU-487684,MEATS,0,221.3,1576,8.4
2017-08-04,7,SKU-487684,MEATS,1,292.2,4019,8.4
2017-08-05,7,SKU-487684,MEATS,0,274.0,1594,8.4
2017-08-06,7,SKU-487684,MEATS,0,274.4,1126,8.4
2017-08-07,7,SKU-487684,MEATS,1,317.0,1418,8.4
2017-08-08,7,SKU-487684,MEATS,0,230.2,1939,8.4
2017-08-09,7,SKU-487684,MEATS,0,233.6,264,8.4
2017-08-10,7,SKU-487684,MEATS,0,221.9,1733,8.4
2017-08-11,7,SKU-487684,MEATS,0,227.8,3061,8.4
2017-08-12,7,SKU-487684,MEATS,0,283.1,958,8.4
2017-08-13,7,SKU-487684,MEATS,1,399.3,4397,8.4
2017-08-14,7,SKU-487684,MEATS,0,233.8,512,8.4
2017-08-15,7,SKU-487684,MEATS,0,224.5,1551,8.4
2017-08-16,7,SKU-487684,MEATS,1,307.0,553,8.4
2017-08-01,7,SKU-167690,MEATS,1,151.8,1000,10.54
2017-08-02,7,SKU-167690,MEATS,0,109.2,1467,10.54
2017-08-03,7,SKU-167690,MEATS,0,110.0,807,10.54
2017-08-04,7,SKU-167690,MEATS,1,147.5,377,10.54
2017-08-05,7,SKU-167690,MEATS,0,142.6,1425,10.54
2017-08-06,7,SKU-167690,MEATS,1,187.0,206,10.54
2017-08-07,7,SKU-167690,MEATS,1,149.0,1303,10.54
2017-08-08,7,SKU-167690,MEATS,0,111.6,328,10.54
2017-08-09,7,SKU-167690,MEATS,1,154.5,1200,10.54
2017-08-10,7,SKU-167690,MEATS,0,106.8,134,10.54
2017-08-11,7,SKU-167690,MEATS,0,109.0,1455,10.54
2017-08-12,7,SKU-167690,MEATS,1,192.4,1399,10.54
2017-08-13,7,SKU-167690,MEATS,0,147.0,778,10.54
2017-08-14,7,SKU-167690,MEATS,0,111.0,1359,10.54
2017-08-15,7,SKU-167690,MEATS,1,142.6,1770,10.54
2017-08-16,7,SKU-167690,MEATS,0,105.9,1258,10.54
2017-08-01,8,SKU-517579,BEVERAGES,1,133.1,1250,40.63
2017-08-02,8,SKU-517579,BEVERAGES,0,98.5,410,40.63
2017-08-03,8,SKU-517579,BEVERAGES,0,100.4,350,40.63
2017-08-04,8,SKU-517579,BEVERAGES,1,130.4,976,40.63
2017-08-05,8,SKU-517579,BEVERAGES,1,169.8,1538,40.63
2017-08-06,8,SKU-517579,BEVERAGES,1,173.8,612,40.63
2017-08-07,8,SKU-517579,BEVERAGES,0,96.8,25,40.63
2017-08-08,8,SKU-517579,BEVERAGES,0,96.1,764,40.63
2017-08-09,8,SKU-517579,BEVERAGES,1,135.9,1057,40.63
2017-08-10,8,SKU-517579,BEVERAGES,0,95.7,497,40.63
2017-08-11,8,SKU-517579,BEVERAGES,0,93.6,699,40.63
2017-08-12,8,SKU-517579,BEVERAGES,1,170.2,1901,40.63
2017-08-13,8,SKU-517579,BEVERAGES,0,119.9,194,40.63
2017-08-14,8,SKU-517579,BEVERAGES,1,134.6,1087,40.63
2017-08-15,8,SKU-517579,BEVERAGES,0,98.8,53,40.63
2017-08-16,8,SKU-517579,BEVERAGES,0,96.0,601,40.63
2017-08-01,8,SKU-972582,BEVERAGES,1,276.9,3869,43.84
2017-08-02,8,SKU-972582,BEVERAGES,0,198.5,2291,43.84
2017-08-03,8,SKU-972582,BEVERAGES,0,199.2,668,43.84
2017-08-04,8,SKU-972582,BEVERAGES,0,213.2,1867,43.84
2017-08-05,8,SKU-972582,BEVERAGES,0,263.3,3414,43.84
2017-08-06,8,SKU-972582,BEVERAGES,1,349.0,4799,43.84
2017-08-07,8,SKU-972582,BEVERAGES,1,269.0,142,43.84
2017-08-08,8,SKU-972582,BEVERAGES,0,213.1,556,43.84
2017-08-09,8,SKU-972582,BEVERAGES,0,199.9,2577,43.84
2017-08-10,8,SKU-972582,BEVERAGES,0,216.9,2869,43.84
2017-08-11,8,SKU-972582,BEVERAGES,0,207.6,81,43.84
2017-08-12,8,SKU-972582,BEVERAGES,1,356.0,382,43.84
2017-08-13,8,SKU-972582,BEVERAGES,0,260.1,3424,43.84
2017-08-14,8,SKU-972582,BEVERAGES,0,216.0,1114,43.84
2017-08-15,8,SKU-972582,BEVERAGES,0,218.3,62,43.84
2017-08-16,8,SKU-972582,BEVERAGES,1,277.6,49,43.84
2017-08-01,8,SKU-926297,BEVERAGES,0,265.3,2733,37.15
2017-08-02,8,SKU-926297,BEVERAGES,0,261.6,1524,37.15
2017-08-03,8,SKU-926297,BEVERAGES,0,248.3,2656,37.15
2017-08-04,8,SKU-926297,BEVERAGES,1,333.7,1159,37.15
2017-08-05,8,SKU-926297,BEVERAGES,0,329.3,3444,37.15
2017-08-06,8,SKU-926297,BEVERAGES,0,323.6,1104,37.15
2017-08-07,8,SKU-926297,BEVERAGES,0,246.6,3054,37.15
2017-08-08,8,SKU-926297,BEVERAGES,0,257.4,945,37.15
2017-08-09,8,SKU-926297,BEVERAGES,0,247.8,1128,37.15
2017-08-10,8,SKU-926297,BEVERAGES,0,259.2,1333,37.15
2017-08-11,8,SKU-926297,BEVERAGES,1,339.8,2607,37.15
2017-08-12,8,SKU-926297,BEVERAGES,0,334.6,1725,37.15
2017-08-13,8,SKU-926297,BEVERAGES,0,332.5,822,37.15
2017-08-14,8,SKU-926297,BEVERAGES,1,329.4,3041,37.15
2017-08-15,8,SKU-926297,BEVERAGES,0,263.5,2088,37.15
2017-08-16,8,SKU-926297,BEVERAGES,0,243.7,1272,37.15
2017-08-01,8,SKU-899083,BEVERAGES,1,126.0,1407,2.91
2017-08-02,8,SKU-899083,BEVERAGES,0,92.6,1262,2.91
2017-08-03,8,SKU-899083,BEVERAGES,0,96.5,827,2.91
2017-08-04,8,SKU-899083,BEVERAGES,0,99.4,941,2.91
2017-08-05,8,SKU-899083,BEVERAGES,0,125.0,325,2.91
2017-08-06,8,SKU-899083,BEVERAGES,0,126.0,1106,2.91
2017-08-07,8,SKU-899083,BEVERAGES,1,130.9,1539,2.91
2017-08-08,8,SKU-899083,BEVERAGES,1,126.0,307,2.91
2017-08-09,8,SKU-899083,BEVERAGES,0,97.4,317,2.91
2017-08-10,8,SKU-899083,BEVERAGES,0,94.0,1275,2.91
2017-08-11,8,SKU-899083,BEVERAGES,0,94.5,262,2.91
2017-08-12,8,SKU-899083,BEVERAGES,0,116.6,182,2.91
2017-08-13,8,SKU-899083,BEVERAGES,1,170.9,401,2.91
2017-08-14,8,SKU-899083,BEVERAGES,0,93.9,612,2.91
2017-08-15,8,SKU-899083,BEVERAGES,0,93.6,271,2.91
2017-08-16,8,SKU-899083,BEVERAGES,1,131.6,1173,2.91
2017-08-01,8,SKU-146526,BEVERAGES,1,36.7,32,36.39
2017-08-02,8,SKU-146526,BEVERAGES,0,27.3,188,36.39
2017-08-03,8,SKU-146526,BEVERAGES,1,38.7,114,36.39
2017-08-04,8,SKU-146526,BEVERAGES,0,29.0,379,36.39
2017-08-05,8,SKU-146526,BEVERAGES,0,36.7,469,36.39
2017-08-06,8,SKU-146526,BEVERAGES,0,35.5,93,36.39
2017-08-07,8,SKU-146526,BEVERAGES,1,38.1,494,36.39
2017-08-08,8,SKU-146526,BEVERAGES,1,38.0,309,36.39
2017-08-09,8,SKU-146526,BEVERAGES,0,27.8,279,36.39
2017-08-10,8,SKU-146526,BEVERAGES,0,28.1,320,36.39
2017-08-11,8,SKU-146526,BEVERAGES,0,28.4,193,36.39
2017-08-12,8,SKU-146526,BEVERAGES,0,37.6,369,36.39
2017-08-13,8,SKU-146526,BEVERAGES,0,36.0,88,36.39
2017-08-14,8,SKU-146526,BEVERAGES,0,29.0,376,36.39
2017-08-15,8,SKU-146526,BEVERAGES,1,37.7,234,36.39
2017-08-16,8,SKU-146526,BEVERAGES,0,27.4,185,36.39
2017-08-01,8,SKU-916517,PRODUCE,0,56.5,473,41.3
2017-08-02,8,SKU-916517,PRODUCE,0,54.0,247,41.3
2017-08-03,8,SKU-916517,PRODUCE,0,55.7,155,41.3
2017-08-04,8,SKU-916517,PRODUCE,0,57.4,432,41.3
2017-08-05,8,SKU-916517,PRODUCE,0,70.3,829,41.3
2017-08-06,8,SKU-916517,PRODUCE,0,72.7,773,41.3
2017-08-07,8,SKU-916517,PRODUCE,0,55.1,368,41.3
2017-08-08,8,SKU-916517,PRODUCE,0,53.7,92,41.3
2017-08-09,8,SKU-916517,PRODUCE,0,56.3,670,41.3
2017-08-10,8,SKU-916517,PRODUCE,0,58.7,785,41.3
2017-08-11,8,SKU-916517,PRODUCE,1,78.5,406,41.3
2017-08-12,8,SKU-916517,PRODUCE,0,71.6,564,41.3
2017-08-13,8,SKU-916517,PRODUCE,1,100.7,721,41.3
2017-08-14,8,SKU-916517,PRODUCE,0,54.5,13,41.3
2017-08-15,8,SKU-916517,PRODUCE,0,56.6,655,41.3
2017-08-16,8,SKU-916517,PRODUCE,0,58.6,518,41.3
2017-08-01,8,SKU-118077,PRODUCE,0,188.1,2225,40.84
2017-08-02,8,SKU-118077,PRODUCE,0,185.4,1267,40.84
2017-08-03,8,SKU-118077,PRODUCE,0,187.8,2473,40.84
2017-08-04,8,SKU-118077,PRODUCE,1,266.5,899,40.84
2017-08-05,8,SKU-118077,PRODUCE,0,253.6,30,40.84
2017-08-06,8,SKU-118077,PRODUCE,0,239.1,1913,40.84
2017-08-07,8,SKU-118077,PRODUCE,0,189.9,2261,40.84
2017-08-08,8,SKU-118077,PRODUCE,0,186.7,1901,40.84
2017-08-09,8,SKU-118077,PRODUCE,0,192.3,1744,40.84
2017-08-10,8,SKU-118077,PRODUCE,0,191.3,1968,40.84
2017-08-11,8,SKU-118077,PRODUCE,1,262.1,46,40.84
2017-08-12,8,SKU-118077,PRODUCE,0,242.1,1156,40.84
2017-08-13,8,SKU-118077,PRODUCE,0,247.8,429,40.84
2017-08-14,8,SKU-118077,PRODUCE,0,193.7,862,40.84
2017-08-15,8,SKU-118077,PRODUCE,1,259.6,3162,40.84
2017-08-16,8,SKU-118077,PRODUCE,1,270.1,186,40.84
2017-08-01,8,SKU-928343,PRODUCE,0,55.6,151,3.0
2017-08-02,8,SKU-928343,PRODUCE,0,55.9,539,3.0
2017-08-03,8,SKU-928343,PRODUCE,0,57.6,795,3.0
2017-08-04,8,SKU-928343,PRODUCE,0,58.2,790,3.0
2017-08-05,8,SKU-928343,PRODUCE,0,71.9,857,3.0
2017-08-06,8,SKU-928343,PRODUCE,1,98.8,206,3.0
2017-08-07,8,SKU-928343,PRODUCE,1,74.9,376,3.0
2017-08-08,8,SKU-928343,PRODUCE,0,57.1,633,3.0
2017-08-09,8,SKU-928343,PRODUCE,1,79.2,34,3.0
2017-08-10,8,SKU-928343,PRODUCE,0,58.8,371,3.0
2017-08-11,8,SKU-928343,PRODUCE,1,80.0,718,3.0
2017-08-12,8,SKU-928343,PRODUCE,0,73.6,940,3.0
2017-08-13,8,SKU-928343,PRODUCE,0,74.9,335,3.0
2017-08-14,8,SKU-928343,PRODUCE,0,58.2,555,3.0
2017-08-15,8,SKU-928343,PRODUCE,1,75.4,284,3.0
2017-08-16,8,SKU-928343,PRODUCE,1,75.0,492,3.0
2017-08-01,8,SKU-163805,PRODUCE,0,152.8,1364,14.8
2017-08-02,8,SKU-163805,PRODUCE,0,151.4,426,14.8
2017-08-03,8,SKU-163805,PRODUCE,0,163.8,1303,14.8
2017-08-04,8,SKU-163805,PRODUCE,0,155.2,1245,14.8
2017-08-05,8,SKU-163805,PRODUCE,0,202.4,152,14.8
2017-08-06,8,SKU-163805,PRODUCE,0,195.1,897,14.8
2017-08-07,8,SKU-163805,PRODUCE,1,206.1,904,14.8
2017-08-08,8,SKU-163805,PRODUCE,0,163.4,959,14.8
2017-08-09,8,SKU-163805,PRODUCE,1,220.5,963,14.8
2017-08-10,8,SKU-163805,PRODUCE,0,155.4,1813,14.8
2017-08-11,8,SKU-163805,PRODUCE,0,154.7,1474,14.8
2017-08-12,8,SKU-163805,PRODUCE,0,197.9,1500,14.8
2017-08-13,8,SKU-163805,PRODUCE,0,197.8,1394,14.8
2017-08-14,8,SKU-163805,PRODUCE,1,207.8,2526,14.8
2017-08-15,8,SKU-163805,PRODUCE,0,150.1,1525,14.8
2017-08-16,8,SKU-163805,PRODUCE,0,165.5,2023,14.8
2017-08-01,8,SKU-504593,PRODUCE,0,89.8,406,18.09
2017-08-02,8,SKU-504593,PRODUCE,0,87.9,1042,18.09
2017-08-03,8,SKU-504593,PRODUCE,1,122.6,1465,18.09
2017-08-04,8,SKU-504593,PRODUCE,0,86.6,754,18.09
2017-08-05,8,SKU-504593,PRODUCE,0,115.7,1457,18.09
2017-08-06,8,SKU-504593,PRODUCE,1,157.3,1684,18.09
2017-08-07,8,SKU-504593,PRODUCE,0,87.9,904,18.09
2017-08-08,8,SKU-504593,PRODUCE,0,90.5,397,18.09
2017-08-09,8,SKU-504593,PRODUCE,0,88.1,776,18.09
2017-08-10,8,SKU-504593,PRODUCE,0,87.0,409,18.09
2017-08-11,8,SKU-504593,PRODUCE,0,94.5,82,18.09
2017-08-12,8,SKU-504593,PRODUCE,0,115.5,783,18.09
2017-08-13,8,SKU-504593,PRODUCE,0,109.3,1512,18.09
2017-08-14,8,SKU-504593,PRODUCE,0,89.8,596,18.09
2017-08-15,8,SKU-504593,PRODUCE,0,89.6,817,18.09
2017-08-16,8,SKU-504593,PRODUCE,1,119.0,1401,18.09
2017-08-01,8,SKU-412601,MEATS,0,83.3,541,3.12
2017-08-02,8,SKU-412601,MEATS,0,83.6,1029,3.12
2017-08-03,8,SKU-412601,MEATS,1,112.6,354,3.12
2017-08-04,8,SKU-412601,MEATS,1,109.9,1339,3.12
2017-08-05,8,SKU-412601,MEATS,1,134.2,1457,3.12
2017-08-06,8,SKU-412601,MEATS,0,99.2,158,3.12
2017-08-07,8,SKU-412601,MEATS,1,105.6,774,3.12
2017-08-08,8,SKU-412601,MEATS,0,83.6,398,3.12
2017-08-09,8,SKU-412601,MEATS,1,111.7,686,3.12
2017-08-10,8,SKU-412601,MEATS,0,81.9,1047,3.12
2017-08-11,8,SKU-412601,MEATS,1,104.9,1305,3.12
2017-08-12,8,SKU-412601,MEATS,0,101.7,1185,3.12
2017-08-13,8,SKU-412601,MEATS,0,103.8,870,3.12
2017-08-14,8,SKU-412601,MEATS,1,104.3,620,3.12
2017-08-15,8,SKU-412601,MEATS,1,102.7,170,3.12
2017-08-16,8,SKU-412601,MEATS,1,105.5,1441,3.12
2017-08-01,8,SKU-780772,MEATS,0,40.0,124,33.42
2017-08-02,8,SKU-780772,MEATS,0,38.8,170,33.42
2017-08-03,8,SKU-780772,MEATS,0,40.5,566,33.42
2017-08-04,8,SKU-780772,MEATS,0,40.2,288,33.42
2017-08-05,8,SKU-780772,MEATS,0,53.3,431,33.42
2017-08-06,8,SKU-780772,MEATS,0,52.9,35,33.42
2017-08-07,8,SKU-780772,MEATS,1,56.9,465,33.42
2017-08-08,8,SKU-780772,MEATS,0,39.5,161,33.42
2017-08-09,8,SKU-780772,MEATS,0,40.6,537,33.42
2017-08-10,8,SKU-780772,MEATS,0,41.3,401,33.42
2017-08-11,8,SKU-780772,MEATS,1,52.3,302,33.42
2017-08-12,8,SKU-780772,MEATS,1,71.5,928,33.42
2017-08-13,8,SKU-780772,MEATS,1,67.6,483,33.42
2017-08-14,8,SKU-780772,MEATS,0,41.3,324,33.42
2017-08-15,8,SKU-780772,MEATS,0,42.4,411,33.42
2017-08-16,8,SKU-780772,MEATS,0,39.4,472,33.42
2017-08-01,8,SKU-168908,MEATS,0,63.5,834,10.49
2017-08-02,8,SKU-168908,MEATS,1,93.3,60,10.49
2017-08-03,8,SKU-168908,MEATS,1,93.5,1234,10.49
2017-08-04,8,SKU-168908,MEATS,0,67.3,123,10.49
2017-08-05,8,SKU-168908,MEATS,1,107.5,485,10.49
2017-08-06,8,SKU-168908,MEATS,1,111.6,213,10.49
2017-08-07,8,SKU-168908,MEATS,1,93.4,252,10.49
2017-08-08,8,SKU-168908,MEATS,1,88.1,476,10.49
2017-08-09,8,SKU-168908,MEATS,0,63.0,243,10.49
2017-08-10,8,SKU-168908,MEATS,0,68.8,640,10.49
2017-08-11,8,SKU-168908,MEATS,1,91.0,175,10.49
2017-08-12,8,SKU-168908,MEATS,1,117.0,576,10.49
2017-08-13,8,SKU-168908,MEATS,0,85.0,869,10.49
2017-08-14,8,SKU-168908,MEATS,1,85.1,177,10.49
2017-08-15,8,SKU-168908,MEATS,0,66.8,41,10.49
2017-08-16,8,SKU-168908,MEATS,0,66.5,689,10.49
2017-08-01,8,SKU-990521,MEATS,1,197.3,706,36.91
2017-08-02,8,SKU-990521,MEATS,1,200.6,2020,36.91
2017-08-03,8,SKU-990521,MEATS,0,146.9,1347,36.91
2017-08-04,8,SKU-990521,MEATS,0,151.6,220,36.91
2017-08-05,8,SKU-990521,MEATS,1,253.5,2268,36.91
2017-08-06,8,SKU-990521,MEATS,1,254.1,2755,36.91
2017-08-07,8,SKU-990521,MEATS,1,199.9,1140,36.91
2017-08-08,8,SKU-990521,MEATS,1,195.8,88,36.91
2017-08-09,8,SKU-990521,MEATS,1,209.2,2848,36.91
2017-08-10,8,SKU-990521,MEATS,0,145.0,222,36.91
2017-08-11,8,SKU-990521,MEATS,0,151.8,770,36.91
2017-08-12,8,SKU-990521,MEATS,0,192.3,1539,36.91
2017-08-13,8,SKU-990521,MEATS,0,197.4,557,36.91
2017-08-14,8,SKU-990521,MEATS,1,210.5,1711,36.91
2017-08-15,8,SKU-990521,MEATS,0,147.3,1827,36.91
2017-08-16,8,SKU-990521,MEATS,0,153.9,2133,36.91
2017-08-01,8,SKU-361387,MEATS,0,150.4,47,33.98
2017-08-02,8,SKU-361387,MEATS,0,151.3,638,33.98
2017-08-03,8,SKU-361387,MEATS,1,206.7,1319,33.98
2017-08-04,8,SKU-361387,MEATS,0,151.5,95,33.98
2017-08-05,8,SKU-361387,MEATS,1,271.4,697,33.98
2017-08-06,8,SKU-361387,MEATS,0,184.6,1711,33.98
2017-08-07,8,SKU-361387,MEATS,0,156.8,1652,33.98
2017-08-08,8,SKU-361387,MEATS,0,153.3,1480,33.98
2017-08-09,8,SKU-361387,MEATS,0,151.2,1369,33.98
2017-08-10,8,SKU-361387,MEATS,0,153.8,1323,33.98
2017-08-11,8,SKU-361387,MEATS,1,207.5,1514,33.98
2017-08-12,8,SKU-361387,MEATS,0,190.5,652,33.98
2017-08-13,8,SKU-361387,MEATS,0,192.6,1596,33.98
2017-08-14,8,SKU-361387,MEATS,1,201.8,1119,33.98
2017-08-15,8,SKU-361387,MEATS,0,145.1,1572,33.98
2017-08-16,8,SKU-361387,MEATS,0,153.2,1478,33.98
2017-08-01,9,SKU-294473,BEVERAGES,0,152.4,1591,24.93
2017-08-02,9,SKU-294473,BEVERAGES,1,225.6,2843,24.93
2017-08-03,9,SKU-294473,BEVERAGES,1,221.4,1911,24.93
2017-08-04,9,SKU-294473,BEVERAGES,0,161.2,135,24.93
2017-08-05,9,SKU-294473,BEVERAGES,1,271.0,2649,24.93
2017-08-06,9,SKU-294473,BEVERAGES,0,201.8,858,24.93
2017-08-07,9,SKU-294473,BEVERAGES,0,157.5,11,24.93
2017-08-08,9,SKU-294473,BEVERAGES,0,159.0,1922,24.93
2017-08-09,9,SKU-294473,BEVERAGES,0,157.0,2186,24.93
2017-08-10,9,SKU-294473,BEVERAGES,0,158.8,1107,24.93
2017-08-11,9,SKU-294473,BEVERAGES,1,211.5,1158,24.93
2017-08-12,9,SKU-294473,BEVERAGES,1,259.9,3149,24.93
2017-08-13,9,SKU-294473,BEVERAGES,0,202.8,2153,24.93
2017-08-14,9,SKU-294473,BEVERAGES,0,165.4,2267,24.93
2017-08-15,9,SKU-294473,BEVERAGES,0,166.2,12,24.93
2017-08-16,9,SKU-294473,BEVERAGES,1,210.9,926,24.93
2017-08-01,9,SKU-364250,BEVERAGES,1,104.7,133,25.72
2017-08-02,9,SKU-364250,BEVERAGES,0,81.0,259,25.72
2017-08-03,9,SKU-364250,BEVERAGES,0,82.5,1102,25.72
2017-08-04,9,SKU-364250,BEVERAGES,1,109.9,297,25.72
2017-08-05,9,SKU-364250,BEVERAGES,0,98.2,444,25.72
2017-08-06,9,SKU-364250,BEVERAGES,1,138.6,1407,25.72
2017-08-07,9,SKU-364250,BEVERAGES,0,82.2,954,25.72
2017-08-08,9,SKU-364250,BEVERAGES,0,81.9,319,25.72
2017-08-09,9,SKU-364250,BEVERAGES,0,80.2,737,25.72
2017-08-10,9,SKU-364250,BEVERAGES,0,77.6,1078,25.72
2017-08-11,9,SKU-364250,BEVERAGES,0,80.8,248,25.72
2017-08-12,9,SKU-364250,BEVERAGES,0,97.6,347,25.72
2017-08-13,9,SKU-364250,BEVERAGES,0,96.7,782,25.72
2017-08-14,9,SKU-364250,BEVERAGES,0,81.5,218,25.72
2017-08-15,9,SKU-364250,BEVERAGES,0,75.2,512,25.72
2017-08-16,9,SKU-364250,BEVERAGES,0,82.8,918,25.72
2017-08-01,9,SKU-620709,BEVERAGES,0,253.8,1387,22.74
2017-08-02,9,SKU-620709,BEVERAGES,0,258.4,936,22.74
2017-08-03,9,SKU-620709,BEVERAGES,0,242.8,1155,22.74
2017-08-04,9,SKU-620709,BEVERAGES,0,253.6,744,22.74
2017-08-05,9,SKU-620709,BEVERAGES,1,412.0,1481,22.74
2017-08-06,9,SKU-620709,BEVERAGES,0,322.5,1936,22.74
2017-08-07,9,SKU-620709,BEVERAGES,1,345.2,4492,22.74
2017-08-08,9,SKU-620709,BEVERAGES,1,320.6,3759,22.74
2017-08-09,9,SKU-620709,BEVERAGES,1,352.3,626,22.74
2017-08-10,9,SKU-620709,BEVERAGES,0,241.2,893,22.74
2017-08-11,9,SKU-620709,BEVERAGES,1,351.7,2933,22.74
2017-08-12,9,SKU-620709,BEVERAGES,1,403.2,216,22.74
2017-08-13,9,SKU-620709,BEVERAGES,0,310.6,3870,22.74
2017-08-14,9,SKU-620709,BEVERAGES,0,247.0,1830,22.74
2017-08-15,9,SKU-620709,BEVERAGES,0,258.8,1688,22.74
2017-08-16,9,SKU-620709,BEVERAGES,0,257.3,1130,22.74
2017-08-01,9,SKU-454489,BEVERAGES,0,88.0,224,22.74
2017-08-02,9,SKU-454489,BEVERAGES,0,95.7,538,22.74
2017-08-03,9,SKU-454489,BEVERAGES,0,89.1,616,22.74
2017-08-04,9,SKU-454489,BEVERAGES,0,87.2,577,22.74
2017-08-05,9,SKU-454489,BEVERAGES,0,111.3,1074,22.74
2017-08-06,9,SKU-454489,BEVERAGES,1,154.3,1352,22.74
2017-08-07,9,SKU-454489,BEVERAGES,1,127.5,832,22.74
2017-08-08,9,SKU-454489,BEVERAGES,1,118.8,856,22.74
2017-08-09,9,SKU-454489,BEVERAGES,0,88.3,532,22.74
2017-08-10,9,SKU-454489,BEVERAGES,0,93.2,600,22.74
2017-08-11,9,SKU-454489,BEVERAGES,0,88.2,181,22.74
2017-08-12,9,SKU-454489,BEVERAGES,0,121.1,172,22.74
2017-08-13,9,SKU-454489,BEVERAGES,0,119.7,130,22.74
2017-08-14,9,SKU-454489,BEVERAGES,1,123.7,712,22.74
2017-08-15,9,SKU-454489,BEVERAGES,0,89.6,390,22.74
2017-08-16,9,SKU-454489,BEVERAGES,1,126.2,1186,22.74
2017-08-01,9,SKU-809380,BEVERAGES,0,27.0,219,40.82
2017-08-02,9,SKU-809380,BEVERAGES,0,27.9,210,40.82
2017-08-03,9,SKU-809380,BEVERAGES,0,26.7,340,40.82
2017-08-04,9,SKU-809380,BEVERAGES,0,26.9,161,40.82
2017-08-05,9,SKU-809380,BEVERAGES,0,34.7,326,40.82
2017-08-06,9,SKU-809380,BEVERAGES,1,47.8,107,40.82
2017-08-07,9,SKU-809380,BEVERAGES,0,26.2,16,40.82
2017-08-08,9,SKU-809380,BEVERAGES,0,26.8,259,40.82
2017-08-09,9,SKU-809380,BEVERAGES,1,38.6,413,40.82
2017-08-10,9,SKU-809380,BEVERAGES,0,27.1,110,40.82
2017-08-11,9,SKU-809380,BEVERAGES,0,26.5,45,40.82
2017-08-12,9,SKU-809380,BEVERAGES,0,35.5,351,40.82
2017-08-13,9,SKU-809380,BEVERAGES,0,34.8,256,40.82
2017-08-14,9,SKU-809380,BEVERAGES,0,26.2,263,40.82
2017-08-15,9,SKU-809380,BEVERAGES,0,26.6,27,40.82
2017-08-16,9,SKU-809380,BEVERAGES,0,27.5,294,40.82
2017-08-01,9,SKU-892976,PRODUCE,0,209.1,149,41.75
2017-08-02,9,SKU-892976,PRODUCE,0,208.4,1632,41.75
2017-08-03,9,SKU-892976,PRODUCE,0,206.2,113,41.75
2017-08-04,9,SKU-892976,PRODUCE,1,294.5,1482,41.75
2017-08-05,9,SKU-892976,PRODUCE,1,352.8,4842,41.75
2017-08-06,9,SKU-892976,PRODUCE,0,264.4,2516,41.75
2017-08-07,9,SKU-892976,PRODUCE,1,289.8,3497,41.75
2017-08-08,9,SKU-892976,PRODUCE,0,211.4,285,41.75
2017-08-09,9,SKU-892976,PRODUCE,0,210.5,2705,41.75
2017-08-10,9,SKU-892976,PRODUCE,0,214.6,1604,41.75
2017-08-11,9,SKU-892976,PRODUCE,1,306.3,3233,41.75
2017-08-12,9,SKU-892976,PRODUCE,1,379.2,5113,41.75
2017-08-13,9,SKU-892976,PRODUCE,1,353.1,1992,41.75
2017-08-14,9,SKU-892976,PRODUCE,0,212.9,822,41.75
2017-08-15,9,SKU-892976,PRODUCE,0,225.5,120,41.75
2017-08-16,9,SKU-892976,PRODUCE,1,298.3,4026,41.75
2017-08-01,9,SKU-302546,PRODUCE,0,211.0,1005,31.31
2017-08-02,9,SKU-302546,PRODUCE,1,281.0,2562,31.31
2017-08-03,9,SKU-302546,PRODUCE,0,205.1,125,31.31
2017-08-04,9,SKU-302546,PRODUCE,1,262.9,1466,31.31
2017-08-05,9,SKU-302546,PRODUCE,0,264.9,2045,31.31
2017-08-06,9,SKU-302546,PRODUCE,0,260.9,3075,31.31
2017-08-07,9,SKU-302546,PRODUCE,0,206.1,1663,31.31
2017-08-08,9,SKU-302546,PRODUCE,0,196.8,744,31.31
2017-08-09,9,SKU-302546,PRODUCE,0,199.9,85,31.31
2017-08-10,9,SKU-302546,PRODUCE,0,197.0,798,31.31
2017-08-11,9,SKU-302546,PRODUCE,1,273.9,1038,31.31
2017-08-12,9,SKU-302546,PRODUCE,0,248.6,268,31.31
2017-08-13,9,SKU-302546,PRODUCE,0,267.8,2719,31.31
2017-08-14,9,SKU-302546,PRODUCE,1,287.0,3743,31.31
2017-08-15,9,SKU-302546,PRODUCE,1,279.2,1323,31.31
2017-08-16,9,SKU-302546,PRODUCE,0,204.4,1653,31.31
2017-08-01,9,SKU-481598,PRODUCE,1,364.2,1794,7.99
2017-08-02,9,SKU-481598,PRODUCE,0,278.3,1362,7.99
2017-08-03,9,SKU-481598,PRODUCE,0,262.6,246,7.99
2017-08-04,9,SKU-481598,PRODUCE,0,273.7,3123,7.99
2017-08-05,9,SKU-481598,PRODUCE,1,458.6,3691,7.99
2017-08-06,9,SKU-481598,PRODUCE,1,460.6,2643,7.99
2017-08-07,9,SKU-481598,PRODUCE,0,265.9,106,7.99
2017-08-08,9,SKU-481598,PRODUCE,0,279.5,297,7.99
2017-08-09,9,SKU-481598,PRODUCE,0,271.5,305,7.99
2017-08-10,9,SKU-481598,PRODUCE,0,287.3,87,7.99
2017-08-11,9,SKU-481598,PRODUCE,0,272.8,2572,7.99
2017-08-12,9,SKU-481598,PRODUCE,0,338.9,4021,7.99
2017-08-13,9,SKU-481598,PRODUCE,0,359.8,2051,7.99
2017-08-14,9,SKU-481598,PRODUCE,1,382.6,5174,7.99
2017-08-15,9,SKU-481598,PRODUCE,0,275.2,2913,7.99
2017-08-16,9,SKU-481598,PRODUCE,1,389.8,1777,7.99
2017-08-01,9,SKU-617951,PRODUCE,0,90.8,775,24.46
2017-08-02,9,SKU-617951,PRODUCE,0,90.3,424,24.46
2017-08-03,9,SKU-617951,PRODUCE,0,86.6,767,24.46
2017-08-04,9,SKU-617951,PRODUCE,0,88.7,190,24.46
2017-08-05,9,SKU-617951,PRODUCE,1,152.8,542,24.46
2017-08-06,9,SKU-617951,PRODUCE,1,150.5,238,24.46
2017-08-07,9,SKU-617951,PRODUCE,0,83.6,949,24.46
2017-08-08,9,SKU-617951,PRODUCE,0,86.0,160,24.46
2017-08-09,9,SKU-617951,PRODUCE,0,87.8,865,24.46
2017-08-10,9,SKU-617951,PRODUCE,1,117.5,673,24.46
2017-08-11,9,SKU-617951,PRODUCE,0,90.5,206,24.46
2017-08-12,9,SKU-617951,PRODUCE,0,113.1,34,24.46
2017-08-13,9,SKU-617951,PRODUCE,0,112.2,300,24.46
2017-08-14,9,SKU-617951,PRODUCE,0,87.5,522,24.46
2017-08-15,9,SKU-617951,PRODUCE,0,91.4,66,24.46
2017-08-16,9,SKU-617951,PRODUCE,1,113.2,745,24.46
2017-08-01,9,SKU-608197,PRODUCE,0,32.5,168,30.32
2017-08-02,9,SKU-608197,PRODUCE,0,32.7,319,30.32
2017-08-03,9,SKU-608197,PRODUCE,0,32.5,134,30.32
2017-08-04,9,SKU-608197,PRODUCE,0,31.7,198,30.32
2017-08-05,9,SKU-608197,PRODUCE,0,41.2,185,30.32
2017-08-06,9,SKU-608197,PRODUCE,0,38.6,374,30.32
2017-08-07,9,SKU-608197,PRODUCE,0,31.5,313,30.32
2017-08-08,9,SKU-608197,PRODUCE,0,31.9,233,30.32
2017-08-09,9,SKU-608197,PRODUCE,0,32.5,138,30.32
2017-08-10,9,SKU-608197,PRODUCE,0,30.9,280,30.32
2017-08-11,9,SKU-608197,PRODUCE,1,42.8,109,30.32
2017-08-12,9,SKU-608197,PRODUCE,1,56.4,696,30.32
2017-08-13,9,SKU-608197,PRODUCE,0,41.9,18,30.32
2017-08-14,9,SKU-608197,PRODUCE,0,30.7,309,30.32
2017-08-15,9,SKU-608197,PRODUCE,0,32.0,217,30.32
2017-08-16,9,SKU-608197,PRODUCE,0,33.2,87,30.32
2017-08-01,9,SKU-820964,MEATS,1,78.9,1079,36.97
2017-08-02,9,SKU-820964,MEATS,0,54.8,404,36.97
2017-08-03,9,SKU-820964,MEATS,1,73.2,1020,36.97
2017-08-04,9,SKU-820964,MEATS,0,59.6,310,36.97
2017-08-05,9,SKU-820964,MEATS,0,73.6,818,36.97
2017-08-06,9,SKU-820964,MEATS,0,74.9,910,36.97
2017-08-07,9,SKU-820964,MEATS,0,54.7,384,36.97
2017-08-08,9,SKU-820964,MEATS,0,58.0,81,36.97
2017-08-09,9,SKU-820964,MEATS,0,57.5,195,36.97
2017-08-10,9,SKU-820964,MEATS,0,55.3,122,36.97
2017-08-11,9,SKU-820964,MEATS,0,59.5,204,36.97
2017-08-12,9,SKU-820964,MEATS,0,70.0,268,36.97
2017-08-13,9,SKU-820964,MEATS,0,73.2,49,36.97
2017-08-14,9,SKU-820964,MEATS,1,73.2,904,36.97
2017-08-15,9,SKU-820964,MEATS,1,76.9,156,36.97
2017-08-16,9,SKU-820964,MEATS,0,57.6,693,36.97
2017-08-01,9,SKU-590167,MEATS,0,207.4,1519,44.41
2017-08-02,9,SKU-590167,MEATS,0,207.4,35,44.41
2017-08-03,9,SKU-590167,MEATS,0,198.7,291,44.41
2017-08-04,9,SKU-590167,MEATS,1,271.2,3398,44.41
2017-08-05,9,SKU-590167,MEATS,1,369.8,4862,44.41
2017-08-06,9,SKU-590167,MEATS,0,261.7,651,44.41
2017-08-07,9,SKU-590167,MEATS,1,290.3,3461,44.41
2017-08-08,9,SKU-590167,MEATS,0,212.4,299,44.41
2017-08-09,9,SKU-590167,MEATS,0,212.3,1269,44.41
2017-08-10,9,SKU-590167,MEATS,1,268.2,3214,44.41
2017-08-11,9,SKU-590167,MEATS,0,213.8,2447,44.41
2017-08-12,9,SKU-590167,MEATS,1,345.9,4600,44.41
2017-08-13,9,SKU-590167,MEATS,0,250.6,1519,44.41
2017-08-14,9,SKU-590167,MEATS,1,278.7,3237,44.41
2017-08-15,9,SKU-590167,MEATS,1,271.4,3605,44.41
2017-08-16,9,SKU-590167,MEATS,0,215.3,924,44.41
2017-08-01,9,SKU-736024,MEATS,1,171.5,1665,35.01
2017-08-02,9,SKU-736024,MEATS,0,125.0,1302,35.01
2017-08-03,9,SKU-736024,MEATS,0,121.2,1612,35.01
2017-08-04,9,SKU-736024,MEATS,0,120.1,963,35.01
2017-08-05,9,SKU-736024,MEATS,1,213.2,1066,35.01
2017-08-06,9,SKU-736024,MEATS,1,216.7,2523,35.01
2017-08-07,9,SKU-736024,MEATS,0,121.3,641,35.01
2017-08-08,9,SKU-736024,MEATS,0,119.2,383,35.01
2017-08-09,9,SKU-736024,MEATS,0,127.0,1378,35.01
2017-08-10,9,SKU-736024,MEATS,0,123.7,220,35.01
2017-08-11,9,SKU-736024,MEATS,0,123.7,867,35.01
2017-08-12,9,SKU-736024,MEATS,1,218.9,1954,35.01
2017-08-13,9,SKU-736024,MEATS,1,216.2,2480,35.01
2017-08-14,9,SKU-736024,MEATS,0,124.9,1268,35.01
2017-08-15,9,SKU-736024,MEATS,0,126.9,1660,35.01
2017-08-16,9,SKU-736024,MEATS,1,160.4,854,35.01
2017-08-01,9,SKU-147219,MEATS,0,31.0,386,28.83
2017-08-02,9,SKU-147219,MEATS,0,29.2,128,28.83
2017-08-03,9,SKU-147219,MEATS,0,28.5,61,28.83
2017-08-04,9,SKU-147219,MEATS,0,28.8,130,28.83
2017-08-05,9,SKU-147219,MEATS,1,50.8,702,28.83
2017-08-06,9,SKU-147219,MEATS,0,37.1,175,28.83
2017-08-07,9,SKU-147219,MEATS,0,28.5,377,28.83
2017-08-08,9,SKU-147219,MEATS,1,38.1,88,28.83
2017-08-09,9,SKU-147219,MEATS,0,28.6,152,28.83
2017-08-10,9,SKU-147219,MEATS,0,29.4,119,28.83
2017-08-11,9,SKU-147219,MEATS,0,28.3,175,28.83
2017-08-12,9,SKU-147219,MEATS,1,49.5,608,28.83
2017-08-13,9,SKU-147219,MEATS,1,52.6,583,28.83
2017-08-14,9,SKU-147219,MEATS,0,30.6,41,28.83
2017-08-15,9,SKU-147219,MEATS,0,31.0,336,28.83
2017-08-16,9,SKU-147219,MEATS,1,41.0,503,28.83
2017-08-01,9,SKU-970506,MEATS,1,310.0,3664,24.26
2017-08-02,9,SKU-970506,MEATS,0,218.1,118,24.26
2017-08-03,9,SKU-970506,MEATS,1,302.9,1271,24.26
2017-08-04,9,SKU-970506,MEATS,0,229.8,2692,24.26
2017-08-05,9,SKU-970506,MEATS,1,384.8,1978,24.26
2017-08-06,9,SKU-970506,MEATS,0,267.2,3120,24.26
2017-08-07,9,SKU-970506,MEATS,0,225.3,1594,24.26
2017-08-08,9,SKU-970506,MEATS,0,231.9,112,24.26
2017-08-09,9,SKU-970506,MEATS,1,286.8,162,24.26
2017-08-10,9,SKU-970506,MEATS,0,212.7,2352,24.26
2017-08-11,9,SKU-970506,MEATS,0,212.0,129,24.26
2017-08-12,9,SKU-970506,MEATS,0,289.6,1780,24.26
2017-08-13,9,SKU-970506,MEATS,0,289.4,2477,24.26
2017-08-14,9,SKU-970506,MEATS,0,224.9,1981,24.26
2017-08-15,9,SKU-970506,MEATS,1,303.9,4124,24.26
2017-08-16,9,SKU-970506,MEATS,0,232.5,1756,24.26
2017-08-01,10,SKU-448492,BEVERAGES,0,145.0,706,29.05
2017-08-02,10,SKU-448492,BEVERAGES,0,147.7,1022,29.05
2017-08-03,10,SKU-448492,BEVERAGES,0,151.8,744,29.05
2017-08-04,10,SKU-448492,BEVERAGES,0,145.5,356,29.05
2017-08-05,10,SKU-448492,BEVERAGES,0,189.9,1047,29.05
2017-08-06,10,SKU-448492,BEVERAGES,1,270.1,947,29.05
2017-08-07,10,SKU-448492,BEVERAGES,1,205.0,793,29.05
2017-08-08,10,SKU-448492,BEVERAGES,1,212.6,2959,29.05
2017-08-09,10,SKU-448492,BEVERAGES,0,147.1,1041,29.05
2017-08-10,10,SKU-448492,BEVERAGES,0,147.5,1778,29.05
2017-08-11,10,SKU-448492,BEVERAGES,0,151.2,1278,29.05
2017-08-12,10,SKU-448492,BEVERAGES,0,183.8,2572,29.05
2017-08-13,10,SKU-448492,BEVERAGES,0,184.2,2199,29.05
2017-08-14,10,SKU-448492,BEVERAGES,1,212.4,2534,29.05
2017-08-15,10,SKU-448492,BEVERAGES,0,159.0,89,29.05
2017-08-16,10,SKU-448492,BEVERAGES,1,209.4,154,29.05
2017-08-01,10,SKU-221403,BEVERAGES,0,259.3,3533,18.49
2017-08-02,10,SKU-221403,BEVERAGES,0,241.9,281,18.49
2017-08-03,10,SKU-221403,BEVERAGES,0,236.9,1371,18.49
2017-08-04,10,SKU-221403,BEVERAGES,0,246.7,147,18.49
2017-08-05,10,SKU-221403,BEVERAGES,1,412.3,1901,18.49
2017-08-06,10,SKU-221403,BEVERAGES,1,435.1,1342,18.49
2017-08-07,10,SKU-221403,BEVERAGES,0,254.4,1397,18.49
2017-08-08,10,SKU-221403,BEVERAGES,1,334.3,1625,18.49
2017-08-09,10,SKU-221403,BEVERAGES,0,255.2,3224,18.49
2017-08-10,10,SKU-221403,BEVERAGES,0,249.6,124,18.49
2017-08-11,10,SKU-221403,BEVERAGES,0,258.6,1315,18.49
2017-08-12,10,SKU-221403,BEVERAGES,1,430.2,5626,18.49
2017-08-13,10,SKU-221403,BEVERAGES,1,407.8,1327,18.49
2017-08-14,10,SKU-221403,BEVERAGES,0,240.8,1673,18.49
2017-08-15,10,SKU-221403,BEVERAGES,0,260.4,1586,18.49
2017-08-16,10,SKU-221403,BEVERAGES,1,351.0,4310,18.49
2017-08-01,10,SKU-836725,BEVERAGES,0,147.5,966,20.07
2017-08-02,10,SKU-836725,BEVERAGES,1,201.8,1249,20.07
2017-08-03,10,SKU-836725,BEVERAGES,0,148.4,1608,20.07
2017-08-04,10,SKU-836725,BEVERAGES,0,147.6,481,20.07
2017-08-05,10,SKU-836725,BEVERAGES,0,181.8,2341,20.07
2017-08-06,10,SKU-836725,BEVERAGES,0,180.7,1201,20.07
2017-08-07,10,SKU-836725,BEVERAGES,1,194.3,1434,20.07
2017-08-08,10,SKU-836725,BEVERAGES,0,150.0,373,20.07
2017-08-09,10,SKU-836725,BEVERAGES,0,152.3,2065,20.07
2017-08-10,10,SKU-836725,BEVERAGES,0,153.4,1230,20.07
2017-08-11,10,SKU-836725,BEVERAGES,0,147.1,247,20.07
2017-08-12,10,SKU-836725,BEVERAGES,0,184.0,2187,20.07
2017-08-13,10,SKU-836725,BEVERAGES,1,252.0,1231,20.07
2017-08-14,10,SKU-836725,BEVERAGES,0,144.1,1374,20.07
2017-08-15,10,SKU-836725,BEVERAGES,0,145.2,792,20.07
2017-08-16,10,SKU-836725,BEVERAGES,1,205.1,2011,20.07
2017-08-01,10,SKU-312718,BEVERAGES,1,153.0,309,16.09
2017-08-02,10,SKU-312718,BEVERAGES,0,112.9,76,16.09
2017-08-03,10,SKU-312718,BEVERAGES,0,112.2,1226,16.09
2017-08-04,10,SKU-312718,BEVERAGES,0,118.6,308,16.09
2017-08-05,10,SKU-312718,BEVERAGES,0,137.0,1410,16.09
2017-08-06,10,SKU-312718,BEVERAGES,1,199.1,1553,16.09
2017-08-07,10,SKU-312718,BEVERAGES,0,116.9,1532,16.09
2017-08-08,10,SKU-312718,BEVERAGES,1,151.1,2096,16.09
2017-08-09,10,SKU-312718,BEVERAGES,0,110.3,146,16.09
2017-08-10,10,SKU-312718,BEVERAGES,0,116.2,1389,16.09
2017-08-11,10,SKU-312718,BEVERAGES,1,154.7,1118,16.09
2017-08-12,10,SKU-312718,BEVERAGES,1,190.8,2248,16.09
2017-08-13,10,SKU-312718,BEVERAGES,0,145.7,1097,16.09
2017-08-14,10,SKU-312718,BEVERAGES,1,148.9,800,16.09
2017-08-15,10,SKU-312718,BEVERAGES,1,152.6,1900,16.09
2017-08-16,10,SKU-312718,BEVERAGES,0,111.6,1389,16.09
2017-08-01,10,SKU-163804,BEVERAGES,1,140.2,1285,3.96
2017-08-02,10,SKU-163804,BEVERAGES,0,105.4,987,3.96
2017-08-03,10,SKU-163804,BEVERAGES,0,106.8,771,3.96
2017-08-04,10,SKU-163804,BEVERAGES,0,112.7,502,3.96
2017-08-05,10,SKU-163804,BEVERAGES,0,140.9,44,3.96
2017-08-06,10,SKU-163804,BEVERAGES,0,135.7,1677,3.96
2017-08-07,10,SKU-163804,BEVERAGES,1,150.0,1039,3.96
2017-08-08,10,SKU-163804,BEVERAGES,0,107.8,457,3.96
2017-08-09,10,SKU-163804,BEVERAGES,1,141.2,691,3.96
2017-08-10,10,SKU-163804,BEVERAGES,1,150.1,70,3.96
2017-08-11,10,SKU-163804,BEVERAGES,0,109.0,744,3.96
2017-08-12,10,SKU-163804,BEVERAGES,0,134.7,1860,3.96
2017-08-13,10,SKU-163804,BEVERAGES,0,137.3,784,3.96
2017-08-14,10,SKU-163804,BEVERAGES,0,105.5,1357,3.96
2017-08-15,10,SKU-163804,BEVERAGES,1,142.4,1746,3.96
2017-08-16,10,SKU-163804,BEVERAGES,0,110.2,134,3.96
2017-08-01,10,SKU-473199,PRODUCE,1,48.3,279,25.64
2017-08-02,10,SKU-473199,PRODUCE,0,37.9,170,25.64
2017-08-03,10,SKU-473199,PRODUCE,0,38.8,173,25.64
2017-08-04,10,SKU-473199,PRODUCE,0,37.9,419,25.64
2017-08-05,10,SKU-473199,PRODUCE,1,61.3,342,25.64
2017-08-06,10,SKU-473199,PRODUCE,1,65.4,575,25.64
2017-08-07,10,SKU-473199,PRODUCE,0,36.4,71,25.64
2017-08-08,10,SKU-473199,PRODUCE,1,48.6,394,25.64
2017-08-09,10,SKU-473199,PRODUCE,0,36.7,187,25.64
2017-08-10,10,SKU-473199,PRODUCE,0,36.8,138,25.64
2017-08-11,10,SKU-473199,PRODUCE,0,38.3,518,25.64
2017-08-12,10,SKU-473199,PRODUCE,0,48.3,364,25.64
2017-08-13,10,SKU-473199,PRODUCE,0,49.3,308,25.64
2017-08-14,10,SKU-473199,PRODUCE,0,38.9,433,25.64
2017-08-15,10,SKU-473199,PRODUCE,0,39.0,195,25.64
2017-08-16,10,SKU-473199,PRODUCE,0,37.6,151,25.64
2017-08-01,10,SKU-465747,PRODUCE,1,246.8,3349,24.14
2017-08-02,10,SKU-465747,PRODUCE,0,169.3,1607,24.14
2017-08-03,10,SKU-465747,PRODUCE,0,166.8,154,24.14
2017-08-04,10,SKU-465747,PRODUCE,1,245.3,1233,24.14
2017-08-05,10,SKU-465747,PRODUCE,1,301.6,3404,24.14
2017-08-06,10,SKU-465747,PRODUCE,0,212.8,1297,24.14
2017-08-07,10,SKU-465747,PRODUCE,0,176.1,269,24.14
2017-08-08,10,SKU-465747,PRODUCE,1,230.5,648,24.14
2017-08-09,10,SKU-465747,PRODUCE,0,175.9,1088,24.14
2017-08-10,10,SKU-465747,PRODUCE,1,237.0,2026,24.14
2017-08-11,10,SKU-465747,PRODUCE,1,225.3,1804,24.14
2017-08-12,10,SKU-465747,PRODUCE,1,284.4,1619,24.14
2017-08-13,10,SKU-465747,PRODUCE,1,294.4,1896,24.14
2017-08-14,10,SKU-465747,PRODUCE,1,229.4,218,24.14
2017-08-15,10,SKU-465747,PRODUCE,1,245.3,1626,24.14
2017-08-16,10,SKU-465747,PRODUCE,0,181.1,1875,24.14
2017-08-01,10,SKU-152763,PRODUCE,1,276.7,3753,33.52
2017-08-02,10,SKU-152763,PRODUCE,0,193.7,369,33.52
2017-08-03,10,SKU-152763,PRODUCE,0,204.6,2549,33.52
2017-08-04,10,SKU-152763,PRODUCE,0,196.6,857,33.52
2017-08-05,10,SKU-152763,PRODUCE,0,252.8,1430,33.52
2017-08-06,10,SKU-152763,PRODUCE,0,248.5,791,33.52
2017-08-07,10,SKU-152763,PRODUCE,1,261.6,3332,33.52
2017-08-08,10,SKU-152763,PRODUCE,0,189.8,1643,33.52
2017-08-09,10,SKU-152763,PRODUCE,1,266.3,864,33.52
2017-08-10,10,SKU-152763,PRODUCE,0,198.2,372,33.52
2017-08-11,10,SKU-152763,PRODUCE,0,199.4,282,33.52
2017-08-12,10,SKU-152763,PRODUCE,0,236.6,3299,33.52
2017-08-13,10,SKU-152763,PRODUCE,0,257.5,1065,33.52
2017-08-14,10,SKU-152763,PRODUCE,1,257.1,1798,33.52
2017-08-15,10,SKU-152763,PRODUCE,1,272.9,3036,33.52
2017-08-16,10,SKU-152763,PRODUCE,1,256.9,1739,33.52
2017-08-01,10,SKU-135191,PRODUCE,1,275.0,2003,28.91
2017-08-02,10,SKU-135191,PRODUCE,1,274.3,2697,28.91
2017-08-03,10,SKU-135191,PRODUCE,0,203.0,2162,28.91
2017-08-04,10,SKU-135191,PRODUCE,0,201.3,639,28.91
2017-08-05,10,SKU-135191,PRODUCE,0,251.5,2044,28.91
2017-08-06,10,SKU-135191,PRODUCE,1,359.0,1838,28.91
2017-08-07,10,SKU-135191,PRODUCE,1,278.9,1565,28.91
2017-08-08,10,SKU-135191,PRODUCE,1,282.6,2966,28.91
2017-08-09,10,SKU-135191,PRODUCE,0,204.0,2462,28.91
2017-08-10,10,SKU-135191,PRODUCE,0,208.4,1719,28.91
2017-08-11,10,SKU-135191,PRODUCE,1,270.3,2181,28.91
2017-08-12,10,SKU-135191,PRODUCE,0,263.4,2701,28.91
2017-08-13,10,SKU-135191,PRODUCE,0,263.0,1532,28.91
2017-08-14,10,SKU-135191,PRODUCE,0,203.0,560,28.91
2017-08-15,10,SKU-135191,PRODUCE,0,202.3,2093,28.91
2017-08-16,10,SKU-135191,PRODUCE,1,279.2,98,28.91
2017-08-01,10,SKU-589982,PRODUCE,0,27.1,114,33.37
2017-08-02,10,SKU-589982,PRODUCE,0,28.7,203,33.37
2017-08-03,10,SKU-589982,PRODUCE,0,28.5,118,33.37
2017-08-04,10,SKU-589982,PRODUCE,0,26.9,216,33.37
2017-08-05,10,SKU-589982,PRODUCE,0,34.7,436,33.37
2017-08-06,10,SKU-589982,PRODUCE,0,34.1,195,33.37
2017-08-07,10,SKU-589982,PRODUCE,0,28.6,164,33.37
2017-08-08,10,SKU-589982,PRODUCE,0,27.1,80,33.37
2017-08-09,10,SKU-589982,PRODUCE,0,26.2,114,33.37
2017-08-10,10,SKU-589982,PRODUCE,0,26.9,211,33.37
2017-08-11,10,SKU-589982,PRODUCE,0,28.7,123,33.37
2017-08-12,10,SKU-589982,PRODUCE,1,46.1,506,33.37
2017-08-13,10,SKU-589982,PRODUCE,0,35.3,166,33.37
2017-08-14,10,SKU-589982,PRODUCE,0,28.0,234,33.37
2017-08-15,10,SKU-589982,PRODUCE,0,26.3,99,33.37
2017-08-16,10,SKU-589982,PRODUCE,0,26.2,99,33.37
2017-08-01,10,SKU-878845,MEATS,0,57.1,453,20.32
2017-08-02,10,SKU-878845,MEATS,0,54.6,721,20.32
2017-08-03,10,SKU-878845,MEATS,1,79.7,415,20.32
2017-08-04,10,SKU-878845,MEATS,1,76.9,224,20.32
2017-08-05,10,SKU-878845,MEATS,0,71.0,145,20.32
2017-08-06,10,SKU-878845,MEATS,1,93.0,579,20.32
2017-08-07,10,SKU-878845,MEATS,0,55.9,451,20.32
2017-08-08,10,SKU-878845,MEATS,0,58.7,279,20.32
2017-08-09,10,SKU-878845,MEATS,0,58.3,726,20.32
2017-08-10,10,SKU-878845,MEATS,1,77.9,429,20.32
2017-08-11,10,SKU-878845,MEATS,0,58.6,721,20.32
2017-08-12,10,SKU-878845,MEATS,0,71.3,776,20.32
2017-08-13,10,SKU-878845,MEATS,0,70.9,414,20.32
2017-08-14,10,SKU-878845,MEATS,0,59.9,418,20.32
2017-08-15,10,SKU-878845,MEATS,0,55.2,42,20.32
2017-08-16,10,SKU-878845,MEATS,0,57.3,172,20.32
2017-08-01,10,SKU-172613,MEATS,0,62.0,448,15.96
2017-08-02,10,SKU-172613,MEATS,0,63.9,160,15.96
2017-08-03,10,SKU-172613,MEATS,0,64.2,508,15.96
2017-08-04,10,SKU-172613,MEATS,0,61.7,478,15.96
2017-08-05,10,SKU-172613,MEATS,0,78.4,1094,15.96
2017-08-06,10,SKU-172613,MEATS,0,74.5,832,15.96
2017-08-07,10,SKU-172613,MEATS,0,59.7,722,15.96
2017-08-08,10,SKU-172613,MEATS,0,64.4,403,15.96
2017-08-09,10,SKU-172613,MEATS,1,83.8,308,15.96
2017-08-10,10,SKU-172613,MEATS,0,64.6,698,15.96
2017-08-11,10,SKU-172613,MEATS,0,64.8,248,15.96
2017-08-12,10,SKU-172613,MEATS,0,74.4,743,15.96
2017-08-13,10,SKU-172613,MEATS,1,106.8,1354,15.96
2017-08-14,10,SKU-172613,MEATS,0,61.0,162,15.96
2017-08-15,10,SKU-172613,MEATS,1,80.1,613,15.96
2017-08-16,10,SKU-172613,MEATS,0,60.4,549,15.96
2017-08-01,10,SKU-253609,MEATS,1,153.9,1980,29.58
2017-08-02,10,SKU-253609,MEATS,0,123.1,667,29.58
2017-08-03,10,SKU-253609,MEATS,0,123.9,725,29.58
2017-08-04,10,SKU-253609,MEATS,0,113.7,260,29.58
2017-08-05,10,SKU-253609,MEATS,0,154.2,1261,29.58
2017-08-06,10,SKU-253609,MEATS,0,150.1,752,29.58
2017-08-07,10,SKU-253609,MEATS,0,123.9,1348,29.58
2017-08-08,10,SKU-253609,MEATS,0,124.1,824,29.58
2017-08-09,10,SKU-253609,MEATS,1,155.4,1462,29.58
2017-08-10,10,SKU-253609,MEATS,0,118.7,37,29.58
2017-08-11,10,SKU-253609,MEATS,0,114.6,392,29.58
2017-08-12,10,SKU-253609,MEATS,0,153.8,72,29.58
2017-08-13,10,SKU-253609,MEATS,0,145.5,1925,29.58
2017-08-14,10,SKU-253609,MEATS,1,156.8,1352,29.58
2017-08-15,10,SKU-253609,MEATS,0,124.6,917,29.58
2017-08-16,10,SKU-253609,MEATS,0,117.6,135,29.58
2017-08-01,10,SKU-624708,MEATS,1,342.6,4450,26.39
2017-08-02,10,SKU-624708,MEATS,0,255.8,459,26.39
2017-08-03,10,SKU-624708,MEATS,0,256.2,2176,26.39
2017-08-04,10,SKU-624708,MEATS,0,243.6,2238,26.39
2017-08-05,10,SKU-624708,MEATS,0,309.7,4058,26.39
2017-08-06,10,SKU-624708,MEATS,1,449.3,5309,26.39
2017-08-07,10,SKU-624708,MEATS,0,267.0,1502,26.39
2017-08-08,10,SKU-624708,MEATS,0,262.4,836,26.39
2017-08-09,10,SKU-624708,MEATS,0,245.0,1633,26.39
2017-08-10,10,SKU-624708,MEATS,0,253.0,255,26.39
2017-08-11,10,SKU-624708,MEATS,0,253.6,936,26.39
2017-08-12,10,SKU-624708,MEATS,1,430.3,5206,26.39
2017-08-13,10,SKU-624708,MEATS,0,315.5,787,26.39
2017-08-14,10,SKU-624708,MEATS,0,244.5,1515,26.39
2017-08-15,10,SKU-624708,MEATS,0,247.4,2227,26.39
2017-08-16,10,SKU-624708,MEATS,1,333.4,3325,26.39
2017-08-01,10,SKU-930623,MEATS,1,120.2,1299,44.34
2017-08-02,10,SKU-930623,MEATS,0,89.0,348,44.34
2017-08-03,10,SKU-930623,MEATS,0,96.4,962,44.34
2017-08-04,10,SKU-930623,MEATS,1,128.8,760,44.34
2017-08-05,10,SKU-930623,MEATS,0,123.9,1234,44.34
2017-08-06,10,SKU-930623,MEATS,1,166.3,273,44.34
2017-08-07,10,SKU-930623,MEATS,1,130.5,1744,44.34
2017-08-08,10,SKU-930623,MEATS,0,93.5,894,44.34
2017-08-09,10,SKU-930623,MEATS,0,94.4,347,44.34
2017-08-10,10,SKU-930623,MEATS,0,92.9,692,44.34
2017-08-11,10,SKU-930623,MEATS,0,93.4,397,44.34
2017-08-12,10,SKU-930623,MEATS,0,112.7,317,44.34
2017-08-13,10,SKU-930623,MEATS,0,121.4,295,44.34
2017-08-14,10,SKU-930623,MEATS,0,95.7,415,44.34
2017-08-15,10,SKU-930623,MEATS,1,128.8,595,44.34
2017-08-16,10,SKU-930623,MEATS,0,93.6,112,44.34
