date,store_nbr,item_nbr,family,onpromotion,unit_sales,current_stock,unit_cost
2017-08-01,1,SKU-221958,GROCERY I,1,316.0,1977,9.48
2017-08-02,1,SKU-221958,GROCERY I,0,230.9,1085,9.48
2017-08-03,1,SKU-221958,GROCERY I,0,235.3,195,9.48
2017-08-04,1,SKU-221958,GROCERY I,1,326.7,13,9.48
2017-08-05,1,SKU-221958,GROCERY I,1,400.0,3429,9.48
2017-08-06,1,SKU-221958,GROCERY I,0,278.9,2053,9.48
2017-08-07,1,SKU-221958,GROCERY I,0,221.3,3017,9.48
2017-08-08,1,SKU-221958,GROCERY I,0,222.4,1929,9.48
2017-08-09,1,SKU-221958,GROCERY I,0,243.1,1593,9.48
2017-08-10,1,SKU-221958,GROCERY I,1,318.6,2014,9.48
2017-08-11,1,SKU-221958,GROCERY I,0,242.1,1913,9.48
2017-08-12,1,SKU-221958,GROCERY I,0,278.7,908,9.48
2017-08-13,1,SKU-221958,GROCERY I,0,298.2,2550,9.48
2017-08-14,1,SKU-221958,GROCERY I,1,302.8,1663,9.48
2017-08-15,1,SKU-221958,GROCERY I,0,237.8,1421,9.48
2017-08-16,1,SKU-221958,GROCERY I,0,233.4,112,9.48
2017-08-01,1,SKU-302283,GROCERY I,0,280.6,356,40.42
2017-08-02,1,SKU-302283,GROCERY I,0,257.0,1177,40.42
2017-08-03,1,SKU-302283,GROCERY I,0,263.0,3053,40.42
2017-08-04,1,SKU-302283,GROCERY I,0,263.3,2005,40.42
2017-08-05,1,SKU-302283,GROCERY I,0,350.3,374,40.42
2017-08-06,1,SKU-302283,GROCERY I,1,471.5,1319,40.42
2017-08-07,1,SKU-302283,GROCERY I,0,277.7,2751,40.42
2017-08-08,1,SKU-302283,GROCERY I,1,373.3,396,40.42
2017-08-09,1,SKU-302283,GROCERY I,0,258.9,3129,40.42
2017-08-10,1,SKU-302283,GROCERY I,0,264.6,244,40.42
2017-08-11,1,SKU-302283,GROCERY I,0,264.5,2704,40.42
2017-08-12,1,SKU-302283,GROCERY I,0,353.2,2340,40.42
2017-08-13,1,SKU-302283,GROCERY I,0,347.3,3701,40.42
2017-08-14,1,SKU-302283,GROCERY I,0,276.5,1916,40.42
2017-08-15,1,SKU-302283,GROCERY I,0,267.2,104,40.42
2017-08-16,1,SKU-302283,GROCERY I,0,256.6,2289,40.42
2017-08-01,1,SKU-731347,GROCERY I,0,172.7,1309,31.75
2017-08-02,1,SKU-731347,GROCERY I,0,178.5,1500,31.75
2017-08-03,1,SKU-731347,GROCERY I,0,177.4,1554,31.75
2017-08-04,1,SKU-731347,GROCERY I,0,164.2,1054,31.75
2017-08-05,1,SKU-731347,GROCERY I,0,214.1,2648,31.75
2017-08-06,1,SKU-731347,GROCERY I,0,207.7,1042,31.75
2017-08-07,1,SKU-731347,GROCERY I,1,225.5,2048,31.75
2017-08-08,1,SKU-731347,GROCERY I,0,168.4,725,31.75
2017-08-09,1,SKU-731347,GROCERY I,0,171.5,1169,31.75
2017-08-10,1,SKU-731347,GROCERY I,0,167.0,578,31.75
2017-08-11,1,SKU-731347,GROCERY I,0,166.1,1302,31.75
2017-08-12,1,SKU-731347,GROCERY I,0,206.5,741,31.75
2017-08-13,1,SKU-731347,GROCERY I,0,220.1,2197,31.75
2017-08-14,1,SKU-731347,GROCERY I,0,179.4,677,31.75
2017-08-15,1,SKU-731347,GROCERY I,1,228.7,115,31.75
2017-08-16,1,SKU-731347,GROCERY I,0,173.2,1653,31.75
2017-08-01,1,SKU-842452,GROCERY I,0,154.2,1646,44.38
2017-08-02,1,SKU-842452,GROCERY I,0,155.1,804,44.38
2017-08-03,1,SKU-842452,GROCERY I,0,153.6,1156,44.38
2017-08-04,1,SKU-842452,GROCERY I,0,156.7,710,44.38
2017-08-05,1,SKU-842452,GROCERY I,0,182.7,1515,44.38
2017-08-06,1,SKU-842452,GROCERY I,0,182.3,1311,44.38
2017-08-07,1,SKU-842452,GROCERY I,0,153.8,383,44.38
2017-08-08,1,SKU-842452,GROCERY I,0,149.9,1966,44.38
2017-08-09,1,SKU-842452,GROCERY I,0,149.2,245,44.38
2017-08-10,1,SKU-842452,GROCERY I,1,212.4,774,44.38
2017-08-11,1,SKU-842452,GROCERY I,0,156.4,1220,44.38
2017-08-12,1,SKU-842452,GROCERY I,0,186.6,252,44.38
2017-08-13,1,SKU-842452,GROCERY I,1,268.9,2387,44.38
2017-08-14,1,SKU-842452,GROCERY I,0,149.3,1520,44.38
2017-08-15,1,SKU-842452,GROCERY I,1,212.6,2323,44.38
2017-08-16,1,SKU-842452,GROCERY I,0,145.3,337,44.38
2017-08-01,1,SKU-601157,GROCERY I,0,207.3,2826,26.76
2017-08-02,1,SKU-601157,GROCERY I,0,194.7,1328,26.76
2017-08-03,1,SKU-601157,GROCERY I,0,208.3,521,26.76
2017-08-04,1,SKU-601157,GROCERY I,0,198.4,504,26.76
2017-08-05,1,SKU-601157,GROCERY I,0,256.9,2595,26.76
2017-08-06,1,SKU-601157,GROCERY I,0,251.8,1798,26.76
2017-08-07,1,SKU-601157,GROCERY I,0,193.6,1602,26.76
2017-08-08,1,SKU-601157,GROCERY I,1,267.7,3396,26.76
2017-08-09,1,SKU-601157,GROCERY I,0,195.5,1769,26.76
2017-08-10,1,SKU-601157,GROCERY I,0,205.8,670,26.76
2017-08-11,1,SKU-601157,GROCERY I,0,200.0,2154,26.76
2017-08-12,1,SKU-601157,GROCERY I,0,263.2,1736,26.76
2017-08-13,1,SKU-601157,GROCERY I,0,260.4,2728,26.76
2017-08-14,1,SKU-601157,GROCERY I,1,263.5,2043,26.76
2017-08-15,1,SKU-601157,GROCERY I,0,208.1,228,26.76
2017-08-16,1,SKU-601157,GROCERY I,0,192.4,730,26.76
2017-08-01,1,SKU-840674,CLEANING,1,93.6,751,25.72
2017-08-02,1,SKU-840674,CLEANING,0,68.8,953,25.72
2017-08-03,1,SKU-840674,CLEANING,0,68.2,838,25.72
2017-08-04,1,SKU-840674,CLEANING,1,93.6,923,25.72
2017-08-05,1,SKU-840674,CLEANING,0,84.2,955,25.72
2017-08-06,1,SKU-840674,CLEANING,1,120.3,1538,25.72
2017-08-07,1,SKU-840674,CLEANING,0,68.0,761,25.72
2017-08-08,1,SKU-840674,CLEANING,0,69.4,775,25.72
2017-08-09,1,SKU-840674,CLEANING,1,90.4,481,25.72
2017-08-10,1,SKU-840674,CLEANING,0,68.6,44,25.72
2017-08-11,1,SKU-840674,CLEANING,0,68.3,281,25.72
2017-08-12,1,SKU-840674,CLEANING,0,81.9,52,25.72
2017-08-13,1,SKU-840674,CLEANING,1,114.4,212,25.72
2017-08-14,1,SKU-840674,CLEANING,0,69.9,219,25.72
2017-08-15,1,SKU-840674,CLEANING,0,65.2,56,25.72
2017-08-16,1,SKU-840674,CLEANING,0,68.3,613,25.72
2017-08-01,1,SKU-173523,CLEANING,1,75.3,426,43.67
2017-08-02,1,SKU-173523,CLEANING,0,59.9,217,43.67
2017-08-03,1,SKU-173523,CLEANING,0,56.0,341,43.67
2017-08-04,1,SKU-173523,CLEANING,0,55.8,715,43.67
2017-08-05,1,SKU-173523,CLEANING,0,71.9,103,43.67
2017-08-06,1,SKU-173523,CLEANING,0,77.0,691,43.67
2017-08-07,1,SKU-173523,CLEANING,0,59.3,367,43.67
2017-08-08,1,SKU-173523,CLEANING,1,75.3,601,43.67
2017-08-09,1,SKU-173523,CLEANING,0,56.2,275,43.67
2017-08-10,1,SKU-173523,CLEANING,0,56.1,251,43.67
2017-08-11,1,SKU-173523,CLEANING,1,76.3,28,43.67
2017-08-12,1,SKU-173523,CLEANING,1,102.7,504,43.67
2017-08-13,1,SKU-173523,CLEANING,0,74.9,59,43.67
2017-08-14,1,SKU-173523,CLEANING,1,81.9,306,43.67
2017-08-15,1,SKU-173523,CLEANING,0,61.0,432,43.67
2017-08-16,1,SKU-173523,CLEANING,0,59.5,516,43.67
2017-08-01,1,SKU-288751,CLEANING,0,200.0,1615,2.65
2017-08-02,1,SKU-288751,CLEANING,0,194.3,1251,2.65
2017-08-03,1,SKU-288751,CLEANING,0,200.0,1087,2.65
2017-08-04,1,SKU-288751,CLEANING,1,269.1,745,2.65
2017-08-05,1,SKU-288751,CLEANING,0,232.3,69,2.65
2017-08-06,1,SKU-288751,CLEANING,0,246.4,254,2.65
2017-08-07,1,SKU-288751,CLEANING,0,198.2,74,2.65
2017-08-08,1,SKU-288751,CLEANING,1,253.0,427,2.65
2017-08-09,1,SKU-288751,CLEANING,0,194.1,2385,2.65
2017-08-10,1,SKU-288751,CLEANING,1,266.5,1059,2.65
2017-08-11,1,SKU-288751,CLEANING,0,196.4,2220,2.65
2017-08-12,1,SKU-288751,CLEANING,1,323.8,1692,2.65
2017-08-13,1,SKU-288751,CLEANING,1,321.5,4190,2.65
2017-08-14,1,SKU-288751,CLEANING,1,256.8,2702,2.65
2017-08-15,1,SKU-288751,CLEANING,1,248.4,3139,2.65
2017-08-16,1,SKU-288751,CLEANING,0,197.8,893,2.65
2017-08-01,1,SKU-166234,CLEANING,1,69.7,352,3.83
2017-08-02,1,SKU-166234,CLEANING,1,68.5,467,3.83
2017-08-03,1,SKU-166234,CLEANING,0,47.8,70,3.83
2017-08-04,1,SKU-166234,CLEANING,0,50.1,157,3.83
2017-08-05,1,SKU-166234,CLEANING,1,87.4,147,3.83
2017-08-06,1,SKU-166234,CLEANING,1,89.1,1242,3.83
2017-08-07,1,SKU-166234,CLEANING,0,51.1,395,3.83
2017-08-08,1,SKU-166234,CLEANING,1,70.5,682,3.83
2017-08-09,1,SKU-166234,CLEANING,1,69.8,820,3.83
2017-08-10,1,SKU-166234,CLEANING,0,48.5,275,3.83
2017-08-11,1,SKU-166234,CLEANING,1,64.9,471,3.83
2017-08-12,1,SKU-166234,CLEANING,0,63.5,768,3.83
2017-08-13,1,SKU-166234,CLEANING,1,82.8,1053,3.83
2017-08-14,1,SKU-166234,CLEANING,0,49.1,489,3.83
2017-08-15,1,SKU-166234,CLEANING,0,49.3,489,3.83
2017-08-16,1,SKU-166234,CLEANING,0,49.0,303,3.83
2017-08-01,1,SKU-186188,CLEANING,0,25.7,51,21.89
2017-08-02,1,SKU-186188,CLEANING,0,27.4,227,21.89
2017-08-03,1,SKU-186188,CLEANING,1,35.6,149,21.89
2017-08-04,1,SKU-186188,CLEANING,1,35.1,473,21.89
2017-08-05,1,SKU-186188,CLEANING,0,35.3,30,21.89
2017-08-06,1,SKU-186188,CLEANING,1,45.7,635,21.89
2017-08-07,1,SKU-186188,CLEANING,0,26.9,365,21.89
2017-08-08,1,SKU-186188,CLEANING,0,27.1,267,21.89
2017-08-09,1,SKU-186188,CLEANING,0,27.1,225,21.89
2017-08-10,1,SKU-186188,CLEANING,1,34.4,142,21.89
2017-08-11,1,SKU-186188,CLEANING,1,37.5,244,21.89
2017-08-12,1,SKU-186188,CLEANING,0,33.0,95,21.89
2017-08-13,1,SKU-186188,CLEANING,0,33.3,276,21.89
2017-08-14,1,SKU-186188,CLEANING,0,28.0,386,21.89
2017-08-15,1,SKU-186188,CLEANING,0,26.8,123,21.89
2017-08-16,1,SKU-186188,CLEANING,1,36.7,91,21.89
2017-08-01,1,SKU-265421,DAIRY,0,44.0,567,42.41
2017-08-02,1,SKU-265421,DAIRY,0,45.3,354,42.41
2017-08-03,1,SKU-265421,DAIRY,0,43.3,473,42.41
2017-08-04,1,SKU-265421,DAIRY,0,45.8,247,42.41
2017-08-05,1,SKU-265421,DAIRY,1,73.7,857,42.41
2017-08-06,1,SKU-265421,DAIRY,0,52.7,36,42.41
2017-08-07,1,SKU-265421,DAIRY,0,41.5,53,42.41
2017-08-08,1,SKU-265421,DAIRY,0,43.8,462,42.41
2017-08-09,1,SKU-265421,DAIRY,1,59.4,606,42.41
2017-08-10,1,SKU-265421,DAIRY,1,58.2,204,42.41
2017-08-11,1,SKU-265421,DAIRY,0,42.6,171,42.41
2017-08-12,1,SKU-265421,DAIRY,0,57.2,608,42.41
2017-08-13,1,SKU-265421,DAIRY,0,53.9,26,42.41
2017-08-14,1,SKU-265421,DAIRY,0,43.6,509,42.41
2017-08-15,1,SKU-265421,DAIRY,0,45.0,610,42.41
2017-08-16,1,SKU-265421,DAIRY,0,44.9,374,42.41
2017-08-01,1,SKU-381342,DAIRY,0,31.9,102,34.35
2017-08-02,1,SKU-381342,DAIRY,0,29.8,152,34.35
2017-08-03,1,SKU-381342,DAIRY,0,30.9,194,34.35
2017-08-04,1,SKU-381342,DAIRY,1,41.6,304,34.35
2017-08-05,1,SKU-381342,DAIRY,1,52.8,463,34.35
2017-08-06,1,SKU-381342,DAIRY,1,55.7,123,34.35
2017-08-07,1,SKU-381342,DAIRY,1,42.2,159,34.35
2017-08-08,1,SKU-381342,DAIRY,0,32.8,231,34.35
2017-08-09,1,SKU-381342,DAIRY,0,31.7,114,34.35
2017-08-10,1,SKU-381342,DAIRY,0,30.1,62,34.35
2017-08-11,1,SKU-381342,DAIRY,0,30.1,273,34.35
2017-08-12,1,SKU-381342,DAIRY,0,38.9,489,34.35
2017-08-13,1,SKU-381342,DAIRY,0,40.2,105,34.35
2017-08-14,1,SKU-381342,DAIRY,0,29.8,78,34.35
2017-08-15,1,SKU-381342,DAIRY,0,30.3,46,34.35
2017-08-16,1,SKU-381342,DAIRY,0,31.1,97,34.35
2017-08-01,1,SKU-151745,DAIRY,0,55.0,375,15.86
2017-08-02,1,SKU-151745,DAIRY,0,57.5,134,15.86
2017-08-03,1,SKU-151745,DAIRY,0,54.5,663,15.86
2017-08-04,1,SKU-151745,DAIRY,0,57.9,799,15.86
2017-08-05,1,SKU-151745,DAIRY,0,75.6,257,15.86
2017-08-06,1,SKU-151745,DAIRY,1,98.2,993,15.86
2017-08-07,1,SKU-151745,DAIRY,0,55.4,111,15.86
2017-08-08,1,SKU-151745,DAIRY,0,59.4,625,15.86
2017-08-09,1,SKU-151745,DAIRY,0,59.5,301,15.86
2017-08-10,1,SKU-151745,DAIRY,0,55.1,571,15.86
2017-08-11,1,SKU-151745,DAIRY,0,57.8,681,15.86
2017-08-12,1,SKU-151745,DAIRY,0,72.7,245,15.86
2017-08-13,1,SKU-151745,DAIRY,0,72.3,365,15.86
2017-08-14,1,SKU-151745,DAIRY,0,57.3,472,15.86
2017-08-15,1,SKU-151745,DAIRY,1,77.9,643,15.86
2017-08-16,1,SKU-151745,DAIRY,0,56.7,274,15.86
2017-08-01,1,SKU-809913,DAIRY,0,179.4,2345,12.13
2017-08-02,1,SKU-809913,DAIRY,0,177.5,914,12.13
2017-08-03,1,SKU-809913,DAIRY,0,188.9,241,12.13
2017-08-04,1,SKU-809913,DAIRY,1,235.4,2777,12.13
2017-08-05,1,SKU-809913,DAIRY,0,219.4,2143,12.13
2017-08-06,1,SKU-809913,DAIRY,1,323.5,2612,12.13
2017-08-07,1,SKU-809913,DAIRY,1,234.2,3197,12.13
2017-08-08,1,SKU-809913,DAIRY,0,186.5,2145,12.13
2017-08-09,1,SKU-809913,DAIRY,1,247.2,1654,12.13
2017-08-10,1,SKU-809913,DAIRY,1,239.1,3240,12.13
2017-08-11,1,SKU-809913,DAIRY,1,238.9,2465,12.13
2017-08-12,1,SKU-809913,DAIRY,0,235.3,2531,12.13
2017-08-13,1,SKU-809913,DAIRY,0,230.6,3009,12.13
2017-08-14,1,SKU-809913,DAIRY,0,184.2,958,12.13
2017-08-15,1,SKU-809913,DAIRY,0,183.4,1413,12.13
2017-08-16,1,SKU-809913,DAIRY,0,185.8,237,12.13
2017-08-01,1,SKU-756702,DAIRY,0,201.2,1165,34.57
2017-08-02,1,SKU-756702,DAIRY,0,210.5,2449,34.57
2017-08-03,1,SKU-756702,DAIRY,1,262.2,2685,34.57
2017-08-04,1,SKU-756702,DAIRY,1,263.7,254,34.57
2017-08-05,1,SKU-756702,DAIRY,1,346.7,4087,34.57
2017-08-06,1,SKU-756702,DAIRY,0,262.4,748,34.57
2017-08-07,1,SKU-756702,DAIRY,0,195.0,2225,34.57
2017-08-08,1,SKU-756702,DAIRY,0,202.3,1022,34.57
2017-08-09,1,SKU-756702,DAIRY,1,269.5,3082,34.57
2017-08-10,1,SKU-756702,DAIRY,0,199.3,1296,34.57
2017-08-11,1,SKU-756702,DAIRY,0,206.8,1460,34.57
2017-08-12,1,SKU-756702,DAIRY,0,265.1,1430,34.57
2017-08-13,1,SKU-756702,DAIRY,0,265.3,2322,34.57
2017-08-14,1,SKU-756702,DAIRY,0,210.7,1855,34.57
2017-08-15,1,SKU-756702,DAIRY,0,194.5,2164,34.57
2017-08-16,1,SKU-756702,DAIRY,0,202.5,2535,34.57
2017-08-01,2,SKU-198723,GROCERY I,1,394.6,799,34.23
2017-08-02,2,SKU-198723,GROCERY I,0,290.5,2014,34.23
2017-08-03,2,SKU-198723,GROCERY I,1,368.7,2773,34.23
2017-08-04,2,SKU-198723,GROCERY I,0,283.2,2398,34.23
2017-08-05,2,SKU-198723,GROCERY I,0,360.7,2461,34.23
2017-08-06,2,SKU-198723,GROCERY I,0,369.0,72,34.23
2017-08-07,2,SKU-198723,GROCERY I,0,286.3,2873,34.23
2017-08-08,2,SKU-198723,GROCERY I,0,293.7,3943,34.23
2017-08-09,2,SKU-198723,GROCERY I,0,276.6,1646,34.23
2017-08-10,2,SKU-198723,GROCERY I,0,287.7,3673,34.23
2017-08-11,2,SKU-198723,GROCERY I,0,273.0,985,34.23
2017-08-12,2,SKU-198723,GROCERY I,1,489.5,709,34.23
2017-08-13,2,SKU-198723,GROCERY I,1,499.0,170,34.23
2017-08-14,2,SKU-198723,GROCERY I,0,292.1,1537,34.23
2017-08-15,2,SKU-198723,GROCERY I,0,272.4,406,34.23
2017-08-16,2,SKU-198723,GROCERY I,1,399.7,695,34.23
2017-08-01,2,SKU-384260,GROCERY I,0,292.9,3568,37.99
2017-08-02,2,SKU-384260,GROCERY I,0,283.6,1590,37.99
2017-08-03,2,SKU-384260,GROCERY I,0,276.4,3108,37.99
2017-08-04,2,SKU-384260,GROCERY I,0,276.4,1546,37.99
2017-08-05,2,SKU-384260,GROCERY I,0,369.9,1800,37.99
2017-08-06,2,SKU-384260,GROCERY I,0,363.4,2306,37.99
2017-08-07,2,SKU-384260,GROCERY I,0,279.7,560,37.99
2017-08-08,2,SKU-384260,GROCERY I,0,281.0,1653,37.99
2017-08-09,2,SKU-384260,GROCERY I,1,374.2,3045,37.99
2017-08-10,2,SKU-384260,GROCERY I,0,267.4,2487,37.99
2017-08-11,2,SKU-384260,GROCERY I,0,294.0,620,37.99
2017-08-12,2,SKU-384260,GROCERY I,0,340.3,4749,37.99
2017-08-13,2,SKU-384260,GROCERY I,0,358.4,345,37.99
2017-08-14,2,SKU-384260,GROCERY I,1,368.4,4632,37.99
2017-08-15,2,SKU-384260,GROCERY I,0,272.3,148,37.99
2017-08-16,2,SKU-384260,GROCERY I,0,282.9,269,37.99
2017-08-01,2,SKU-688365,GROCERY I,0,209.9,1465,24.45
2017-08-02,2,SKU-688365,GROCERY I,1,272.6,1282,24.45
2017-08-03,2,SKU-688365,GROCERY I,0,215.6,829,24.45
2017-08-04,2,SKU-688365,GROCERY I,1,284.7,3193,24.45
2017-08-05,2,SKU-688365,GROCERY I,1,370.8,4502,24.45
2017-08-06,2,SKU-688365,GROCERY I,0,267.0,956,24.45
2017-08-07,2,SKU-688365,GROCERY I,0,210.4,1756,24.45
2017-08-08,2,SKU-688365,GROCERY I,0,211.8,2632,24.45
2017-08-09,2,SKU-688365,GROCERY I,0,214.9,2424,24.45
2017-08-10,2,SKU-688365,GROCERY I,1,286.8,3241,24.45
2017-08-11,2,SKU-688365,GROCERY I,1,296.5,594,24.45
2017-08-12,2,SKU-688365,GROCERY I,0,261.0,326,24.45
2017-08-13,2,SKU-688365,GROCERY I,0,271.9,3230,24.45
2017-08-14,2,SKU-688365,GROCERY I,0,218.2,1967,24.45
2017-08-15,2,SKU-688365,GROCERY I,1,295.6,2589,24.45
2017-08-16,2,SKU-688365,GROCERY I,0,217.1,1109,24.45
2017-08-01,2,SKU-307990,GROCERY I,0,94.3,581,28.65
2017-08-02,2,SKU-307990,GROCERY I,0,98.0,1050,28.65
2017-08-03,2,SKU-307990,GROCERY I,0,97.2,668,28.65
2017-08-04,2,SKU-307990,GROCERY I,1,130.4,782,28.65
2017-08-05,2,SKU-307990,GROCERY I,0,115.7,881,28.65
2017-08-06,2,SKU-307990,GROCERY I,0,115.6,234,28.65
2017-08-07,2,SKU-307990,GROCERY I,1,132.7,981,28.65
2017-08-08,2,SKU-307990,GROCERY I,0,91.6,33,28.65
2017-08-09,2,SKU-307990,GROCERY I,1,121.8,987,28.65
2017-08-10,2,SKU-307990,GROCERY I,0,94.3,863,28.65
2017-08-11,2,SKU-307990,GROCERY I,1,122.9,28,28.65
2017-08-12,2,SKU-307990,GROCERY I,0,123.2,1508,28.65
2017-08-13,2,SKU-307990,GROCERY I,0,119.7,1117,28.65
2017-08-14,2,SKU-307990,GROCERY I,0,97.7,578,28.65
2017-08-15,2,SKU-307990,GROCERY I,0,94.0,71,28.65
2017-08-16,2,SKU-307990,GROCERY I,0,96.0,120,28.65
2017-08-01,2,SKU-635843,GROCERY I,1,302.1,3872,4.47
2017-08-02,2,SKU-635843,GROCERY I,1,307.3,4084,4.47
2017-08-03,2,SKU-635843,GROCERY I,0,235.4,453,4.47
2017-08-04,2,SKU-635843,GROCERY I,0,220.0,1667,4.47
2017-08-05,2,SKU-635843,GROCERY I,0,294.1,3486,4.47
2017-08-06,2,SKU-635843,GROCERY I,1,370.7,3238,4.47
2017-08-07,2,SKU-635843,GROCERY I,0,221.7,1097,4.47
2017-08-08,2,SKU-635843,GROCERY I,0,229.8,1928,4.47
2017-08-09,2,SKU-635843,GROCERY I,0,215.6,243,4.47
2017-08-10,2,SKU-635843,GROCERY I,0,235.7,27,4.47
2017-08-11,2,SKU-635843,GROCERY I,0,221.0,2500,4.47
2017-08-12,2,SKU-635843,GROCERY I,1,395.1,3822,4.47
2017-08-13,2,SKU-635843,GROCERY I,0,272.7,3658,4.47
2017-08-14,2,SKU-635843,GROCERY I,1,308.2,3277,4.47
2017-08-15,2,SKU-635843,GROCERY I,1,308.2,4231,4.47
2017-08-16,2,SKU-635843,GROCERY I,1,308.4,2995,4.47
2017-08-01,2,SKU-452744,CLEANING,1,380.5,970,3.22
2017-08-02,2,SKU-452744,CLEANING,0,281.6,143,3.22
2017-08-03,2,SKU-452744,CLEANING,0,264.9,3428,3.22
2017-08-04,2,SKU-452744,CLEANING,1,381.2,2536,3.22
2017-08-05,2,SKU-452744,CLEANING,1,477.0,2137,3.22
2017-08-06,2,SKU-452744,CLEANING,1,439.7,3674,3.22
2017-08-07,2,SKU-452744,CLEANING,0,260.1,289,3.22
2017-08-08,2,SKU-452744,CLEANING,0,266.1,2702,3.22
2017-08-09,2,SKU-452744,CLEANING,0,265.4,2009,3.22
2017-08-10,2,SKU-452744,CLEANING,1,358.4,3144,3.22
2017-08-11,2,SKU-452744,CLEANING,1,369.2,1211,3.22
2017-08-12,2,SKU-452744,CLEANING,0,354.2,115,3.22
2017-08-13,2,SKU-452744,CLEANING,1,462.4,6079,3.22
2017-08-14,2,SKU-452744,CLEANING,1,383.2,1887,3.22
2017-08-15,2,SKU-452744,CLEANING,1,361.4,2433,3.22
2017-08-16,2,SKU-452744,CLEANING,0,280.5,3864,3.22
2017-08-01,2,SKU-989097,CLEANING,0,48.8,12,16.13
2017-08-02,2,SKU-989097,CLEANING,0,46.7,559,16.13
2017-08-03,2,SKU-989097,CLEANING,1,65.0,259,16.13
2017-08-04,2,SKU-989097,CLEANING,1,61.5,103,16.13
2017-08-05,2,SKU-989097,CLEANING,0,58.0,777,16.13
2017-08-06,2,SKU-989097,CLEANING,1,79.4,658,16.13
2017-08-07,2,SKU-989097,CLEANING,1,66.9,566,16.13
2017-08-08,2,SKU-989097,CLEANING,1,67.6,706,16.13
2017-08-09,2,SKU-989097,CLEANING,0,47.2,555,16.13
2017-08-10,2,SKU-989097,CLEANING,0,49.3,91,16.13
2017-08-11,2,SKU-989097,CLEANING,0,47.2,33,16.13
2017-08-12,2,SKU-989097,CLEANING,1,84.0,943,16.13
2017-08-13,2,SKU-989097,CLEANING,0,58.6,429,16.13
2017-08-14,2,SKU-989097,CLEANING,0,47.8,181,16.13
2017-08-15,2,SKU-989097,CLEANING,0,47.7,665,16.13
2017-08-16,2,SKU-989097,CLEANING,1,64.2,563,16.13
2017-08-01,2,SKU-395804,CLEANING,0,157.3,1933,27.29
2017-08-02,2,SKU-395804,CLEANING,0,158.0,1967,27.29
2017-08-03,2,SKU-395804,CLEANING,1,229.5,2602,27.29
2017-08-04,2,SKU-395804,CLEANING,0,164.9,209,27.29
2017-08-05,2,SKU-395804,CLEANING,0,204.6,751,27.29
2017-08-06,2,SKU-395804,CLEANING,1,279.6,326,27.29
2017-08-07,2,SKU-395804,CLEANING,0,167.0,187,27.29
2017-08-08,2,SKU-395804,CLEANING,1,221.3,1494,27.29
2017-08-09,2,SKU-395804,CLEANING,0,169.4,831,27.29
2017-08-10,2,SKU-395804,CLEANING,0,165.1,624,27.29
2017-08-11,2,SKU-395804,CLEANING,1,228.0,2105,27.29
2017-08-12,2,SKU-395804,CLEANING,1,290.0,2878,27.29
2017-08-13,2,SKU-395804,CLEANING,1,285.2,2718,27.29
2017-08-14,2,SKU-395804,CLEANING,0,168.2,381,27.29
2017-08-15,2,SKU-395804,CLEANING,1,229.7,103,27.29
2017-08-16,2,SKU-395804,CLEANING,1,213.2,1006,27.29
2017-08-01,2,SKU-529725,CLEANING,0,267.9,977,1.55
2017-08-02,2,SKU-529725,CLEANING,0,250.3,1150,1.55
2017-08-03,2,SKU-529725,CLEANING,0,251.1,1330,1.55
2017-08-04,2,SKU-529725,CLEANING,0,269.5,493,1.55
2017-08-05,2,SKU-529725,CLEANING,0,314.0,1905,1.55
2017-08-06,2,SKU-529725,CLEANING,1,440.5,1115,1.55
2017-08-07,2,SKU-529725,CLEANING,1,362.7,890,1.55
2017-08-08,2,SKU-529725,CLEANING,1,368.3,866,1.55
2017-08-09,2,SKU-529725,CLEANING,1,359.9,2391,1.55
2017-08-10,2,SKU-529725,CLEANING,0,250.0,2984,1.55
2017-08-11,2,SKU-529725,CLEANING,1,358.8,2245,1.55
2017-08-12,2,SKU-529725,CLEANING,0,333.0,1794,1.55
2017-08-13,2,SKU-529725,CLEANING,0,340.5,1778,1.55
2017-08-14,2,SKU-529725,CLEANING,1,343.8,14,1.55
2017-08-15,2,SKU-529725,CLEANING,0,260.3,3441,1.55
2017-08-16,2,SKU-529725,CLEANING,0,270.4,1999,1.55
2017-08-01,2,SKU-438076,CLEANING,1,133.6,254,38.04
2017-08-02,2,SKU-438076,CLEANING,1,143.7,72,38.04
2017-08-03,2,SKU-438076,CLEANING,1,142.9,1716,38.04
2017-08-04,2,SKU-438076,CLEANING,1,140.9,878,38.04
2017-08-05,2,SKU-438076,CLEANING,0,126.2,1282,38.04
2017-08-06,2,SKU-438076,CLEANING,1,168.2,2045,38.04
2017-08-07,2,SKU-438076,CLEANING,1,138.2,917,38.04
2017-08-08,2,SKU-438076,CLEANING,0,98.2,288,38.04
2017-08-09,2,SKU-438076,CLEANING,0,98.2,629,38.04
2017-08-10,2,SKU-438076,CLEANING,0,96.8,1081,38.04
2017-08-11,2,SKU-438076,CLEANING,0,105.9,1434,38.04
2017-08-12,2,SKU-438076,CLEANING,0,128.0,12,38.04
2017-08-13,2,SKU-438076,CLEANING,0,129.8,457,38.04
2017-08-14,2,SKU-438076,CLEANING,0,98.9,231,38.04
2017-08-15,2,SKU-438076,CLEANING,0,99.9,829,38.04
2017-08-16,2,SKU-438076,CLEANING,0,106.6,231,38.04
2017-08-01,2,SKU-878513,DAIRY,1,278.1,2561,18.71
2017-08-02,2,SKU-878513,DAIRY,1,284.4,3615,18.71
2017-08-03,2,SKU-878513,DAIRY,1,278.8,578,18.71
2017-08-04,2,SKU-878513,DAIRY,0,202.9,61,18.71
2017-08-05,2,SKU-878513,DAIRY,0,247.2,1204,18.71
2017-08-06,2,SKU-878513,DAIRY,1,358.8,373,18.71
2017-08-07,2,SKU-878513,DAIRY,0,209.2,250,18.71
2017-08-08,2,SKU-878513,DAIRY,1,268.2,1216,18.71
2017-08-09,2,SKU-878513,DAIRY,1,263.9,2564,18.71
2017-08-10,2,SKU-878513,DAIRY,1,259.6,2439,18.71
2017-08-11,2,SKU-878513,DAIRY,1,261.8,3285,18.71
2017-08-12,2,SKU-878513,DAIRY,0,257.5,2213,18.71
2017-08-13,2,SKU-878513,DAIRY,0,265.6,3523,18.71
2017-08-14,2,SKU-878513,DAIRY,0,207.2,1779,18.71
2017-08-15,2,SKU-878513,DAIRY,0,204.8,1590,18.71
2017-08-16,2,SKU-878513,DAIRY,0,207.2,1400,18.71
2017-08-01,2,SKU-252360,DAIRY,1,90.7,829,20.58
2017-08-02,2,SKU-252360,DAIRY,0,67.4,317,20.58
2017-08-03,2,SKU-252360,DAIRY,0,68.2,833,20.58
2017-08-04,2,SKU-252360,DAIRY,0,63.6,152,20.58
2017-08-05,2,SKU-252360,DAIRY,0,85.4,403,20.58
2017-08-06,2,SKU-252360,DAIRY,0,84.1,105,20.58
2017-08-07,2,SKU-252360,DAIRY,0,64.7,384,20.58
2017-08-08,2,SKU-252360,DAIRY,0,68.9,176,20.58
2017-08-09,2,SKU-252360,DAIRY,1,89.1,1057,20.58
2017-08-10,2,SKU-252360,DAIRY,0,68.2,735,20.58
2017-08-11,2,SKU-252360,DAIRY,0,66.9,486,20.58
2017-08-12,2,SKU-252360,DAIRY,0,80.2,450,20.58
2017-08-13,2,SKU-252360,DAIRY,0,84.9,944,20.58
2017-08-14,2,SKU-252360,DAIRY,0,69.9,284,20.58
2017-08-15,2,SKU-252360,DAIRY,0,65.8,434,20.58
2017-08-16,2,SKU-252360,DAIRY,1,87.5,952,20.58
2017-08-01,2,SKU-257795,DAIRY,0,273.5,701,9.32
2017-08-02,2,SKU-257795,DAIRY,1,352.4,1227,9.32
2017-08-03,2,SKU-257795,DAIRY,1,350.7,2532,9.32
2017-08-04,2,SKU-257795,DAIRY,0,263.7,612,9.32
2017-08-05,2,SKU-257795,DAIRY,0,345.5,1256,9.32
2017-08-06,2,SKU-257795,DAIRY,0,324.2,3512,9.32
2017-08-07,2,SKU-257795,DAIRY,0,273.5,1743,9.32
2017-08-08,2,SKU-257795,DAIRY,0,250.1,602,9.32
2017-08-09,2,SKU-257795,DAIRY,0,257.0,2984,9.32
2017-08-10,2,SKU-257795,DAIRY,0,254.7,2204,9.32
2017-08-11,2,SKU-257795,DAIRY,1,340.9,808,9.32
2017-08-12,2,SKU-257795,DAIRY,0,337.8,3142,9.32
2017-08-13,2,SKU-257795,DAIRY,0,341.3,3851,9.32
2017-08-14,2,SKU-257795,DAIRY,0,270.9,788,9.32
2017-08-15,2,SKU-257795,DAIRY,0,255.2,213,9.32
2017-08-16,2,SKU-257795,DAIRY,0,272.6,159,9.32
2017-08-01,2,SKU-270102,DAIRY,0,79.2,652,9.33
2017-08-02,2,SKU-270102,DAIRY,0,81.6,553,9.33
2017-08-03,2,SKU-270102,DAIRY,0,78.5,361,9.33
2017-08-04,2,SKU-270102,DAIRY,1,112.2,406,9.33
2017-08-05,2,SKU-270102,DAIRY,0,102.5,768,9.33
2017-08-06,2,SKU-270102,DAIRY,0,100.3,210,9.33
2017-08-07,2,SKU-270102,DAIRY,1,113.9,267,9.33
2017-08-08,2,SKU-270102,DAIRY,0,84.4,192,9.33
2017-08-09,2,SKU-270102,DAIRY,0,86.3,315,9.33
2017-08-10,2,SKU-270102,DAIRY,0,86.4,459,9.33
2017-08-11,2,SKU-270102,DAIRY,0,80.3,935,9.33
2017-08-12,2,SKU-270102,DAIRY,1,144.4,237,9.33
2017-08-13,2,SKU-270102,DAIRY,1,146.5,1235,9.33
2017-08-14,2,SKU-270102,DAIRY,1,114.9,1076,9.33
2017-08-15,2,SKU-270102,DAIRY,0,81.2,189,9.33
2017-08-16,2,SKU-270102,DAIRY,0,81.0,983,9.33
2017-08-01,2,SKU-842488,DAIRY,0,257.2,3164,35.53
2017-08-02,2,SKU-842488,DAIRY,0,246.9,2310,35.53
2017-08-03,2,SKU-842488,DAIRY,1,348.1,3890,35.53
2017-08-04,2,SKU-842488,DAIRY,0,259.2,445,35.53
2017-08-05,2,SKU-842488,DAIRY,0,301.7,1377,35.53
2017-08-06,2,SKU-842488,DAIRY,0,314.1,3061,35.53
2017-08-07,2,SKU-842488,DAIRY,0,249.9,838,35.53
2017-08-08,2,SKU-842488,DAIRY,0,244.4,259,35.53
2017-08-09,2,SKU-842488,DAIRY,0,255.5,2219,35.53
2017-08-10,2,SKU-842488,DAIRY,0,248.2,3001,35.53
2017-08-11,2,SKU-842488,DAIRY,0,250.7,99,35.53
2017-08-12,2,SKU-842488,DAIRY,0,313.5,1756,35.53
2017-08-13,2,SKU-842488,DAIRY,0,318.4,2713,35.53
2017-08-14,2,SKU-842488,DAIRY,1,349.8,3519,35.53
2017-08-15,2,SKU-842488,DAIRY,1,322.8,892,35.53
2017-08-16,2,SKU-842488,DAIRY,0,254.9,3205,35.53
2017-08-01,3,SKU-418232,GROCERY I,0,194.4,537,18.03
2017-08-02,3,SKU-418232,GROCERY I,0,197.1,1448,18.03
2017-08-03,3,SKU-418232,GROCERY I,0,203.2,1518,18.03
2017-08-04,3,SKU-418232,GROCERY I,0,186.8,1879,18.03
2017-08-05,3,SKU-418232,GROCERY I,0,257.8,2972,18.03
2017-08-06,3,SKU-418232,GROCERY I,0,236.8,2850,18.03
2017-08-07,3,SKU-418232,GROCERY I,1,254.7,1059,18.03
2017-08-08,3,SKU-418232,GROCERY I,1,254.7,3273,18.03
2017-08-09,3,SKU-418232,GROCERY I,0,186.7,2134,18.03
2017-08-10,3,SKU-418232,GROCERY I,0,195.3,315,18.03
2017-08-11,3,SKU-418232,GROCERY I,0,197.5,1429,18.03
2017-08-12,3,SKU-418232,GROCERY I,0,253.3,2296,18.03
2017-08-13,3,SKU-418232,GROCERY I,0,242.6,3077,18.03
2017-08-14,3,SKU-418232,GROCERY I,1,264.5,954,18.03
2017-08-15,3,SKU-418232,GROCERY I,0,199.3,2376,18.03
2017-08-16,3,SKU-418232,GROCERY I,0,200.8,2157,18.03
2017-08-01,3,SKU-296553,GROCERY I,0,145.1,1754,27.02
2017-08-02,3,SKU-296553,GROCERY I,0,136.0,54,27.02
2017-08-03,3,SKU-296553,GROCERY I,0,143.3,1101,27.02
2017-08-04,3,SKU-296553,GROCERY I,0,140.2,1170,27.02
2017-08-05,3,SKU-296553,GROCERY I,0,187.8,367,27.02
2017-08-06,3,SKU-296553,GROCERY I,0,177.4,1069,27.02
2017-08-07,3,SKU-296553,GROCERY I,1,195.1,2707,27.02
2017-08-08,3,SKU-296553,GROCERY I,0,136.2,1383,27.02
2017-08-09,3,SKU-296553,GROCERY I,0,138.6,163,27.02
2017-08-10,3,SKU-296553,GROCERY I,0,147.4,404,27.02
2017-08-11,3,SKU-296553,GROCERY I,0,137.9,691,27.02
2017-08-12,3,SKU-296553,GROCERY I,0,179.4,179,27.02
2017-08-13,3,SKU-296553,GROCERY I,1,235.3,1783,27.02
2017-08-14,3,SKU-296553,GROCERY I,1,194.3,1454,27.02
2017-08-15,3,SKU-296553,GROCERY I,0,139.4,1309,27.02
2017-08-16,3,SKU-296553,GROCERY I,1,194.5,1523,27.02
2017-08-01,3,SKU-880641,GROCERY I,0,134.6,1812,16.01
2017-08-02,3,SKU-880641,GROCERY I,0,143.9,351,16.01
2017-08-03,3,SKU-880641,GROCERY I,0,139.3,1604,16.01
2017-08-04,3,SKU-880641,GROCERY I,0,137.6,1890,16.01
2017-08-05,3,SKU-880641,GROCERY I,0,175.2,302,16.01
2017-08-06,3,SKU-880641,GROCERY I,1,227.9,2354,16.01
2017-08-07,3,SKU-880641,GROCERY I,1,184.6,1738,16.01
2017-08-08,3,SKU-880641,GROCERY I,0,136.9,1512,16.01
2017-08-09,3,SKU-880641,GROCERY I,1,191.5,1363,16.01
2017-08-10,3,SKU-880641,GROCERY I,0,134.2,229,16.01
2017-08-11,3,SKU-880641,GROCERY I,0,138.1,742,16.01
2017-08-12,3,SKU-880641,GROCERY I,0,172.7,1237,16.01
2017-08-13,3,SKU-880641,GROCERY I,1,234.1,3089,16.01
2017-08-14,3,SKU-880641,GROCERY I,1,183.1,2017,16.01
2017-08-15,3,SKU-880641,GROCERY I,0,141.3,779,16.01
2017-08-16,3,SKU-880641,GROCERY I,0,138.9,1054,16.01
2017-08-01,3,SKU-187468,GROCERY I,1,171.4,1897,39.69
2017-08-02,3,SKU-187468,GROCERY I,0,118.0,671,39.69
2017-08-03,3,SKU-187468,GROCERY I,0,125.6,615,39.69
2017-08-04,3,SKU-187468,GROCERY I,1,168.6,1943,39.69
2017-08-05,3,SKU-187468,GROCERY I,0,161.2,2083,39.69
2017-08-06,3,SKU-187468,GROCERY I,0,157.3,1686,39.69
2017-08-07,3,SKU-187468,GROCERY I,0,123.2,693,39.69
2017-08-08,3,SKU-187468,GROCERY I,0,121.6,125,39.69
2017-08-09,3,SKU-187468,GROCERY I,0,118.7,1600,39.69
2017-08-10,3,SKU-187468,GROCERY I,0,128.9,786,39.69
2017-08-11,3,SKU-187468,GROCERY I,0,123.3,764,39.69
2017-08-12,3,SKU-187468,GROCERY I,0,157.8,485,39.69
2017-08-13,3,SKU-187468,GROCERY I,0,157.9,344,39.69
2017-08-14,3,SKU-187468,GROCERY I,0,126.6,820,39.69
2017-08-15,3,SKU-187468,GROCERY I,0,129.3,114,39.69
2017-08-16,3,SKU-187468,GROCERY I,0,129.1,439,39.69
2017-08-01,3,SKU-785154,GROCERY I,0,41.9,408,35.55
2017-08-02,3,SKU-785154,GROCERY I,0,43.8,148,35.55
2017-08-03,3,SKU-785154,GROCERY I,0,42.0,110,35.55
2017-08-04,3,SKU-785154,GROCERY I,0,44.8,457,35.55
2017-08-05,3,SKU-785154,GROCERY I,1,73.0,671,35.55
2017-08-06,3,SKU-785154,GROCERY I,0,54.8,374,35.55
2017-08-07,3,SKU-785154,GROCERY I,0,42.8,577,35.55
2017-08-08,3,SKU-785154,GROCERY I,0,41.7,250,35.55
2017-08-09,3,SKU-785154,GROCERY I,1,58.9,564,35.55
2017-08-10,3,SKU-785154,GROCERY I,0,43.8,205,35.55
2017-08-11,3,SKU-785154,GROCERY I,1,59.1,172,35.55
2017-08-12,3,SKU-785154,GROCERY I,0,52.1,277,35.55
2017-08-13,3,SKU-785154,GROCERY I,0,55.4,392,35.55
2017-08-14,3,SKU-785154,GROCERY I,0,41.7,82,35.55
2017-08-15,3,SKU-785154,GROCERY I,1,56.9,522,35.55
2017-08-16,3,SKU-785154,GROCERY I,1,59.0,711,35.55
2017-08-01,3,SKU-356553,CLEANING,1,317.8,1410,40.31
2017-08-02,3,SKU-356553,CLEANING,0,227.4,818,40.31
2017-08-03,3,SKU-356553,CLEANING,1,294.7,3721,40.31
2017-08-04,3,SKU-356553,CLEANING,0,232.0,2144,40.31
2017-08-05,3,SKU-356553,CLEANING,1,395.6,3404,40.31
2017-08-06,3,SKU-356553,CLEANING,0,289.6,617,40.31
2017-08-07,3,SKU-356553,CLEANING,1,309.3,2948,40.31
2017-08-08,3,SKU-356553,CLEANING,0,219.3,2202,40.31
2017-08-09,3,SKU-356553,CLEANING,0,219.0,47,40.31
2017-08-10,3,SKU-356553,CLEANING,1,316.3,1570,40.31
2017-08-11,3,SKU-356553,CLEANING,0,225.4,2446,40.31
2017-08-12,3,SKU-356553,CLEANING,0,280.0,690,40.31
2017-08-13,3,SKU-356553,CLEANING,0,293.7,3145,40.31
2017-08-14,3,SKU-356553,CLEANING,0,217.9,259,40.31
2017-08-15,3,SKU-356553,CLEANING,1,302.6,3261,40.31
2017-08-16,3,SKU-356553,CLEANING,0,226.1,659,40.31
2017-08-01,3,SKU-308432,CLEANING,0,94.6,638,12.84
2017-08-02,3,SKU-308432,CLEANING,1,120.0,219,12.84
2017-08-03,3,SKU-308432,CLEANING,0,87.0,597,12.84
2017-08-04,3,SKU-308432,CLEANING,1,122.4,1060,12.84
2017-08-05,3,SKU-308432,CLEANING,0,109.1,178,12.84
2017-08-06,3,SKU-308432,CLEANING,0,109.7,583,12.84
2017-08-07,3,SKU-308432,CLEANING,0,89.5,213,12.84
2017-08-08,3,SKU-308432,CLEANING,0,94.4,896,12.84
2017-08-09,3,SKU-308432,CLEANING,0,86.1,1196,12.84
2017-08-10,3,SKU-308432,CLEANING,0,88.8,1094,12.84
2017-08-11,3,SKU-308432,CLEANING,0,90.9,813,12.84
2017-08-12,3,SKU-308432,CLEANING,0,119.8,1257,12.84
2017-08-13,3,SKU-308432,CLEANING,0,110.6,92,12.84
2017-08-14,3,SKU-308432,CLEANING,0,92.8,357,12.84
2017-08-15,3,SKU-308432,CLEANING,0,92.5,148,12.84
2017-08-16,3,SKU-308432,CLEANING,0,86.8,1173,12.84
2017-08-01,3,SKU-584814,CLEANING,1,211.4,1751,38.07
2017-08-02,3,SKU-584814,CLEANING,0,152.7,1212,38.07
2017-08-03,3,SKU-584814,CLEANING,0,161.7,1444,38.07
2017-08-04,3,SKU-584814,CLEANING,1,203.3,1319,38.07
2017-08-05,3,SKU-584814,CLEANING,0,191.9,1954,38.07
2017-08-06,3,SKU-584814,CLEANING,1,255.2,1440,38.07
2017-08-07,3,SKU-584814,CLEANING,1,204.2,1591,38.07
2017-08-08,3,SKU-584814,CLEANING,1,212.9,568,38.07
2017-08-09,3,SKU-584814,CLEANING,0,160.3,1248,38.07
2017-08-10,3,SKU-584814,CLEANING,0,160.0,88,38.07
2017-08-11,3,SKU-584814,CLEANING,1,204.2,2739,38.07
2017-08-12,3,SKU-584814,CLEANING,0,193.5,411,38.07
2017-08-13,3,SKU-584814,CLEANING,0,204.3,2849,38.07
2017-08-14,3,SKU-584814,CLEANING,0,155.1,1570,38.07
2017-08-15,3,SKU-584814,CLEANING,1,212.4,1170,38.07
2017-08-16,3,SKU-584814,CLEANING,0,159.0,17,38.07
2017-08-01,3,SKU-978629,CLEANING,0,66.7,817,9.39
2017-08-02,3,SKU-978629,CLEANING,0,68.9,109,9.39
2017-08-03,3,SKU-978629,CLEANING,0,68.7,60,9.39
2017-08-04,3,SKU-978629,CLEANING,0,68.0,577,9.39
2017-08-05,3,SKU-978629,CLEANING,0,83.6,748,9.39
2017-08-06,3,SKU-978629,CLEANING,0,86.7,907,9.39
2017-08-07,3,SKU-978629,CLEANING,1,88.3,1021,9.39
2017-08-08,3,SKU-978629,CLEANING,0,66.5,122,9.39
2017-08-09,3,SKU-978629,CLEANING,1,88.5,466,9.39
2017-08-10,3,SKU-978629,CLEANING,0,69.4,747,9.39
2017-08-11,3,SKU-978629,CLEANING,1,89.1,224,9.39
2017-08-12,3,SKU-978629,CLEANING,0,85.0,220,9.39
2017-08-13,3,SKU-978629,CLEANING,0,89.3,936,9.39
2017-08-14,3,SKU-978629,CLEANING,1,95.0,277,9.39
2017-08-15,3,SKU-978629,CLEANING,0,70.6,171,9.39
2017-08-16,3,SKU-978629,CLEANING,1,91.7,757,9.39
2017-08-01,3,SKU-790885,CLEANING,1,209.6,1266,14.49
2017-08-02,3,SKU-790885,CLEANING,1,222.1,586,14.49
2017-08-03,3,SKU-790885,CLEANING,1,213.9,1451,14.49
2017-08-04,3,SKU-790885,CLEANING,0,152.4,1555,14.49
2017-08-05,3,SKU-790885,CLEANING,0,199.7,2042,14.49
2017-08-06,3,SKU-790885,CLEANING,1,262.1,2243,14.49
2017-08-07,3,SKU-790885,CLEANING,0,163.1,1503,14.49
2017-08-08,3,SKU-790885,CLEANING,1,205.5,173,14.49
2017-08-09,3,SKU-790885,CLEANING,0,155.3,544,14.49
2017-08-10,3,SKU-790885,CLEANING,1,209.4,804,14.49
2017-08-11,3,SKU-790885,CLEANING,1,213.7,2325,14.49
2017-08-12,3,SKU-790885,CLEANING,0,200.7,104,14.49
2017-08-13,3,SKU-790885,CLEANING,0,209.1,416,14.49
2017-08-14,3,SKU-790885,CLEANING,0,157.7,773,14.49
2017-08-15,3,SKU-790885,CLEANING,1,204.5,1903,14.49
2017-08-16,3,SKU-790885,CLEANING,1,216.1,2834,14.49
2017-08-01,3,SKU-150601,DAIRY,0,239.9,3290,35.77
2017-08-02,3,SKU-150601,DAIRY,0,245.4,664,35.77
2017-08-03,3,SKU-150601,DAIRY,0,235.4,3121,35.77
2017-08-04,3,SKU-150601,DAIRY,1,313.8,106,35.77
2017-08-05,3,SKU-150601,DAIRY,1,406.0,514,35.77
2017-08-06,3,SKU-150601,DAIRY,0,304.6,4181,35.77
2017-08-07,3,SKU-150601,DAIRY,0,237.7,1810,35.77
2017-08-08,3,SKU-150601,DAIRY,1,325.6,2797,35.77
2017-08-09,3,SKU-150601,DAIRY,0,248.4,1496,35.77
2017-08-10,3,SKU-150601,DAIRY,0,244.0,746,35.77
2017-08-11,3,SKU-150601,DAIRY,0,248.7,1607,35.77
2017-08-12,3,SKU-150601,DAIRY,1,400.7,4416,35.77
2017-08-13,3,SKU-150601,DAIRY,0,298.8,4091,35.77
2017-08-14,3,SKU-150601,DAIRY,1,324.0,1547,35.77
2017-08-15,3,SKU-150601,DAIRY,1,325.5,3458,35.77
2017-08-16,3,SKU-150601,DAIRY,1,308.4,553,35.77
2017-08-01,3,SKU-982766,DAIRY,0,252.3,3479,39.37
2017-08-02,3,SKU-982766,DAIRY,1,326.1,307,39.37
2017-08-03,3,SKU-982766,DAIRY,0,263.9,1994,39.37
2017-08-04,3,SKU-982766,DAIRY,0,243.5,2242,39.37
2017-08-05,3,SKU-982766,DAIRY,1,427.2,4641,39.37
2017-08-06,3,SKU-982766,DAIRY,1,419.5,3078,39.37
2017-08-07,3,SKU-982766,DAIRY,0,261.0,2114,39.37
2017-08-08,3,SKU-982766,DAIRY,0,261.1,1453,39.37
2017-08-09,3,SKU-982766,DAIRY,1,343.4,767,39.37
2017-08-10,3,SKU-982766,DAIRY,0,261.0,1164,39.37
2017-08-11,3,SKU-982766,DAIRY,1,356.2,1388,39.37
2017-08-12,3,SKU-982766,DAIRY,1,416.8,1186,39.37
2017-08-13,3,SKU-982766,DAIRY,0,332.9,3052,39.37
2017-08-14,3,SKU-982766,DAIRY,0,252.0,2174,39.37
2017-08-15,3,SKU-982766,DAIRY,0,263.2,2963,39.37
2017-08-16,3,SKU-982766,DAIRY,0,265.4,1558,39.37
2017-08-01,3,SKU-613012,DAIRY,0,205.8,1237,29.11
2017-08-02,3,SKU-613012,DAIRY,0,188.6,1482,29.11
2017-08-03,3,SKU-613012,DAIRY,0,202.6,2526,29.11
2017-08-04,3,SKU-613012,DAIRY,0,202.8,540,29.11
2017-08-05,3,SKU-613012,DAIRY,1,348.8,2645,29.11
2017-08-06,3,SKU-613012,DAIRY,1,331.8,2193,29.11
2017-08-07,3,SKU-613012,DAIRY,1,266.5,1341,29.11
2017-08-08,3,SKU-613012,DAIRY,0,204.8,967,29.11
2017-08-09,3,SKU-613012,DAIRY,0,202.4,2342,29.11
2017-08-10,3,SKU-613012,DAIRY,0,193.1,392,29.11
2017-08-11,3,SKU-613012,DAIRY,0,197.3,2070,29.11
2017-08-12,3,SKU-613012,DAIRY,0,253.4,1256,29.11
2017-08-13,3,SKU-613012,DAIRY,1,337.1,4620,29.11
2017-08-14,3,SKU-613012,DAIRY,0,190.8,1809,29.11
2017-08-15,3,SKU-613012,DAIRY,0,201.9,206,29.11
2017-08-16,3,SKU-613012,DAIRY,0,205.3,660,29.11
2017-08-01,3,SKU-645735,DAIRY,0,44.3,141,4.85
2017-08-02,3,SKU-645735,DAIRY,0,40.9,439,4.85
2017-08-03,3,SKU-645735,DAIRY,0,43.8,555,4.85
2017-08-04,3,SKU-645735,DAIRY,0,44.0,45,4.85
2017-08-05,3,SKU-645735,DAIRY,1,74.0,906,4.85
2017-08-06,3,SKU-645735,DAIRY,0,52.2,290,4.85
2017-08-07,3,SKU-645735,DAIRY,0,41.6,228,4.85
2017-08-08,3,SKU-645735,DAIRY,0,42.4,478,4.85
2017-08-09,3,SKU-645735,DAIRY,0,40.7,245,4.85
2017-08-10,3,SKU-645735,DAIRY,0,44.7,88,4.85
2017-08-11,3,SKU-645735,DAIRY,1,60.4,700,4.85
2017-08-12,3,SKU-645735,DAIRY,0,55.8,767,4.85
2017-08-13,3,SKU-645735,DAIRY,0,54.3,481,4.85
2017-08-14,3,SKU-645735,DAIRY,0,43.3,278,4.85
2017-08-15,3,SKU-645735,DAIRY,0,41.1,48,4.85
2017-08-16,3,SKU-645735,DAIRY,0,40.8,328,4.85
2017-08-01,3,SKU-688595,DAIRY,0,100.4,1047,27.53
2017-08-02,3,SKU-688595,DAIRY,0,106.6,1273,27.53
2017-08-03,3,SKU-688595,DAIRY,0,103.4,1292,27.53
2017-08-04,3,SKU-688595,DAIRY,0,98.1,336,27.53
2017-08-05,3,SKU-688595,DAIRY,1,166.6,1363,27.53
2017-08-06,3,SKU-688595,DAIRY,1,180.9,1325,27.53
2017-08-07,3,SKU-688595,DAIRY,0,105.9,892,27.53
2017-08-08,3,SKU-688595,DAIRY,0,98.3,1252,27.53
2017-08-09,3,SKU-688595,DAIRY,0,105.8,1303,27.53
2017-08-10,3,SKU-688595,DAIRY,0,102.6,623,27.53
2017-08-11,3,SKU-688595,DAIRY,0,101.8,1105,27.53
2017-08-12,3,SKU-688595,DAIRY,0,134.5,840,27.53
2017-08-13,3,SKU-688595,DAIRY,0,131.1,1090,27.53
2017-08-14,3,SKU-688595,DAIRY,1,134.7,971,27.53
2017-08-15,3,SKU-688595,DAIRY,0,101.3,696,27.53
2017-08-16,3,SKU-688595,DAIRY,0,107.1,904,27.53
2017-08-01,4,SKU-897622,GROCERY I,0,291.8,21,13.2
2017-08-02,4,SKU-897622,GROCERY I,0,283.7,3604,13.2
2017-08-03,4,SKU-897622,GROCERY I,0,279.9,1770,13.2
2017-08-04,4,SKU-897622,GROCERY I,0,284.2,1874,13.2
2017-08-05,4,SKU-897622,GROCERY I,0,353.8,2930,13.2
2017-08-06,4,SKU-897622,GROCERY I,0,367.2,263,13.2
2017-08-07,4,SKU-897622,GROCERY I,1,392.1,1571,13.2
2017-08-08,4,SKU-897622,GROCERY I,0,279.1,861,13.2
2017-08-09,4,SKU-897622,GROCERY I,0,268.0,1049,13.2
2017-08-10,4,SKU-897622,GROCERY I,1,370.9,4250,13.2
2017-08-11,4,SKU-897622,GROCERY I,0,291.4,2349,13.2
2017-08-12,4,SKU-897622,GROCERY I,0,360.9,236,13.2
2017-08-13,4,SKU-897622,GROCERY I,0,369.9,863,13.2
2017-08-14,4,SKU-897622,GROCERY I,0,287.2,3548,13.2
2017-08-15,4,SKU-897622,GROCERY I,0,274.0,2591,13.2
2017-08-16,4,SKU-897622,GROCERY I,0,286.9,3832,13.2
2017-08-01,4,SKU-967780,GROCERY I,0,23.6,29,29.18
2017-08-02,4,SKU-967780,GROCERY I,0,24.6,48,29.18
2017-08-03,4,SKU-967780,GROCERY I,0,24.1,130,29.18
2017-08-04,4,SKU-967780,GROCERY I,0,24.0,254,29.18
2017-08-05,4,SKU-967780,GROCERY I,0,29.2,151,29.18
2017-08-06,4,SKU-967780,GROCERY I,1,41.9,401,29.18
2017-08-07,4,SKU-967780,GROCERY I,0,24.4,13,29.18
2017-08-08,4,SKU-967780,GROCERY I,0,25.2,219,29.18
2017-08-09,4,SKU-967780,GROCERY I,1,33.3,64,29.18
2017-08-10,4,SKU-967780,GROCERY I,1,31.2,237,29.18
2017-08-11,4,SKU-967780,GROCERY I,0,23.0,141,29.18
2017-08-12,4,SKU-967780,GROCERY I,0,30.5,250,29.18
2017-08-13,4,SKU-967780,GROCERY I,0,29.4,234,29.18
2017-08-14,4,SKU-967780,GROCERY I,0,24.7,229,29.18
2017-08-15,4,SKU-967780,GROCERY I,1,33.2,205,29.18
2017-08-16,4,SKU-967780,GROCERY I,0,23.6,108,29.18
2017-08-01,4,SKU-816409,GROCERY I,0,177.1,1440,11.34
2017-08-02,4,SKU-816409,GROCERY I,1,230.6,2873,11.34
2017-08-03,4,SKU-816409,GROCERY I,0,175.6,77,11.34
2017-08-04,4,SKU-816409,GROCERY I,0,178.4,1282,11.34
2017-08-05,4,SKU-816409,GROCERY I,0,228.1,152,11.34
2017-08-06,4,SKU-816409,GROCERY I,1,317.0,1514,11.34
2017-08-07,4,SKU-816409,GROCERY I,0,175.8,26,11.34
2017-08-08,4,SKU-816409,GROCERY I,0,183.2,1532,11.34
2017-08-09,4,SKU-816409,GROCERY I,0,184.1,1373,11.34
2017-08-10,4,SKU-816409,GROCERY I,1,242.2,1902,11.34
2017-08-11,4,SKU-816409,GROCERY I,0,172.0,2340,11.34
2017-08-12,4,SKU-816409,GROCERY I,0,235.5,1758,11.34
2017-08-13,4,SKU-816409,GROCERY I,0,215.8,638,11.34
2017-08-14,4,SKU-816409,GROCERY I,1,238.2,1324,11.34
2017-08-15,4,SKU-816409,GROCERY I,0,171.7,1177,11.34
2017-08-16,4,SKU-816409,GROCERY I,0,183.9,959,11.34
2017-08-01,4,SKU-304923,GROCERY I,0,109.2,1504,40.15
2017-08-02,4,SKU-304923,GROCERY I,0,110.7,609,40.15
2017-08-03,4,SKU-304923,GROCERY I,0,104.1,793,40.15
2017-08-04,4,SKU-304923,GROCERY I,0,106.3,810,40.15
2017-08-05,4,SKU-304923,GROCERY I,1,186.4,1154,40.15
2017-08-06,4,SKU-304923,GROCERY I,0,130.4,363,40.15
2017-08-07,4,SKU-304923,GROCERY I,0,104.1,401,40.15
2017-08-08,4,SKU-304923,GROCERY I,1,143.6,704,40.15
2017-08-09,4,SKU-304923,GROCERY I,0,102.0,639,40.15
2017-08-10,4,SKU-304923,GROCERY I,0,105.7,600,40.15
2017-08-11,4,SKU-304923,GROCERY I,1,148.2,1297,40.15
2017-08-12,4,SKU-304923,GROCERY I,0,135.2,389,40.15
2017-08-13,4,SKU-304923,GROCERY I,0,127.5,854,40.15
2017-08-14,4,SKU-304923,GROCERY I,0,102.9,1389,40.15
2017-08-15,4,SKU-304923,GROCERY I,1,146.0,1094,40.15
2017-08-16,4,SKU-304923,GROCERY I,1,137.5,1523,40.15
2017-08-01,4,SKU-379003,GROCERY I,0,37.0,502,31.11
2017-08-02,4,SKU-379003,GROCERY I,1,52.5,77,31.11
2017-08-03,4,SKU-379003,GROCERY I,1,52.4,228,31.11
2017-08-04,4,SKU-379003,GROCERY I,0,38.9,310,31.11
2017-08-05,4,SKU-379003,GROCERY I,0,49.6,638,31.11
2017-08-06,4,SKU-379003,GROCERY I,0,50.2,629,31.11
2017-08-07,4,SKU-379003,GROCERY I,0,38.6,329,31.11
2017-08-08,4,SKU-379003,GROCERY I,0,40.0,272,31.11
2017-08-09,4,SKU-379003,GROCERY I,1,50.1,12,31.11
2017-08-10,4,SKU-379003,GROCERY I,0,38.1,135,31.11
2017-08-11,4,SKU-379003,GROCERY I,0,37.9,26,31.11
2017-08-12,4,SKU-379003,GROCERY I,1,64.4,664,31.11
2017-08-13,4,SKU-379003,GROCERY I,1,69.1,39,31.11
2017-08-14,4,SKU-379003,GROCERY I,1,52.6,469,31.11
2017-08-15,4,SKU-379003,GROCERY I,0,40.1,193,31.11
2017-08-16,4,SKU-379003,GROCERY I,1,52.6,586,31.11
2017-08-01,4,SKU-389954,CLEANING,1,376.1,85,30.94
2017-08-02,4,SKU-389954,CLEANING,1,396.8,4116,30.94
2017-08-03,4,SKU-389954,CLEANING,0,291.6,3141,30.94
2017-08-04,4,SKU-389954,CLEANING,0,292.0,3459,30.94
2017-08-05,4,SKU-389954,CLEANING,0,344.5,2356,30.94
2017-08-06,4,SKU-389954,CLEANING,0,356.0,2034,30.94
2017-08-07,4,SKU-389954,CLEANING,0,280.1,444,30.94
2017-08-08,4,SKU-389954,CLEANING,1,401.2,415,30.94
2017-08-09,4,SKU-389954,CLEANING,1,384.8,1620,30.94
2017-08-10,4,SKU-389954,CLEANING,0,284.4,3165,30.94
2017-08-11,4,SKU-389954,CLEANING,1,366.7,383,30.94
2017-08-12,4,SKU-389954,CLEANING,0,351.9,1152,30.94
2017-08-13,4,SKU-389954,CLEANING,0,370.2,4816,30.94
2017-08-14,4,SKU-389954,CLEANING,0,296.0,1339,30.94
2017-08-15,4,SKU-389954,CLEANING,0,276.6,2483,30.94
2017-08-16,4,SKU-389954,CLEANING,1,388.0,1950,30.94
2017-08-01,4,SKU-582616,CLEANING,1,311.0,1981,9.67
2017-08-02,4,SKU-582616,CLEANING,1,301.6,2693,9.67
2017-08-03,4,SKU-582616,CLEANING,0,221.4,734,9.67
2017-08-04,4,SKU-582616,CLEANING,0,217.5,1719,9.67
2017-08-05,4,SKU-582616,CLEANING,0,292.4,2952,9.67
2017-08-06,4,SKU-582616,CLEANING,0,271.1,3348,9.67
2017-08-07,4,SKU-582616,CLEANING,1,306.6,1172,9.67
2017-08-08,4,SKU-582616,CLEANING,0,213.4,572,9.67
2017-08-09,4,SKU-582616,CLEANING,1,306.4,2549,9.67
2017-08-10,4,SKU-582616,CLEANING,1,302.5,1982,9.67
2017-08-11,4,SKU-582616,CLEANING,0,232.0,277,9.67
2017-08-12,4,SKU-582616,CLEANING,1,391.3,720,9.67
2017-08-13,4,SKU-582616,CLEANING,0,291.0,2333,9.67
2017-08-14,4,SKU-582616,CLEANING,1,313.3,1858,9.67
2017-08-15,4,SKU-582616,CLEANING,0,231.9,2195,9.67
2017-08-16,4,SKU-582616,CLEANING,0,212.0,1680,9.67
2017-08-01,4,SKU-716410,CLEANING,0,238.3,2922,30.9
2017-08-02,4,SKU-716410,CLEANING,0,238.9,442,30.9
2017-08-03,4,SKU-716410,CLEANING,0,255.2,968,30.9
2017-08-04,4,SKU-716410,CLEANING,0,247.6,3464,30.9
2017-08-05,4,SKU-716410,CLEANING,0,308.6,1670,30.9
2017-08-06,4,SKU-716410,CLEANING,1,415.6,654,30.9
2017-08-07,4,SKU-716410,CLEANING,0,250.9,20,30.9
2017-08-08,4,SKU-716410,CLEANING,1,319.5,2473,30.9
2017-08-09,4,SKU-716410,CLEANING,0,249.7,1303,30.9
2017-08-10,4,SKU-716410,CLEANING,1,337.4,3063,30.9
2017-08-11,4,SKU-716410,CLEANING,1,338.2,179,30.9
2017-08-12,4,SKU-716410,CLEANING,0,321.9,575,30.9
2017-08-13,4,SKU-716410,CLEANING,1,436.4,328,30.9
2017-08-14,4,SKU-716410,CLEANING,0,243.5,1978,30.9
2017-08-15,4,SKU-716410,CLEANING,0,233.1,2179,30.9
2017-08-16,4,SKU-716410,CLEANING,1,339.1,2586,30.9
2017-08-01,4,SKU-157134,CLEANING,0,238.1,74,2.14
2017-08-02,4,SKU-157134,CLEANING,0,239.9,1660,2.14
2017-08-03,4,SKU-157134,CLEANING,0,242.8,2027,2.14
2017-08-04,4,SKU-157134,CLEANING,0,241.2,3253,2.14
2017-08-05,4,SKU-157134,CLEANING,0,311.1,1365,2.14
2017-08-06,4,SKU-157134,CLEANING,1,424.0,3099,2.14
2017-08-07,4,SKU-157134,CLEANING,1,314.5,84,2.14
2017-08-08,4,SKU-157134,CLEANING,1,336.8,575,2.14
2017-08-09,4,SKU-157134,CLEANING,0,230.3,952,2.14
2017-08-10,4,SKU-157134,CLEANING,1,327.3,1601,2.14
2017-08-11,4,SKU-157134,CLEANING,0,230.0,972,2.14
2017-08-12,4,SKU-157134,CLEANING,0,320.2,3798,2.14
2017-08-13,4,SKU-157134,CLEANING,0,317.9,3487,2.14
2017-08-14,4,SKU-157134,CLEANING,1,325.4,1819,2.14
2017-08-15,4,SKU-157134,CLEANING,0,231.5,747,2.14
2017-08-16,4,SKU-157134,CLEANING,0,241.6,2530,2.14
2017-08-01,4,SKU-860278,CLEANING,1,261.9,1950,26.83
2017-08-02,4,SKU-860278,CLEANING,0,202.1,1592,26.83
2017-08-03,4,SKU-860278,CLEANING,1,261.0,2654,26.83
2017-08-04,4,SKU-860278,CLEANING,0,207.1,2457,26.83
2017-08-05,4,SKU-860278,CLEANING,0,246.0,3380,26.83
2017-08-06,4,SKU-860278,CLEANING,0,261.9,609,26.83
2017-08-07,4,SKU-860278,CLEANING,0,205.4,2724,26.83
2017-08-08,4,SKU-860278,CLEANING,0,203.7,1541,26.83
2017-08-09,4,SKU-860278,CLEANING,0,203.0,1964,26.83
2017-08-10,4,SKU-860278,CLEANING,1,268.9,874,26.83
2017-08-11,4,SKU-860278,CLEANING,0,197.5,841,26.83
2017-08-12,4,SKU-860278,CLEANING,1,334.8,4448,26.83
2017-08-13,4,SKU-860278,CLEANING,1,343.8,4470,26.83
2017-08-14,4,SKU-860278,CLEANING,1,270.2,690,26.83
2017-08-15,4,SKU-860278,CLEANING,0,200.4,2425,26.83
2017-08-16,4,SKU-860278,CLEANING,0,207.1,1958,26.83
2017-08-01,4,SKU-255344,DAIRY,1,368.4,4954,36.0
2017-08-02,4,SKU-255344,DAIRY,0,292.7,4076,36.0
2017-08-03,4,SKU-255344,DAIRY,1,396.3,3164,36.0
2017-08-04,4,SKU-255344,DAIRY,0,278.3,2316,36.0
2017-08-05,4,SKU-255344,DAIRY,0,358.1,4919,36.0
2017-08-06,4,SKU-255344,DAIRY,0,364.1,4628,36.0
2017-08-07,4,SKU-255344,DAIRY,1,395.5,2892,36.0
2017-08-08,4,SKU-255344,DAIRY,1,387.8,886,36.0
2017-08-09,4,SKU-255344,DAIRY,0,286.2,998,36.0
2017-08-10,4,SKU-255344,DAIRY,0,284.8,657,36.0
2017-08-11,4,SKU-255344,DAIRY,0,287.7,2014,36.0
2017-08-12,4,SKU-255344,DAIRY,0,336.4,1687,36.0
2017-08-13,4,SKU-255344,DAIRY,1,464.7,4130,36.0
2017-08-14,4,SKU-255344,DAIRY,0,275.1,3267,36.0
2017-08-15,4,SKU-255344,DAIRY,1,362.8,2183,36.0
2017-08-16,4,SKU-255344,DAIRY,0,279.6,2596,36.0
2017-08-01,4,SKU-505513,DAIRY,1,365.9,2539,8.19
2017-08-02,4,SKU-505513,DAIRY,0,258.8,2305,8.19
2017-08-03,4,SKU-505513,DAIRY,0,247.1,209,8.19
2017-08-04,4,SKU-505513,DAIRY,0,253.4,2210,8.19
2017-08-05,4,SKU-505513,DAIRY,1,437.0,3515,8.19
2017-08-06,4,SKU-505513,DAIRY,0,338.8,4280,8.19
2017-08-07,4,SKU-505513,DAIRY,1,366.6,150,8.19
2017-08-08,4,SKU-505513,DAIRY,1,358.8,1156,8.19
2017-08-09,4,SKU-505513,DAIRY,1,337.7,3215,8.19
2017-08-10,4,SKU-505513,DAIRY,0,257.5,2595,8.19
2017-08-11,4,SKU-505513,DAIRY,0,257.4,1182,8.19
2017-08-12,4,SKU-505513,DAIRY,1,426.3,2572,8.19
2017-08-13,4,SKU-505513,DAIRY,1,457.4,2573,8.19
2017-08-14,4,SKU-505513,DAIRY,1,361.3,4497,8.19
2017-08-15,4,SKU-505513,DAIRY,0,251.6,906,8.19
2017-08-16,4,SKU-505513,DAIRY,0,261.7,129,8.19
2017-08-01,4,SKU-341133,DAIRY,1,57.2,333,4.5
2017-08-02,4,SKU-341133,DAIRY,1,59.1,281,4.5
2017-08-03,4,SKU-341133,DAIRY,0,43.5,402,4.5
2017-08-04,4,SKU-341133,DAIRY,0,43.9,335,4.5
2017-08-05,4,SKU-341133,DAIRY,0,53.1,37,4.5
2017-08-06,4,SKU-341133,DAIRY,0,54.9,10,4.5
2017-08-07,4,SKU-341133,DAIRY,0,42.4,41,4.5
2017-08-08,4,SKU-341133,DAIRY,1,55.6,243,4.5
2017-08-09,4,SKU-341133,DAIRY,0,41.2,10,4.5
2017-08-10,4,SKU-341133,DAIRY,1,59.8,195,4.5
2017-08-11,4,SKU-341133,DAIRY,0,43.4,517,4.5
2017-08-12,4,SKU-341133,DAIRY,0,52.4,245,4.5
2017-08-13,4,SKU-341133,DAIRY,1,74.5,197,4.5
2017-08-14,4,SKU-341133,DAIRY,0,44.0,498,4.5
2017-08-15,4,SKU-341133,DAIRY,1,58.6,328,4.5
2017-08-16,4,SKU-341133,DAIRY,0,43.0,56,4.5
2017-08-01,4,SKU-372158,DAIRY,0,221.1,839,2.4
2017-08-02,4,SKU-372158,DAIRY,0,220.3,1121,2.4
2017-08-03,4,SKU-372158,DAIRY,1,301.9,557,2.4
2017-08-04,4,SKU-372158,DAIRY,0,226.9,2253,2.4
2017-08-05,4,SKU-372158,DAIRY,0,291.9,1839,2.4
2017-08-06,4,SKU-372158,DAIRY,0,269.8,380,2.4
2017-08-07,4,SKU-372158,DAIRY,1,286.7,510,2.4
2017-08-08,4,SKU-372158,DAIRY,1,293.3,136,2.4
2017-08-09,4,SKU-372158,DAIRY,0,212.8,643,2.4
2017-08-10,4,SKU-372158,DAIRY,0,213.1,363,2.4
2017-08-11,4,SKU-372158,DAIRY,1,303.0,1852,2.4
2017-08-12,4,SKU-372158,DAIRY,0,273.5,1852,2.4
2017-08-13,4,SKU-372158,DAIRY,0,275.6,3498,2.4
2017-08-14,4,SKU-372158,DAIRY,0,226.9,403,2.4
2017-08-15,4,SKU-372158,DAIRY,1,301.4,3559,2.4
2017-08-16,4,SKU-372158,DAIRY,0,222.0,1562,2.4
2017-08-01,4,SKU-694821,DAIRY,0,166.6,1678,43.57
2017-08-02,4,SKU-694821,DAIRY,1,217.6,2439,43.57
2017-08-03,4,SKU-694821,DAIRY,0,164.8,312,43.57
2017-08-04,4,SKU-694821,DAIRY,1,217.1,948,43.57
2017-08-05,4,SKU-694821,DAIRY,0,218.1,2057,43.57
2017-08-06,4,SKU-694821,DAIRY,1,276.8,2425,43.57
2017-08-07,4,SKU-694821,DAIRY,0,172.0,2182,43.57
2017-08-08,4,SKU-694821,DAIRY,0,169.4,132,43.57
2017-08-09,4,SKU-694821,DAIRY,0,163.0,706,43.57
2017-08-10,4,SKU-694821,DAIRY,0,168.5,794,43.57
2017-08-11,4,SKU-694821,DAIRY,1,222.6,222,43.57
2017-08-12,4,SKU-694821,DAIRY,1,277.9,1689,43.57
2017-08-13,4,SKU-694821,DAIRY,0,206.8,173,43.57
2017-08-14,4,SKU-694821,DAIRY,0,173.9,1565,43.57
2017-08-15,4,SKU-694821,DAIRY,0,168.7,477,43.57
2017-08-16,4,SKU-694821,DAIRY,0,170.7,251,43.57
2017-08-01,5,SKU-189116,GROCERY I,1,139.6,885,42.45
2017-08-02,5,SKU-189116,GROCERY I,1,141.0,1085,42.45
2017-08-03,5,SKU-189116,GROCERY I,1,147.6,400,42.45
2017-08-04,5,SKU-189116,GROCERY I,0,105.5,772,42.45
2017-08-05,5,SKU-189116,GROCERY I,0,138.8,1009,42.45
2017-08-06,5,SKU-189116,GROCERY I,1,187.8,1449,42.45
2017-08-07,5,SKU-189116,GROCERY I,0,104.9,878,42.45
2017-08-08,5,SKU-189116,GROCERY I,0,113.3,117,42.45
2017-08-09,5,SKU-189116,GROCERY I,0,110.9,716,42.45
2017-08-10,5,SKU-189116,GROCERY I,0,109.3,985,42.45
2017-08-11,5,SKU-189116,GROCERY I,1,144.9,1147,42.45
2017-08-12,5,SKU-189116,GROCERY I,0,139.7,1145,42.45
2017-08-13,5,SKU-189116,GROCERY I,0,133.9,13,42.45
2017-08-14,5,SKU-189116,GROCERY I,0,104.6,663,42.45
2017-08-15,5,SKU-189116,GROCERY I,0,105.6,1388,42.45
2017-08-16,5,SKU-189116,GROCERY I,0,111.7,981,42.45
2017-08-01,5,SKU-184381,GROCERY I,0,203.1,727,19.25
2017-08-02,5,SKU-184381,GROCERY I,0,210.6,1182,19.25
2017-08-03,5,SKU-184381,GROCERY I,1,263.5,2483,19.25
2017-08-04,5,SKU-184381,GROCERY I,1,261.1,40,19.25
2017-08-05,5,SKU-184381,GROCERY I,0,244.1,2560,19.25
2017-08-06,5,SKU-184381,GROCERY I,1,341.2,1243,19.25
2017-08-07,5,SKU-184381,GROCERY I,0,205.9,36,19.25
2017-08-08,5,SKU-184381,GROCERY I,0,203.7,1822,19.25
2017-08-09,5,SKU-184381,GROCERY I,0,205.7,272,19.25
2017-08-10,5,SKU-184381,GROCERY I,0,209.0,2164,19.25
2017-08-11,5,SKU-184381,GROCERY I,0,196.4,597,19.25
2017-08-12,5,SKU-184381,GROCERY I,0,248.0,226,19.25
2017-08-13,5,SKU-184381,GROCERY I,0,260.4,2215,19.25
2017-08-14,5,SKU-184381,GROCERY I,0,193.0,2571,19.25
2017-08-15,5,SKU-184381,GROCERY I,1,280.2,3230,19.25
2017-08-16,5,SKU-184381,GROCERY I,1,273.1,773,19.25
2017-08-01,5,SKU-462441,GROCERY I,1,208.8,2255,12.52
2017-08-02,5,SKU-462441,GROCERY I,0,153.3,1718,12.52
2017-08-03,5,SKU-462441,GROCERY I,0,163.7,2098,12.52
2017-08-04,5,SKU-462441,GROCERY I,1,203.3,2243,12.52
2017-08-05,5,SKU-462441,GROCERY I,0,206.9,1851,12.52
2017-08-06,5,SKU-462441,GROCERY I,1,269.3,2021,12.52
2017-08-07,5,SKU-462441,GROCERY I,0,162.4,959,12.52
2017-08-08,5,SKU-462441,GROCERY I,0,162.4,1365,12.52
2017-08-09,5,SKU-462441,GROCERY I,0,159.4,915,12.52
2017-08-10,5,SKU-462441,GROCERY I,0,150.5,450,12.52
2017-08-11,5,SKU-462441,GROCERY I,0,161.3,35,12.52
2017-08-12,5,SKU-462441,GROCERY I,0,208.0,334,12.52
2017-08-13,5,SKU-462441,GROCERY I,0,205.2,2708,12.52
2017-08-14,5,SKU-462441,GROCERY I,1,217.9,2523,12.52
2017-08-15,5,SKU-462441,GROCERY I,0,162.8,28,12.52
2017-08-16,5,SKU-462441,GROCERY I,1,212.0,1646,12.52
2017-08-01,5,SKU-944052,GROCERY I,1,303.6,926,4.83
2017-08-02,5,SKU-944052,GROCERY I,1,302.4,2680,4.83
2017-08-03,5,SKU-944052,GROCERY I,0,212.8,698,4.83
2017-08-04,5,SKU-944052,GROCERY I,0,226.5,255,4.83
2017-08-05,5,SKU-944052,GROCERY I,1,365.7,2675,4.83
2017-08-06,5,SKU-944052,GROCERY I,1,385.6,1867,4.83
2017-08-07,5,SKU-944052,GROCERY I,0,215.9,49,4.83
2017-08-08,5,SKU-944052,GROCERY I,0,216.8,1253,4.83
2017-08-09,5,SKU-944052,GROCERY I,1,290.6,1996,4.83
2017-08-10,5,SKU-944052,GROCERY I,0,223.0,2695,4.83
2017-08-11,5,SKU-944052,GROCERY I,0,224.0,937,4.83
2017-08-12,5,SKU-944052,GROCERY I,0,270.8,1576,4.83
2017-08-13,5,SKU-944052,GROCERY I,1,385.5,664,4.83
2017-08-14,5,SKU-944052,GROCERY I,0,219.5,372,4.83
2017-08-15,5,SKU-944052,GROCERY I,0,213.6,507,4.83
2017-08-16,5,SKU-944052,GROCERY I,0,212.7,1006,4.83
2017-08-01,5,SKU-627741,GROCERY I,0,272.2,1640,28.31
2017-08-02,5,SKU-627741,GROCERY I,0,279.9,2754,28.31
2017-08-03,5,SKU-627741,GROCERY I,0,274.5,1589,28.31
2017-08-04,5,SKU-627741,GROCERY I,1,375.5,2804,28.31
2017-08-05,5,SKU-627741,GROCERY I,0,350.4,583,28.31
2017-08-06,5,SKU-627741,GROCERY I,0,334.4,3243,28.31
2017-08-07,5,SKU-627741,GROCERY I,0,271.5,3405,28.31
2017-08-08,5,SKU-627741,GROCERY I,0,274.7,1618,28.31
2017-08-09,5,SKU-627741,GROCERY I,0,282.6,282,28.31
2017-08-10,5,SKU-627741,GROCERY I,0,276.2,2433,28.31
2017-08-11,5,SKU-627741,GROCERY I,0,267.7,47,28.31
2017-08-12,5,SKU-627741,GROCERY I,1,469.8,5500,28.31
2017-08-13,5,SKU-627741,GROCERY I,1,484.2,3293,28.31
2017-08-14,5,SKU-627741,GROCERY I,0,282.5,1790,28.31
2017-08-15,5,SKU-627741,GROCERY I,0,284.3,3513,28.31
2017-08-16,5,SKU-627741,GROCERY I,0,262.9,1433,28.31
2017-08-01,5,SKU-404359,CLEANING,0,26.5,183,13.72
2017-08-02,5,SKU-404359,CLEANING,0,28.5,339,13.72
2017-08-03,5,SKU-404359,CLEANING,0,29.1,189,13.72
2017-08-04,5,SKU-404359,CLEANING,0,29.2,102,13.72
2017-08-05,5,SKU-404359,CLEANING,1,45.2,288,13.72
2017-08-06,5,SKU-404359,CLEANING,0,35.9,309,13.72
2017-08-07,5,SKU-404359,CLEANING,1,37.1,198,13.72
2017-08-08,5,SKU-404359,CLEANING,0,27.4,357,13.72
2017-08-09,5,SKU-404359,CLEANING,0,28.7,340,13.72
2017-08-10,5,SKU-404359,CLEANING,0,28.2,46,13.72
2017-08-11,5,SKU-404359,CLEANING,0,26.5,219,13.72
2017-08-12,5,SKU-404359,CLEANING,0,35.3,262,13.72
2017-08-13,5,SKU-404359,CLEANING,0,35.7,381,13.72
2017-08-14,5,SKU-404359,CLEANING,0,27.0,272,13.72
2017-08-15,5,SKU-404359,CLEANING,0,28.3,143,13.72
2017-08-16,5,SKU-404359,CLEANING,0,26.9,104,13.72
2017-08-01,5,SKU-903806,CLEANING,1,244.6,2169,29.95
2017-08-02,5,SKU-903806,CLEANING,0,179.3,1801,29.95
2017-08-03,5,SKU-903806,CLEANING,0,174.4,773,29.95
2017-08-04,5,SKU-903806,CLEANING,0,174.6,1044,29.95
2017-08-05,5,SKU-903806,CLEANING,1,306.7,815,29.95
2017-08-06,5,SKU-903806,CLEANING,0,231.5,1246,29.95
2017-08-07,5,SKU-903806,CLEANING,1,246.5,2749,29.95
2017-08-08,5,SKU-903806,CLEANING,0,183.2,684,29.95
2017-08-09,5,SKU-903806,CLEANING,1,246.0,1124,29.95
2017-08-10,5,SKU-903806,CLEANING,0,174.2,1697,29.95
2017-08-11,5,SKU-903806,CLEANING,0,181.5,679,29.95
2017-08-12,5,SKU-903806,CLEANING,0,234.2,2553,29.95
2017-08-13,5,SKU-903806,CLEANING,1,297.0,376,29.95
2017-08-14,5,SKU-903806,CLEANING,0,177.4,1079,29.95
2017-08-15,5,SKU-903806,CLEANING,0,175.4,92,29.95
2017-08-16,5,SKU-903806,CLEANING,1,236.4,1848,29.95
2017-08-01,5,SKU-791319,CLEANING,0,240.5,1736,35.59
2017-08-02,5,SKU-791319,CLEANING,1,332.6,3108,35.59
2017-08-03,5,SKU-791319,CLEANING,0,254.1,2893,35.59
2017-08-04,5,SKU-791319,CLEANING,1,350.4,4056,35.59
2017-08-05,5,SKU-791319,CLEANING,1,441.1,4950,35.59
2017-08-06,5,SKU-791319,CLEANING,0,297.7,1946,35.59
2017-08-07,5,SKU-791319,CLEANING,0,243.1,1089,35.59
2017-08-08,5,SKU-791319,CLEANING,1,347.8,4136,35.59
2017-08-09,5,SKU-791319,CLEANING,0,235.9,274,35.59
2017-08-10,5,SKU-791319,CLEANING,0,235.9,66,35.59
2017-08-11,5,SKU-791319,CLEANING,1,341.6,1484,35.59
2017-08-12,5,SKU-791319,CLEANING,0,313.5,33,35.59
2017-08-13,5,SKU-791319,CLEANING,1,419.2,2367,35.59
2017-08-14,5,SKU-791319,CLEANING,0,237.3,2124,35.59
2017-08-15,5,SKU-791319,CLEANING,1,340.6,668,35.59
2017-08-16,5,SKU-791319,CLEANING,0,249.7,3037,35.59
2017-08-01,5,SKU-892173,CLEANING,0,120.4,752,28.41
2017-08-02,5,SKU-892173,CLEANING,0,125.2,813,28.41
2017-08-03,5,SKU-892173,CLEANING,1,163.1,2167,28.41
2017-08-04,5,SKU-892173,CLEANING,1,160.8,1945,28.41
2017-08-05,5,SKU-892173,CLEANING,0,159.1,1410,28.41
2017-08-06,5,SKU-892173,CLEANING,0,154.8,2111,28.41
2017-08-07,5,SKU-892173,CLEANING,0,121.5,1274,28.41
2017-08-08,5,SKU-892173,CLEANING,1,161.7,470,28.41
2017-08-09,5,SKU-892173,CLEANING,0,121.8,777,28.41
2017-08-10,5,SKU-892173,CLEANING,1,155.9,1499,28.41
2017-08-11,5,SKU-892173,CLEANING,0,116.8,747,28.41
2017-08-12,5,SKU-892173,CLEANING,0,155.4,1981,28.41
2017-08-13,5,SKU-892173,CLEANING,0,159.5,1969,28.41
2017-08-14,5,SKU-892173,CLEANING,0,124.8,1126,28.41
2017-08-15,5,SKU-892173,CLEANING,0,123.7,173,28.41
2017-08-16,5,SKU-892173,CLEANING,0,123.2,124,28.41
2017-08-01,5,SKU-451193,CLEANING,1,64.3,596,27.9
2017-08-02,5,SKU-451193,CLEANING,0,47.5,590,27.9
2017-08-03,5,SKU-451193,CLEANING,0,46.9,195,27.9
2017-08-04,5,SKU-451193,CLEANING,1,65.0,37,27.9
2017-08-05,5,SKU-451193,CLEANING,1,79.1,1078,27.9
2017-08-06,5,SKU-451193,CLEANING,0,59.9,61,27.9
2017-08-07,5,SKU-451193,CLEANING,0,43.9,599,27.9
2017-08-08,5,SKU-451193,CLEANING,1,64.1,842,27.9
2017-08-09,5,SKU-451193,CLEANING,0,45.3,54,27.9
2017-08-10,5,SKU-451193,CLEANING,0,44.6,298,27.9
2017-08-11,5,SKU-451193,CLEANING,0,44.0,111,27.9
2017-08-12,5,SKU-451193,CLEANING,0,60.6,646,27.9
2017-08-13,5,SKU-451193,CLEANING,1,77.7,310,27.9
2017-08-14,5,SKU-451193,CLEANING,1,60.8,261,27.9
2017-08-15,5,SKU-451193,CLEANING,0,44.1,165,27.9
2017-08-16,5,SKU-451193,CLEANING,0,46.6,50,27.9
2017-08-01,5,SKU-347908,DAIRY,1,88.2,1218,40.57
2017-08-02,5,SKU-347908,DAIRY,0,65.5,762,40.57
2017-08-03,5,SKU-347908,DAIRY,1,93.1,211,40.57
2017-08-04,5,SKU-347908,DAIRY,0,70.1,304,40.57
2017-08-05,5,SKU-347908,DAIRY,0,81.9,208,40.57
2017-08-06,5,SKU-347908,DAIRY,1,115.6,1593,40.57
2017-08-07,5,SKU-347908,DAIRY,0,69.7,282,40.57
2017-08-08,5,SKU-347908,DAIRY,0,66.1,327,40.57
2017-08-09,5,SKU-347908,DAIRY,0,71.5,668,40.57
2017-08-10,5,SKU-347908,DAIRY,0,65.1,123,40.57
2017-08-11,5,SKU-347908,DAIRY,0,70.0,922,40.57
2017-08-12,5,SKU-347908,DAIRY,0,86.3,574,40.57
2017-08-13,5,SKU-347908,DAIRY,0,86.7,837,40.57
2017-08-14,5,SKU-347908,DAIRY,0,65.6,736,40.57
2017-08-15,5,SKU-347908,DAIRY,0,69.5,410,40.57
2017-08-16,5,SKU-347908,DAIRY,0,70.9,884,40.57
2017-08-01,5,SKU-953220,DAIRY,0,162.8,923,33.53
2017-08-02,5,SKU-953220,DAIRY,1,221.2,2299,33.53
2017-08-03,5,SKU-953220,DAIRY,0,151.2,1810,33.53
2017-08-04,5,SKU-953220,DAIRY,0,162.6,1122,33.53
2017-08-05,5,SKU-953220,DAIRY,0,206.3,1748,33.53
2017-08-06,5,SKU-953220,DAIRY,0,199.5,1042,33.53
2017-08-07,5,SKU-953220,DAIRY,1,206.7,2717,33.53
2017-08-08,5,SKU-953220,DAIRY,1,208.5,2132,33.53
2017-08-09,5,SKU-953220,DAIRY,0,154.5,2138,33.53
2017-08-10,5,SKU-953220,DAIRY,0,153.1,1119,33.53
2017-08-11,5,SKU-953220,DAIRY,0,158.4,1669,33.53
2017-08-12,5,SKU-953220,DAIRY,0,200.3,159,33.53
2017-08-13,5,SKU-953220,DAIRY,0,193.0,724,33.53
2017-08-14,5,SKU-953220,DAIRY,0,152.3,633,33.53
2017-08-15,5,SKU-953220,DAIRY,0,164.1,2170,33.53
2017-08-16,5,SKU-953220,DAIRY,0,163.7,1803,33.53
2017-08-01,5,SKU-547244,DAIRY,1,190.3,1303,21.78
2017-08-02,5,SKU-547244,DAIRY,0,147.4,2062,21.78
2017-08-03,5,SKU-547244,DAIRY,1,195.1,2262,21.78
2017-08-04,5,SKU-547244,DAIRY,0,139.2,406,21.78
2017-08-05,5,SKU-547244,DAIRY,0,184.7,1594,21.78
2017-08-06,5,SKU-547244,DAIRY,1,249.3,1754,21.78
2017-08-07,5,SKU-547244,DAIRY,0,139.2,1078,21.78
2017-08-08,5,SKU-547244,DAIRY,0,151.0,348,21.78
2017-08-09,5,SKU-547244,DAIRY,0,145.3,490,21.78
2017-08-10,5,SKU-547244,DAIRY,0,149.3,242,21.78
2017-08-11,5,SKU-547244,DAIRY,0,142.8,355,21.78
2017-08-12,5,SKU-547244,DAIRY,0,190.0,1049,21.78
2017-08-13,5,SKU-547244,DAIRY,1,239.7,2595,21.78
2017-08-14,5,SKU-547244,DAIRY,0,148.6,1181,21.78
2017-08-15,5,SKU-547244,DAIRY,1,194.9,189,21.78
2017-08-16,5,SKU-547244,DAIRY,0,150.8,1112,21.78
2017-08-01,5,SKU-519048,DAIRY,0,96.0,401,19.71
2017-08-02,5,SKU-519048,DAIRY,0,99.0,831,19.71
2017-08-03,5,SKU-519048,DAIRY,0,94.6,398,19.71
2017-08-04,5,SKU-519048,DAIRY,0,98.6,703,19.71
2017-08-05,5,SKU-519048,DAIRY,0,128.4,617,19.71
2017-08-06,5,SKU-519048,DAIRY,0,125.5,958,19.71
2017-08-07,5,SKU-519048,DAIRY,0,97.0,1080,19.71
2017-08-08,5,SKU-519048,DAIRY,0,94.1,419,19.71
2017-08-09,5,SKU-519048,DAIRY,1,126.4,1754,19.71
2017-08-10,5,SKU-519048,DAIRY,0,102.4,1346,19.71
2017-08-11,5,SKU-519048,DAIRY,0,94.7,226,19.71
2017-08-12,5,SKU-519048,DAIRY,0,125.9,488,19.71
2017-08-13,5,SKU-519048,DAIRY,0,122.7,1569,19.71
2017-08-14,5,SKU-519048,DAIRY,0,92.8,87,19.71
2017-08-15,5,SKU-519048,DAIRY,1,133.7,518,19.71
2017-08-16,5,SKU-519048,DAIRY,0,95.6,162,19.71
2017-08-01,5,SKU-644026,DAIRY,0,38.9,229,1.8
2017-08-02,5,SKU-644026,DAIRY,0,39.7,498,1.8
2017-08-03,5,SKU-644026,DAIRY,1,50.7,493,1.8
2017-08-04,5,SKU-644026,DAIRY,0,37.1,104,1.8
2017-08-05,5,SKU-644026,DAIRY,0,48.0,560,1.8
2017-08-06,5,SKU-644026,DAIRY,0,49.5,372,1.8
2017-08-07,5,SKU-644026,DAIRY,0,38.2,167,1.8
2017-08-08,5,SKU-644026,DAIRY,0,38.0,95,1.8
2017-08-09,5,SKU-644026,DAIRY,0,38.5,487,1.8
2017-08-10,5,SKU-644026,DAIRY,0,39.2,364,1.8
2017-08-11,5,SKU-644026,DAIRY,1,53.3,427,1.8
2017-08-12,5,SKU-644026,DAIRY,0,50.3,287,1.8
2017-08-13,5,SKU-644026,DAIRY,0,46.0,534,1.8
2017-08-14,5,SKU-644026,DAIRY,1,49.6,404,1.8
2017-08-15,5,SKU-644026,DAIRY,0,36.8,505,1.8
2017-08-16,5,SKU-644026,DAIRY,0,36.6,308,1.8
2017-08-01,6,SKU-517216,GROCERY I,1,271.1,3315,28.34
2017-08-02,6,SKU-517216,GROCERY I,1,285.8,2250,28.34
2017-08-03,6,SKU-517216,GROCERY I,0,205.0,2279,28.34
2017-08-04,6,SKU-517216,GROCERY I,0,212.4,721,28.34
2017-08-05,6,SKU-517216,GROCERY I,0,250.9,105,28.34
2017-08-06,6,SKU-517216,GROCERY I,0,253.6,3512,28.34
2017-08-07,6,SKU-517216,GROCERY I,0,199.1,1922,28.34
2017-08-08,6,SKU-517216,GROCERY I,1,285.7,314,28.34
2017-08-09,6,SKU-517216,GROCERY I,1,287.0,644,28.34
2017-08-10,6,SKU-517216,GROCERY I,0,207.7,462,28.34
2017-08-11,6,SKU-517216,GROCERY I,1,274.9,3514,28.34
2017-08-12,6,SKU-517216,GROCERY I,0,252.6,502,28.34
2017-08-13,6,SKU-517216,GROCERY I,0,267.7,2931,28.34
2017-08-14,6,SKU-517216,GROCERY I,0,200.4,56,28.34
2017-08-15,6,SKU-517216,GROCERY I,0,197.8,1170,28.34
2017-08-16,6,SKU-517216,GROCERY I,0,215.6,948,28.34
2017-08-01,6,SKU-170021,GROCERY I,1,89.5,898,30.05
2017-08-02,6,SKU-170021,GROCERY I,0,65.3,115,30.05
2017-08-03,6,SKU-170021,GROCERY I,0,68.8,640,30.05
2017-08-04,6,SKU-170021,GROCERY I,0,64.9,504,30.05
2017-08-05,6,SKU-170021,GROCERY I,0,86.0,982,30.05
2017-08-06,6,SKU-170021,GROCERY I,0,82.1,300,30.05
2017-08-07,6,SKU-170021,GROCERY I,0,64.9,381,30.05
2017-08-08,6,SKU-170021,GROCERY I,0,66.9,74,30.05
2017-08-09,6,SKU-170021,GROCERY I,0,63.8,148,30.05
2017-08-10,6,SKU-170021,GROCERY I,1,84.8,503,30.05
2017-08-11,6,SKU-170021,GROCERY I,0,68.4,537,30.05
2017-08-12,6,SKU-170021,GROCERY I,0,83.2,854,30.05
2017-08-13,6,SKU-170021,GROCERY I,1,109.2,1355,30.05
2017-08-14,6,SKU-170021,GROCERY I,1,92.6,827,30.05
2017-08-15,6,SKU-170021,GROCERY I,0,65.2,689,30.05
2017-08-16,6,SKU-170021,GROCERY I,0,67.0,407,30.05
2017-08-01,6,SKU-319707,GROCERY I,0,132.8,1754,40.37
2017-08-02,6,SKU-319707,GROCERY I,0,134.2,1445,40.37
2017-08-03,6,SKU-319707,GROCERY I,0,138.8,492,40.37
2017-08-04,6,SKU-319707,GROCERY I,0,136.6,1725,40.37
2017-08-05,6,SKU-319707,GROCERY I,0,183.3,1439,40.37
2017-08-06,6,SKU-319707,GROCERY I,1,243.3,2376,40.37
2017-08-07,6,SKU-319707,GROCERY I,0,136.0,409,40.37
2017-08-08,6,SKU-319707,GROCERY I,1,194.7,1206,40.37
2017-08-09,6,SKU-319707,GROCERY I,0,138.1,1201,40.37
2017-08-10,6,SKU-319707,GROCERY I,0,143.6,2005,40.37
2017-08-11,6,SKU-319707,GROCERY I,0,139.2,845,40.37
2017-08-12,6,SKU-319707,GROCERY I,0,171.2,166,40.37
2017-08-13,6,SKU-319707,GROCERY I,1,236.3,1648,40.37
2017-08-14,6,SKU-319707,GROCERY I,1,193.8,362,40.37
2017-08-15,6,SKU-319707,GROCERY I,0,138.9,1552,40.37
2017-08-16,6,SKU-319707,GROCERY I,1,192.2,922,40.37
2017-08-01,6,SKU-237854,GROCERY I,0,27.1,96,30.28
2017-08-02,6,SKU-237854,GROCERY I,0,29.0,395,30.28
2017-08-03,6,SKU-237854,GROCERY I,0,27.3,333,30.28
2017-08-04,6,SKU-237854,GROCERY I,1,37.6,36,30.28
2017-08-05,6,SKU-237854,GROCERY I,0,35.7,202,30.28
2017-08-06,6,SKU-237854,GROCERY I,0,35.8,15,30.28
2017-08-07,6,SKU-237854,GROCERY I,1,37.2,30,30.28
2017-08-08,6,SKU-237854,GROCERY I,0,27.8,379,30.28
2017-08-09,6,SKU-237854,GROCERY I,0,27.5,276,30.28
2017-08-10,6,SKU-237854,GROCERY I,0,29.2,159,30.28
2017-08-11,6,SKU-237854,GROCERY I,0,26.8,165,30.28
2017-08-12,6,SKU-237854,GROCERY I,1,49.4,162,30.28
2017-08-13,6,SKU-237854,GROCERY I,0,36.6,477,30.28
2017-08-14,6,SKU-237854,GROCERY I,0,27.9,138,30.28
2017-08-15,6,SKU-237854,GROCERY I,1,36.3,115,30.28
2017-08-16,6,SKU-237854,GROCERY I,1,36.2,254,30.28
2017-08-01,6,SKU-841570,GROCERY I,0,146.0,434,31.68
2017-08-02,6,SKU-841570,GROCERY I,0,156.5,1203,31.68
2017-08-03,6,SKU-841570,GROCERY I,1,199.8,1146,31.68
2017-08-04,6,SKU-841570,GROCERY I,0,145.4,1685,31.68
2017-08-05,6,SKU-841570,GROCERY I,0,186.8,2101,31.68
2017-08-06,6,SKU-841570,GROCERY I,0,198.9,966,31.68
2017-08-07,6,SKU-841570,GROCERY I,0,147.5,260,31.68
2017-08-08,6,SKU-841570,GROCERY I,0,152.5,1869,31.68
2017-08-09,6,SKU-841570,GROCERY I,1,195.6,1498,31.68
2017-08-10,6,SKU-841570,GROCERY I,0,143.5,1322,31.68
2017-08-11,6,SKU-841570,GROCERY I,0,144.0,80,31.68
2017-08-12,6,SKU-841570,GROCERY I,1,244.3,1525,31.68
2017-08-13,6,SKU-841570,GROCERY I,0,182.6,440,31.68
2017-08-14,6,SKU-841570,GROCERY I,0,154.2,1099,31.68
2017-08-15,6,SKU-841570,GROCERY I,0,157.6,1696,31.68
2017-08-16,6,SKU-841570,GROCERY I,0,149.5,1298,31.68
2017-08-01,6,SKU-452215,CLEANING,0,178.6,1726,38.5
2017-08-02,6,SKU-452215,CLEANING,1,232.4,2538,38.5
2017-08-03,6,SKU-452215,CLEANING,0,176.6,108,38.5
2017-08-04,6,SKU-452215,CLEANING,1,242.4,1005,38.5
2017-08-05,6,SKU-452215,CLEANING,0,221.9,793,38.5
2017-08-06,6,SKU-452215,CLEANING,1,280.3,503,38.5
2017-08-07,6,SKU-452215,CLEANING,1,235.1,2788,38.5
2017-08-08,6,SKU-452215,CLEANING,0,174.2,1453,38.5
2017-08-09,6,SKU-452215,CLEANING,0,174.3,1408,38.5
2017-08-10,6,SKU-452215,CLEANING,0,167.3,1802,38.5
2017-08-11,6,SKU-452215,CLEANING,0,174.4,577,38.5
2017-08-12,6,SKU-452215,CLEANING,0,221.5,686,38.5
2017-08-13,6,SKU-452215,CLEANING,0,208.2,1770,38.5
2017-08-14,6,SKU-452215,CLEANING,1,220.5,2268,38.5
2017-08-15,6,SKU-452215,CLEANING,0,170.8,2221,38.5
2017-08-16,6,SKU-452215,CLEANING,0,170.6,42,38.5
2017-08-01,6,SKU-339455,CLEANING,0,241.0,2273,38.13
2017-08-02,6,SKU-339455,CLEANING,1,316.4,2809,38.13
2017-08-03,6,SKU-339455,CLEANING,1,313.4,3538,38.13
2017-08-04,6,SKU-339455,CLEANING,0,226.7,88,38.13
2017-08-05,6,SKU-339455,CLEANING,0,297.6,3500,38.13
2017-08-06,6,SKU-339455,CLEANING,0,305.1,3687,38.13
2017-08-07,6,SKU-339455,CLEANING,0,242.8,3370,38.13
2017-08-08,6,SKU-339455,CLEANING,1,325.6,4532,38.13
2017-08-09,6,SKU-339455,CLEANING,0,230.0,2698,38.13
2017-08-10,6,SKU-339455,CLEANING,0,236.4,846,38.13
2017-08-11,6,SKU-339455,CLEANING,1,303.4,3926,38.13
2017-08-12,6,SKU-339455,CLEANING,0,285.2,1771,38.13
2017-08-13,6,SKU-339455,CLEANING,0,301.7,3813,38.13
2017-08-14,6,SKU-339455,CLEANING,1,304.8,547,38.13
2017-08-15,6,SKU-339455,CLEANING,1,330.0,2133,38.13
2017-08-16,6,SKU-339455,CLEANING,0,230.3,2884,38.13
2017-08-01,6,SKU-647670,CLEANING,0,203.5,2031,35.42
2017-08-02,6,SKU-647670,CLEANING,0,208.9,47,35.42
2017-08-03,6,SKU-647670,CLEANING,0,221.7,2972,35.42
2017-08-04,6,SKU-647670,CLEANING,0,214.5,264,35.42
2017-08-05,6,SKU-647670,CLEANING,0,267.3,2275,35.42
2017-08-06,6,SKU-647670,CLEANING,0,263.5,359,35.42
2017-08-07,6,SKU-647670,CLEANING,0,205.5,517,35.42
2017-08-08,6,SKU-647670,CLEANING,1,287.5,2145,35.42
2017-08-09,6,SKU-647670,CLEANING,1,303.5,2480,35.42
2017-08-10,6,SKU-647670,CLEANING,1,284.1,1223,35.42
2017-08-11,6,SKU-647670,CLEANING,0,217.9,2084,35.42
2017-08-12,6,SKU-647670,CLEANING,0,260.6,2310,35.42
2017-08-13,6,SKU-647670,CLEANING,0,272.7,2650,35.42
2017-08-14,6,SKU-647670,CLEANING,1,296.5,3624,35.42
2017-08-15,6,SKU-647670,CLEANING,0,219.1,1903,35.42
2017-08-16,6,SKU-647670,CLEANING,0,204.0,819,35.42
2017-08-01,6,SKU-798419,CLEANING,0,148.1,1147,36.15
2017-08-02,6,SKU-798419,CLEANING,0,149.0,628,36.15
2017-08-03,6,SKU-798419,CLEANING,0,156.4,1430,36.15
2017-08-04,6,SKU-798419,CLEANING,1,215.4,1435,36.15
2017-08-05,6,SKU-798419,CLEANING,0,183.7,767,36.15
2017-08-06,6,SKU-798419,CLEANING,1,260.3,997,36.15
2017-08-07,6,SKU-798419,CLEANING,0,153.8,1409,36.15
2017-08-08,6,SKU-798419,CLEANING,0,159.6,1221,36.15
2017-08-09,6,SKU-798419,CLEANING,0,158.3,174,36.15
2017-08-10,6,SKU-798419,CLEANING,1,215.8,2119,36.15
2017-08-11,6,SKU-798419,CLEANING,1,202.3,2667,36.15
2017-08-12,6,SKU-798419,CLEANING,0,196.8,2546,36.15
2017-08-13,6,SKU-798419,CLEANING,1,268.4,1145,36.15
2017-08-14,6,SKU-798419,CLEANING,1,208.2,2713,36.15
2017-08-15,6,SKU-798419,CLEANING,0,149.4,780,36.15
2017-08-16,6,SKU-798419,CLEANING,0,156.7,704,36.15
2017-08-01,6,SKU-706954,CLEANING,0,272.5,1935,17.94
2017-08-02,6,SKU-706954,CLEANING,0,281.4,3930,17.94
2017-08-03,6,SKU-706954,CLEANING,0,273.0,1537,17.94
2017-08-04,6,SKU-706954,CLEANING,0,287.6,1676,17.94
2017-08-05,6,SKU-706954,CLEANING,0,355.5,2205,17.94
2017-08-06,6,SKU-706954,CLEANING,0,334.5,3812,17.94
2017-08-07,6,SKU-706954,CLEANING,1,379.5,5072,17.94
2017-08-08,6,SKU-706954,CLEANING,0,276.4,2332,17.94
2017-08-09,6,SKU-706954,CLEANING,0,274.3,1304,17.94
2017-08-10,6,SKU-706954,CLEANING,0,274.0,632,17.94
2017-08-11,6,SKU-706954,CLEANING,1,363.0,307,17.94
2017-08-12,6,SKU-706954,CLEANING,0,353.2,4312,17.94
2017-08-13,6,SKU-706954,CLEANING,0,344.5,3874,17.94
2017-08-14,6,SKU-706954,CLEANING,0,265.3,2106,17.94
2017-08-15,6,SKU-706954,CLEANING,1,370.1,1542,17.94
2017-08-16,6,SKU-706954,CLEANING,0,267.3,1625,17.94
2017-08-01,6,SKU-710724,DAIRY,1,61.0,709,42.37
2017-08-02,6,SKU-710724,DAIRY,0,44.7,398,42.37
2017-08-03,6,SKU-710724,DAIRY,1,62.2,248,42.37
2017-08-04,6,SKU-710724,DAIRY,1,58.2,714,42.37
2017-08-05,6,SKU-710724,DAIRY,1,73.9,749,42.37
2017-08-06,6,SKU-710724,DAIRY,0,56.1,410,42.37
2017-08-07,6,SKU-710724,DAIRY,0,46.8,443,42.37
2017-08-08,6,SKU-710724,DAIRY,0,46.2,615,42.37
2017-08-09,6,SKU-710724,DAIRY,0,47.0,65,42.37
2017-08-10,6,SKU-710724,DAIRY,1,59.2,118,42.37
2017-08-11,6,SKU-710724,DAIRY,0,45.5,248,42.37
2017-08-12,6,SKU-710724,DAIRY,0,57.2,723,42.37
2017-08-13,6,SKU-710724,DAIRY,0,55.0,346,42.37
2017-08-14,6,SKU-710724,DAIRY,0,46.2,536,42.37
2017-08-15,6,SKU-710724,DAIRY,0,44.2,496,42.37
2017-08-16,6,SKU-710724,DAIRY,0,46.3,412,42.37
2017-08-01,6,SKU-417942,DAIRY,1,244.2,2072,19.52
2017-08-02,6,SKU-417942,DAIRY,0,182.4,1463,19.52
2017-08-03,6,SKU-417942,DAIRY,0,172.2,1460,19.52
2017-08-04,6,SKU-417942,DAIRY,1,243.7,781,19.52
2017-08-05,6,SKU-417942,DAIRY,0,218.0,1354,19.52
2017-08-06,6,SKU-417942,DAIRY,0,220.3,631,19.52
2017-08-07,6,SKU-417942,DAIRY,0,172.0,963,19.52
2017-08-08,6,SKU-417942,DAIRY,0,179.8,969,19.52
2017-08-09,6,SKU-417942,DAIRY,1,234.5,1665,19.52
2017-08-10,6,SKU-417942,DAIRY,0,172.4,1389,19.52
2017-08-11,6,SKU-417942,DAIRY,0,186.9,1464,19.52
2017-08-12,6,SKU-417942,DAIRY,1,293.3,411,19.52
2017-08-13,6,SKU-417942,DAIRY,0,220.4,1674,19.52
2017-08-14,6,SKU-417942,DAIRY,0,171.9,2277,19.52
2017-08-15,6,SKU-417942,DAIRY,1,238.2,266,19.52
2017-08-16,6,SKU-417942,DAIRY,0,173.4,308,19.52
2017-08-01,6,SKU-130063,DAIRY,0,205.4,2098,8.72
2017-08-02,6,SKU-130063,DAIRY,0,210.2,277,8.72
2017-08-03,6,SKU-130063,DAIRY,0,205.0,495,8.72
2017-08-04,6,SKU-130063,DAIRY,0,198.1,2126,8.72
2017-08-05,6,SKU-130063,DAIRY,0,258.5,2101,8.72
2017-08-06,6,SKU-130063,DAIRY,0,267.0,164,8.72
2017-08-07,6,SKU-130063,DAIRY,1,273.4,3686,8.72
2017-08-08,6,SKU-130063,DAIRY,0,201.4,486,8.72
2017-08-09,6,SKU-130063,DAIRY,0,203.9,601,8.72
2017-08-10,6,SKU-130063,DAIRY,0,193.7,906,8.72
2017-08-11,6,SKU-130063,DAIRY,1,270.4,2380,8.72
2017-08-12,6,SKU-130063,DAIRY,0,263.3,1204,8.72
2017-08-13,6,SKU-130063,DAIRY,0,266.3,2725,8.72
2017-08-14,6,SKU-130063,DAIRY,0,204.2,2117,8.72
2017-08-15,6,SKU-130063,DAIRY,0,191.8,531,8.72
2017-08-16,6,SKU-130063,DAIRY,1,265.9,2725,8.72
2017-08-01,6,SKU-314304,DAIRY,1,311.4,3020,36.48
2017-08-02,6,SKU-314304,DAIRY,0,239.2,1841,36.48
2017-08-03,6,SKU-314304,DAIRY,0,241.7,3372,36.48
2017-08-04,6,SKU-314304,DAIRY,0,245.5,1367,36.48
2017-08-05,6,SKU-314304,DAIRY,0,294.4,3913,36.48
2017-08-06,6,SKU-314304,DAIRY,1,428.2,5944,36.48
2017-08-07,6,SKU-314304,DAIRY,0,237.8,2231,36.48
2017-08-08,6,SKU-314304,DAIRY,0,239.3,1205,36.48
2017-08-09,6,SKU-314304,DAIRY,0,243.1,557,36.48
2017-08-10,6,SKU-314304,DAIRY,0,242.6,1941,36.48
2017-08-11,6,SKU-314304,DAIRY,0,247.1,96,36.48
2017-08-12,6,SKU-314304,DAIRY,0,313.3,2477,36.48
2017-08-13,6,SKU-314304,DAIRY,0,310.7,2472,36.48
2017-08-14,6,SKU-314304,DAIRY,1,333.4,2851,36.48
2017-08-15,6,SKU-314304,DAIRY,0,232.4,857,36.48
2017-08-16,6,SKU-314304,DAIRY,0,243.7,1757,36.48
2017-08-01,6,SKU-523448,DAIRY,1,140.9,189,19.57
2017-08-02,6,SKU-523448,DAIRY,0,102.9,193,19.57
2017-08-03,6,SKU-523448,DAIRY,0,102.4,54,19.57
2017-08-04,6,SKU-523448,DAIRY,1,142.6,259,19.57
2017-08-05,6,SKU-523448,DAIRY,0,137.2,536,19.57
2017-08-06,6,SKU-523448,DAIRY,0,130.2,1076,19.57
2017-08-07,6,SKU-523448,DAIRY,0,108.5,1229,19.57
2017-08-08,6,SKU-523448,DAIRY,0,104.9,383,19.57
2017-08-09,6,SKU-523448,DAIRY,0,103.5,270,19.57
2017-08-10,6,SKU-523448,DAIRY,1,142.9,877,19.57
2017-08-11,6,SKU-523448,DAIRY,0,108.1,111,19.57
2017-08-12,6,SKU-523448,DAIRY,1,176.7,1791,19.57
2017-08-13,6,SKU-523448,DAIRY,1,186.6,1516,19.57
2017-08-14,6,SKU-523448,DAIRY,0,105.6,898,19.57
2017-08-15,6,SKU-523448,DAIRY,0,111.0,486,19.57
2017-08-16,6,SKU-523448,DAIRY,0,104.6,493,19.57
2017-08-01,7,SKU-237080,GROCERY I,0,259.4,2469,21.45
2017-08-02,7,SKU-237080,GROCERY I,1,361.7,3649,21.45
2017-08-03,7,SKU-237080,GROCERY I,0,265.0,192,21.45
2017-08-04,7,SKU-237080,GROCERY I,0,265.4,959,21.45
2017-08-05,7,SKU-237080,GROCERY I,0,310.8,3739,21.45
2017-08-06,7,SKU-237080,GROCERY I,0,328.1,1105,21.45
2017-08-07,7,SKU-237080,GROCERY I,1,353.6,1554,21.45
2017-08-08,7,SKU-237080,GROCERY I,0,247.9,3389,21.45
2017-08-09,7,SKU-237080,GROCERY I,0,266.4,1138,21.45
2017-08-10,7,SKU-237080,GROCERY I,1,353.8,3428,21.45
2017-08-11,7,SKU-237080,GROCERY I,1,340.9,632,21.45
2017-08-12,7,SKU-237080,GROCERY I,0,329.8,2659,21.45
2017-08-13,7,SKU-237080,GROCERY I,0,322.6,1416,21.45
2017-08-14,7,SKU-237080,GROCERY I,0,259.0,2704,21.45
2017-08-15,7,SKU-237080,GROCERY I,0,252.8,959,21.45
2017-08-16,7,SKU-237080,GROCERY I,0,262.5,3342,21.45
2017-08-01,7,SKU-593891,GROCERY I,1,301.3,2777,15.58
2017-08-02,7,SKU-593891,GROCERY I,0,220.5,2434,15.58
2017-08-03,7,SKU-593891,GROCERY I,1,305.2,3473,15.58
2017-08-04,7,SKU-593891,GROCERY I,0,233.8,1594,15.58
2017-08-05,7,SKU-593891,GROCERY I,0,304.8,3719,15.58
2017-08-06,7,SKU-593891,GROCERY I,1,385.8,4925,15.58
2017-08-07,7,SKU-593891,GROCERY I,0,239.6,1107,15.58
2017-08-08,7,SKU-593891,GROCERY I,0,235.4,769,15.58
2017-08-09,7,SKU-593891,GROCERY I,0,227.0,211,15.58
2017-08-10,7,SKU-593891,GROCERY I,0,220.0,1377,15.58
2017-08-11,7,SKU-593891,GROCERY I,0,235.7,785,15.58
2017-08-12,7,SKU-593891,GROCERY I,1,409.4,1666,15.58
2017-08-13,7,SKU-593891,GROCERY I,1,406.7,5617,15.58
2017-08-14,7,SKU-593891,GROCERY I,0,221.8,2012,15.58
2017-08-15,7,SKU-593891,GROCERY I,0,234.7,1016,15.58
2017-08-16,7,SKU-593891,GROCERY I,1,326.8,1003,15.58
2017-08-01,7,SKU-174694,GROCERY I,1,168.1,453,8.82
2017-08-02,7,SKU-174694,GROCERY I,1,167.5,1421,8.82
2017-08-03,7,SKU-174694,GROCERY I,0,128.0,1488,8.82
2017-08-04,7,SKU-174694,GROCERY I,1,160.7,1888,8.82
2017-08-05,7,SKU-174694,GROCERY I,0,159.6,817,8.82
2017-08-06,7,SKU-174694,GROCERY I,1,216.1,349,8.82
2017-08-07,7,SKU-174694,GROCERY I,0,128.7,94,8.82
2017-08-08,7,SKU-174694,GROCERY I,1,170.3,1509,8.82
2017-08-09,7,SKU-174694,GROCERY I,0,120.8,1593,8.82
2017-08-10,7,SKU-174694,GROCERY I,0,127.3,706,8.82
2017-08-11,7,SKU-174694,GROCERY I,0,117.8,902,8.82
2017-08-12,7,SKU-174694,GROCERY I,1,208.5,1049,8.82
2017-08-13,7,SKU-174694,GROCERY I,0,156.8,972,8.82
2017-08-14,7,SKU-174694,GROCERY I,1,167.4,1194,8.82
2017-08-15,7,SKU-174694,GROCERY I,0,129.9,462,8.82
2017-08-16,7,SKU-174694,GROCERY I,0,125.9,1053,8.82
2017-08-01,7,SKU-557820,GROCERY I,1,204.9,2449,19.37
2017-08-02,7,SKU-557820,GROCERY I,0,140.7,552,19.37
2017-08-03,7,SKU-557820,GROCERY I,0,152.3,1412,19.37
2017-08-04,7,SKU-557820,GROCERY I,1,193.4,2291,19.37
2017-08-05,7,SKU-557820,GROCERY I,0,175.2,929,19.37
2017-08-06,7,SKU-557820,GROCERY I,0,184.0,2222,19.37
2017-08-07,7,SKU-557820,GROCERY I,0,146.8,1059,19.37
2017-08-08,7,SKU-557820,GROCERY I,0,150.7,1590,19.37
2017-08-09,7,SKU-557820,GROCERY I,1,204.5,2072,19.37
2017-08-10,7,SKU-557820,GROCERY I,0,149.0,648,19.37
2017-08-11,7,SKU-557820,GROCERY I,0,139.8,1458,19.37
2017-08-12,7,SKU-557820,GROCERY I,1,242.4,2545,19.37
2017-08-13,7,SKU-557820,GROCERY I,1,239.2,786,19.37
2017-08-14,7,SKU-557820,GROCERY I,1,192.7,1688,19.37
2017-08-15,7,SKU-557820,GROCERY I,0,145.3,1506,19.37
2017-08-16,7,SKU-557820,GROCERY I,0,150.6,1851,19.37
2017-08-01,7,SKU-395830,GROCERY I,0,190.0,2151,2.88
2017-08-02,7,SKU-395830,GROCERY I,0,200.4,791,2.88
2017-08-03,7,SKU-395830,GROCERY I,1,279.3,1564,2.88
2017-08-04,7,SKU-395830,GROCERY I,1,262.7,1971,2.88
2017-08-05,7,SKU-395830,GROCERY I,1,333.8,4458,2.88
2017-08-06,7,SKU-395830,GROCERY I,0,239.5,3032,2.88
2017-08-07,7,SKU-395830,GROCERY I,0,209.0,2784,2.88
2017-08-08,7,SKU-395830,GROCERY I,0,200.0,525,2.88
2017-08-09,7,SKU-395830,GROCERY I,0,190.5,604,2.88
2017-08-10,7,SKU-395830,GROCERY I,0,198.0,2709,2.88
2017-08-11,7,SKU-395830,GROCERY I,1,275.3,2074,2.88
2017-08-12,7,SKU-395830,GROCERY I,1,334.2,3319,2.88
2017-08-13,7,SKU-395830,GROCERY I,1,333.4,3149,2.88
2017-08-14,7,SKU-395830,GROCERY I,1,280.1,2818,2.88
2017-08-15,7,SKU-395830,GROCERY I,0,195.7,66,2.88
2017-08-16,7,SKU-395830,GROCERY I,1,256.6,3107,2.88
2017-08-01,7,SKU-135525,CLEANING,0,45.7,116,43.06
2017-08-02,7,SKU-135525,CLEANING,1,56.6,410,43.06
2017-08-03,7,SKU-135525,CLEANING,1,62.1,791,43.06
2017-08-04,7,SKU-135525,CLEANING,1,61.8,180,43.06
2017-08-05,7,SKU-135525,CLEANING,0,54.5,293,43.06
2017-08-06,7,SKU-135525,CLEANING,0,55.9,133,43.06
2017-08-07,7,SKU-135525,CLEANING,0,42.6,191,43.06
2017-08-08,7,SKU-135525,CLEANING,0,45.4,472,43.06
2017-08-09,7,SKU-135525,CLEANING,0,42.6,330,43.06
2017-08-10,7,SKU-135525,CLEANING,0,43.5,257,43.06
2017-08-11,7,SKU-135525,CLEANING,0,43.1,577,43.06
2017-08-12,7,SKU-135525,CLEANING,1,74.1,54,43.06
2017-08-13,7,SKU-135525,CLEANING,0,55.1,731,43.06
2017-08-14,7,SKU-135525,CLEANING,0,45.3,77,43.06
2017-08-15,7,SKU-135525,CLEANING,1,58.8,640,43.06
2017-08-16,7,SKU-135525,CLEANING,0,44.7,128,43.06
2017-08-01,7,SKU-207041,CLEANING,1,197.1,1925,24.6
2017-08-02,7,SKU-207041,CLEANING,1,197.0,1554,24.6
2017-08-03,7,SKU-207041,CLEANING,0,147.4,1281,24.6
2017-08-04,7,SKU-207041,CLEANING,1,194.5,1507,24.6
2017-08-05,7,SKU-207041,CLEANING,0,177.3,2402,24.6
2017-08-06,7,SKU-207041,CLEANING,0,179.7,2347,24.6
2017-08-07,7,SKU-207041,CLEANING,0,141.8,1509,24.6
2017-08-08,7,SKU-207041,CLEANING,1,185.0,1225,24.6
2017-08-09,7,SKU-207041,CLEANING,0,139.7,1016,24.6
2017-08-10,7,SKU-207041,CLEANING,0,137.1,797,24.6
2017-08-11,7,SKU-207041,CLEANING,0,142.5,1704,24.6
2017-08-12,7,SKU-207041,CLEANING,1,237.7,298,24.6
2017-08-13,7,SKU-207041,CLEANING,0,179.4,527,24.6
2017-08-14,7,SKU-207041,CLEANING,0,137.6,1636,24.6
2017-08-15,7,SKU-207041,CLEANING,0,137.8,1569,24.6
2017-08-16,7,SKU-207041,CLEANING,0,135.9,1089,24.6
2017-08-01,7,SKU-191229,CLEANING,0,80.5,628,33.76
2017-08-02,7,SKU-191229,CLEANING,0,75.2,183,33.76
2017-08-03,7,SKU-191229,CLEANING,1,102.8,541,33.76
2017-08-04,7,SKU-191229,CLEANING,1,103.0,1373,33.76
2017-08-05,7,SKU-191229,CLEANING,1,133.5,1647,33.76
2017-08-06,7,SKU-191229,CLEANING,0,95.5,627,33.76
2017-08-07,7,SKU-191229,CLEANING,0,79.4,1022,33.76
2017-08-08,7,SKU-191229,CLEANING,0,76.3,1027,33.76
2017-08-09,7,SKU-191229,CLEANING,0,77.4,387,33.76
2017-08-10,7,SKU-191229,CLEANING,1,105.4,1127,33.76
2017-08-11,7,SKU-191229,CLEANING,1,103.0,631,33.76
2017-08-12,7,SKU-191229,CLEANING,1,130.4,1451,33.76
2017-08-13,7,SKU-191229,CLEANING,1,133.8,1391,33.76
2017-08-14,7,SKU-191229,CLEANING,1,108.3,605,33.76
2017-08-15,7,SKU-191229,CLEANING,0,76.8,727,33.76
2017-08-16,7,SKU-191229,CLEANING,0,79.4,403,33.76
2017-08-01,7,SKU-399155,CLEANING,0,70.3,294,34.1
2017-08-02,7,SKU-399155,CLEANING,1,97.6,303,34.1
2017-08-03,7,SKU-399155,CLEANING,1,99.9,1339,34.1
2017-08-04,7,SKU-399155,CLEANING,0,72.3,909,34.1
2017-08-05,7,SKU-399155,CLEANING,0,93.4,337,34.1
2017-08-06,7,SKU-399155,CLEANING,0,88.1,261,34.1
2017-08-07,7,SKU-399155,CLEANING,0,69.1,945,34.1
2017-08-08,7,SKU-399155,CLEANING,0,73.6,866,34.1
2017-08-09,7,SKU-399155,CLEANING,0,69.9,715,34.1
2017-08-10,7,SKU-399155,CLEANING,0,74.1,800,34.1
2017-08-11,7,SKU-399155,CLEANING,1,98.5,477,34.1
2017-08-12,7,SKU-399155,CLEANING,0,87.6,1101,34.1
2017-08-13,7,SKU-399155,CLEANING,0,89.9,1028,34.1
2017-08-14,7,SKU-399155,CLEANING,0,71.7,480,34.1
2017-08-15,7,SKU-399155,CLEANING,1,96.2,1172,34.1
2017-08-16,7,SKU-399155,CLEANING,0,74.5,885,34.1
2017-08-01,7,SKU-860330,CLEANING,1,132.5,229,37.5
2017-08-02,7,SKU-860330,CLEANING,0,93.3,681,37.5
2017-08-03,7,SKU-860330,CLEANING,1,133.1,1315,37.5
2017-08-04,7,SKU-860330,CLEANING,1,131.8,572,37.5
2017-08-05,7,SKU-860330,CLEANING,0,122.8,339,37.5
2017-08-06,7,SKU-860330,CLEANING,0,120.8,1391,37.5
2017-08-07,7,SKU-860330,CLEANING,0,98.1,1116,37.5
2017-08-08,7,SKU-860330,CLEANING,0,91.1,230,37.5
2017-08-09,7,SKU-860330,CLEANING,1,131.5,1654,37.5
2017-08-10,7,SKU-860330,CLEANING,0,91.8,164,37.5
2017-08-11,7,SKU-860330,CLEANING,1,124.7,580,37.5
2017-08-12,7,SKU-860330,CLEANING,0,114.7,407,37.5
2017-08-13,7,SKU-860330,CLEANING,0,117.8,233,37.5
2017-08-14,7,SKU-860330,CLEANING,1,132.8,486,37.5
2017-08-15,7,SKU-860330,CLEANING,1,127.3,907,37.5
2017-08-16,7,SKU-860330,CLEANING,1,132.0,1489,37.5
2017-08-01,7,SKU-642955,DAIRY,1,154.5,715,42.08
2017-08-02,7,SKU-642955,DAIRY,1,147.3,984,42.08
2017-08-03,7,SKU-642955,DAIRY,0,119.2,29,42.08
2017-08-04,7,SKU-642955,DAIRY,0,117.2,800,42.08
2017-08-05,7,SKU-642955,DAIRY,0,151.3,1102,42.08
2017-08-06,7,SKU-642955,DAIRY,0,140.7,957,42.08
2017-08-07,7,SKU-642955,DAIRY,0,109.5,171,42.08
2017-08-08,7,SKU-642955,DAIRY,1,150.4,418,42.08
2017-08-09,7,SKU-642955,DAIRY,0,117.5,111,42.08
2017-08-10,7,SKU-642955,DAIRY,0,110.0,65,42.08
2017-08-11,7,SKU-642955,DAIRY,0,118.2,204,42.08
2017-08-12,7,SKU-642955,DAIRY,0,143.6,1698,42.08
2017-08-13,7,SKU-642955,DAIRY,0,143.4,89,42.08
2017-08-14,7,SKU-642955,DAIRY,0,115.3,925,42.08
2017-08-15,7,SKU-642955,DAIRY,0,112.3,176,42.08
2017-08-16,7,SKU-642955,DAIRY,0,109.8,1180,42.08
2017-08-01,7,SKU-739169,DAIRY,0,282.7,1135,39.13
2017-08-02,7,SKU-739169,DAIRY,0,276.0,1867,39.13
2017-08-03,7,SKU-739169,DAIRY,1,366.0,1636,39.13
2017-08-04,7,SKU-739169,DAIRY,1,357.6,2436,39.13
2017-08-05,7,SKU-739169,DAIRY,1,477.9,3660,39.13
2017-08-06,7,SKU-739169,DAIRY,0,344.6,4112,39.13
2017-08-07,7,SKU-739169,DAIRY,0,277.6,396,39.13
2017-08-08,7,SKU-739169,DAIRY,0,290.0,1536,39.13
2017-08-09,7,SKU-739169,DAIRY,0,265.5,2542,39.13
2017-08-10,7,SKU-739169,DAIRY,1,377.0,674,39.13
2017-08-11,7,SKU-739169,DAIRY,0,284.6,1625,39.13
2017-08-12,7,SKU-739169,DAIRY,1,479.7,6040,39.13
2017-08-13,7,SKU-739169,DAIRY,0,337.2,1468,39.13
2017-08-14,7,SKU-739169,DAIRY,0,288.5,3073,39.13
2017-08-15,7,SKU-739169,DAIRY,0,271.7,708,39.13
2017-08-16,7,SKU-739169,DAIRY,1,373.2,1187,39.13
2017-08-01,7,SKU-816825,DAIRY,0,263.7,1640,44.8
2017-08-02,7,SKU-816825,DAIRY,1,354.3,4723,44.8
2017-08-03,7,SKU-816825,DAIRY,0,283.6,3331,44.8
2017-08-04,7,SKU-816825,DAIRY,1,358.4,53,44.8
2017-08-05,7,SKU-816825,DAIRY,0,334.8,184,44.8
2017-08-06,7,SKU-816825,DAIRY,0,338.3,3009,44.8
2017-08-07,7,SKU-816825,DAIRY,0,260.2,3559,44.8
2017-08-08,7,SKU-816825,DAIRY,0,268.9,1842,44.8
2017-08-09,7,SKU-816825,DAIRY,1,350.4,2108,44.8
2017-08-10,7,SKU-816825,DAIRY,0,262.7,2311,44.8
2017-08-11,7,SKU-816825,DAIRY,1,383.2,183,44.8
2017-08-12,7,SKU-816825,DAIRY,0,335.1,1878,44.8
2017-08-13,7,SKU-816825,DAIRY,0,331.5,4430,44.8
2017-08-14,7,SKU-816825,DAIRY,1,348.5,1659,44.8
2017-08-15,7,SKU-816825,DAIRY,0,263.4,2322,44.8
2017-08-16,7,SKU-816825,DAIRY,0,279.9,2905,44.8
2017-08-01,7,SKU-498845,DAIRY,1,108.1,924,15.69
2017-08-02,7,SKU-498845,DAIRY,0,82.9,272,15.69
2017-08-03,7,SKU-498845,DAIRY,0,79.3,531,15.69
2017-08-04,7,SKU-498845,DAIRY,0,79.7,452,15.69
2017-08-05,7,SKU-498845,DAIRY,0,103.0,1276,15.69
2017-08-06,7,SKU-498845,DAIRY,0,103.2,963,15.69
2017-08-07,7,SKU-498845,DAIRY,0,82.5,480,15.69
2017-08-08,7,SKU-498845,DAIRY,0,76.9,747,15.69
2017-08-09,7,SKU-498845,DAIRY,0,77.2,404,15.69
2017-08-10,7,SKU-498845,DAIRY,1,108.4,766,15.69
2017-08-11,7,SKU-498845,DAIRY,1,111.6,913,15.69
2017-08-12,7,SKU-498845,DAIRY,1,143.0,920,15.69
2017-08-13,7,SKU-498845,DAIRY,0,101.0,1367,15.69
2017-08-14,7,SKU-498845,DAIRY,0,77.5,937,15.69
2017-08-15,7,SKU-498845,DAIRY,0,77.4,600,15.69
2017-08-16,7,SKU-498845,DAIRY,0,84.0,247,15.69
2017-08-01,7,SKU-308726,DAIRY,1,86.3,491,4.21
2017-08-02,7,SKU-308726,DAIRY,0,67.4,617,4.21
2017-08-03,7,SKU-308726,DAIRY,0,63.0,457,4.21
2017-08-04,7,SKU-308726,DAIRY,1,92.1,267,4.21
2017-08-05,7,SKU-308726,DAIRY,0,78.8,420,4.21
2017-08-06,7,SKU-308726,DAIRY,1,105.6,680,4.21
2017-08-07,7,SKU-308726,DAIRY,0,62.2,397,4.21
2017-08-08,7,SKU-308726,DAIRY,0,64.2,637,4.21
2017-08-09,7,SKU-308726,DAIRY,0,62.7,844,4.21
2017-08-10,7,SKU-308726,DAIRY,0,66.9,83,4.21
2017-08-11,7,SKU-308726,DAIRY,0,62.0,171,4.21
2017-08-12,7,SKU-308726,DAIRY,0,85.9,555,4.21
2017-08-13,7,SKU-308726,DAIRY,0,82.8,138,4.21
2017-08-14,7,SKU-308726,DAIRY,0,65.6,729,4.21
2017-08-15,7,SKU-308726,DAIRY,1,85.8,617,4.21
2017-08-16,7,SKU-308726,DAIRY,1,90.5,622,4.21
2017-08-01,8,SKU-354043,GROCERY I,0,264.7,1039,43.35
2017-08-02,8,SKU-354043,GROCERY I,1,346.1,2813,43.35
2017-08-03,8,SKU-354043,GROCERY I,0,260.0,1480,43.35
2017-08-04,8,SKU-354043,GROCERY I,1,343.0,2782,43.35
2017-08-05,8,SKU-354043,GROCERY I,0,324.3,2001,43.35
2017-08-06,8,SKU-354043,GROCERY I,0,327.8,1459,43.35
2017-08-07,8,SKU-354043,GROCERY I,0,260.7,3528,43.35
2017-08-08,8,SKU-354043,GROCERY I,1,353.0,2825,43.35
2017-08-09,8,SKU-354043,GROCERY I,1,341.2,3874,43.35
2017-08-10,8,SKU-354043,GROCERY I,1,344.3,786,43.35
2017-08-11,8,SKU-354043,GROCERY I,1,360.3,81,43.35
2017-08-12,8,SKU-354043,GROCERY I,0,334.2,3245,43.35
2017-08-13,8,SKU-354043,GROCERY I,1,475.9,1922,43.35
2017-08-14,8,SKU-354043,GROCERY I,0,266.8,1521,43.35
2017-08-15,8,SKU-354043,GROCERY I,0,278.6,3329,43.35
2017-08-16,8,SKU-354043,GROCERY I,0,268.6,862,43.35
2017-08-01,8,SKU-468946,GROCERY I,0,51.7,105,14.35
2017-08-02,8,SKU-468946,GROCERY I,1,70.8,23,14.35
2017-08-03,8,SKU-468946,GROCERY I,1,65.4,227,14.35
2017-08-04,8,SKU-468946,GROCERY I,0,50.0,364,14.35
2017-08-05,8,SKU-468946,GROCERY I,1,85.3,845,14.35
2017-08-06,8,SKU-468946,GROCERY I,0,65.8,225,14.35
2017-08-07,8,SKU-468946,GROCERY I,0,49.3,133,14.35
2017-08-08,8,SKU-468946,GROCERY I,0,52.6,67,14.35
2017-08-09,8,SKU-468946,GROCERY I,1,69.7,852,14.35
2017-08-10,8,SKU-468946,GROCERY I,0,50.6,656,14.35
2017-08-11,8,SKU-468946,GROCERY I,0,50.3,101,14.35
2017-08-12,8,SKU-468946,GROCERY I,0,64.8,654,14.35
2017-08-13,8,SKU-468946,GROCERY I,0,64.9,504,14.35
2017-08-14,8,SKU-468946,GROCERY I,0,51.8,608,14.35
2017-08-15,8,SKU-468946,GROCERY I,0,52.8,127,14.35
2017-08-16,8,SKU-468946,GROCERY I,0,49.7,91,14.35
2017-08-01,8,SKU-506396,GROCERY I,0,36.7,169,3.64
2017-08-02,8,SKU-506396,GROCERY I,0,36.6,106,3.64
2017-08-03,8,SKU-506396,GROCERY I,0,39.0,230,3.64
2017-08-04,8,SKU-506396,GROCERY I,0,37.5,516,3.64
2017-08-05,8,SKU-506396,GROCERY I,0,47.9,482,3.64
2017-08-06,8,SKU-506396,GROCERY I,0,45.1,430,3.64
2017-08-07,8,SKU-506396,GROCERY I,0,37.6,391,3.64
2017-08-08,8,SKU-506396,GROCERY I,0,38.5,26,3.64
2017-08-09,8,SKU-506396,GROCERY I,1,50.1,160,3.64
2017-08-10,8,SKU-506396,GROCERY I,0,38.9,48,3.64
2017-08-11,8,SKU-506396,GROCERY I,0,36.7,322,3.64
2017-08-12,8,SKU-506396,GROCERY I,0,45.3,190,3.64
2017-08-13,8,SKU-506396,GROCERY I,0,45.7,268,3.64
2017-08-14,8,SKU-506396,GROCERY I,1,48.9,257,3.64
2017-08-15,8,SKU-506396,GROCERY I,0,39.0,521,3.64
2017-08-16,8,SKU-506396,GROCERY I,1,49.0,55,3.64
2017-08-01,8,SKU-141269,GROCERY I,0,112.7,1180,13.15
2017-08-02,8,SKU-141269,GROCERY I,0,119.1,313,13.15
2017-08-03,8,SKU-141269,GROCERY I,0,119.0,1654,13.15
2017-08-04,8,SKU-141269,GROCERY I,1,154.2,388,13.15
2017-08-05,8,SKU-141269,GROCERY I,1,199.2,390,13.15
2017-08-06,8,SKU-141269,GROCERY I,1,206.6,2846,13.15
2017-08-07,8,SKU-141269,GROCERY I,1,164.1,130,13.15
2017-08-08,8,SKU-141269,GROCERY I,0,118.3,884,13.15
2017-08-09,8,SKU-141269,GROCERY I,0,116.2,707,13.15
2017-08-10,8,SKU-141269,GROCERY I,0,111.6,414,13.15
2017-08-11,8,SKU-141269,GROCERY I,0,120.1,301,13.15
2017-08-12,8,SKU-141269,GROCERY I,0,151.5,948,13.15
2017-08-13,8,SKU-141269,GROCERY I,0,147.6,619,13.15
2017-08-14,8,SKU-141269,GROCERY I,1,152.6,1397,13.15
2017-08-15,8,SKU-141269,GROCERY I,0,116.8,910,13.15
2017-08-16,8,SKU-141269,GROCERY I,0,116.9,276,13.15
2017-08-01,8,SKU-824886,GROCERY I,1,71.4,122,35.25
2017-08-02,8,SKU-824886,GROCERY I,0,53.2,434,35.25
2017-08-03,8,SKU-824886,GROCERY I,0,51.3,384,35.25
2017-08-04,8,SKU-824886,GROCERY I,0,52.2,68,35.25
2017-08-05,8,SKU-824886,GROCERY I,0,63.7,490,35.25
2017-08-06,8,SKU-824886,GROCERY I,0,66.3,739,35.25
2017-08-07,8,SKU-824886,GROCERY I,0,49.5,109,35.25
2017-08-08,8,SKU-824886,GROCERY I,1,69.7,461,35.25
2017-08-09,8,SKU-824886,GROCERY I,0,52.3,636,35.25
2017-08-10,8,SKU-824886,GROCERY I,1,70.4,83,35.25
2017-08-11,8,SKU-824886,GROCERY I,0,49.2,184,35.25
2017-08-12,8,SKU-824886,GROCERY I,0,63.5,348,35.25
2017-08-13,8,SKU-824886,GROCERY I,1,88.8,1039,35.25
2017-08-14,8,SKU-824886,GROCERY I,1,66.8,690,35.25
2017-08-15,8,SKU-824886,GROCERY I,0,52.2,255,35.25
2017-08-16,8,SKU-824886,GROCERY I,1,67.9,272,35.25
2017-08-01,8,SKU-135187,CLEANING,0,189.3,1086,44.92
2017-08-02,8,SKU-135187,CLEANING,0,185.4,247,44.92
2017-08-03,8,SKU-135187,CLEANING,0,202.0,1459,44.92
2017-08-04,8,SKU-135187,CLEANING,0,189.9,2043,44.92
2017-08-05,8,SKU-135187,CLEANING,1,334.9,1004,44.92
2017-08-06,8,SKU-135187,CLEANING,0,235.2,1955,44.92
2017-08-07,8,SKU-135187,CLEANING,1,272.2,1772,44.92
2017-08-08,8,SKU-135187,CLEANING,1,274.5,1064,44.92
2017-08-09,8,SKU-135187,CLEANING,0,203.1,968,44.92
2017-08-10,8,SKU-135187,CLEANING,1,275.4,2555,44.92
2017-08-11,8,SKU-135187,CLEANING,1,269.4,2641,44.92
2017-08-12,8,SKU-135187,CLEANING,0,235.0,1135,44.92
2017-08-13,8,SKU-135187,CLEANING,0,236.1,49,44.92
2017-08-14,8,SKU-135187,CLEANING,0,198.9,2709,44.92
2017-08-15,8,SKU-135187,CLEANING,1,262.6,3197,44.92
2017-08-16,8,SKU-135187,CLEANING,1,262.8,2111,44.92
2017-08-01,8,SKU-186373,CLEANING,0,244.1,665,39.65
2017-08-02,8,SKU-186373,CLEANING,0,252.9,2906,39.65
2017-08-03,8,SKU-186373,CLEANING,1,313.1,3699,39.65
2017-08-04,8,SKU-186373,CLEANING,0,239.1,1833,39.65
2017-08-05,8,SKU-186373,CLEANING,0,314.7,2570,39.65
2017-08-06,8,SKU-186373,CLEANING,0,297.3,775,39.65
2017-08-07,8,SKU-186373,CLEANING,0,245.0,2883,39.65
2017-08-08,8,SKU-186373,CLEANING,0,231.9,1863,39.65
2017-08-09,8,SKU-186373,CLEANING,1,322.2,1583,39.65
2017-08-10,8,SKU-186373,CLEANING,0,237.4,98,39.65
2017-08-11,8,SKU-186373,CLEANING,1,332.0,2703,39.65
2017-08-12,8,SKU-186373,CLEANING,1,421.5,1222,39.65
2017-08-13,8,SKU-186373,CLEANING,0,295.3,545,39.65
2017-08-14,8,SKU-186373,CLEANING,0,251.6,3391,39.65
2017-08-15,8,SKU-186373,CLEANING,0,235.2,356,39.65
2017-08-16,8,SKU-186373,CLEANING,1,330.5,2864,39.65
2017-08-01,8,SKU-753817,CLEANING,0,196.2,2610,36.7
2017-08-02,8,SKU-753817,CLEANING,0,186.8,1135,36.7
2017-08-03,8,SKU-753817,CLEANING,0,205.2,610,36.7
2017-08-04,8,SKU-753817,CLEANING,1,272.2,837,36.7
2017-08-05,8,SKU-753817,CLEANING,0,236.7,1607,36.7
2017-08-06,8,SKU-753817,CLEANING,0,258.4,3531,36.7
2017-08-07,8,SKU-753817,CLEANING,0,190.5,2012,36.7
2017-08-08,8,SKU-753817,CLEANING,0,204.0,1643,36.7
2017-08-09,8,SKU-753817,CLEANING,0,202.8,1405,36.7
2017-08-10,8,SKU-753817,CLEANING,1,276.3,648,36.7
2017-08-11,8,SKU-753817,CLEANING,0,205.8,2611,36.7
2017-08-12,8,SKU-753817,CLEANING,0,256.2,1647,36.7
2017-08-13,8,SKU-753817,CLEANING,0,257.3,716,36.7
2017-08-14,8,SKU-753817,CLEANING,1,257.2,2213,36.7
2017-08-15,8,SKU-753817,CLEANING,0,197.2,1891,36.7
2017-08-16,8,SKU-753817,CLEANING,0,196.7,1297,36.7
2017-08-01,8,SKU-203535,CLEANING,0,237.9,1714,16.1
2017-08-02,8,SKU-203535,CLEANING,0,235.7,1498,16.1
2017-08-03,8,SKU-203535,CLEANING,1,331.6,2534,16.1
2017-08-04,8,SKU-203535,CLEANING,0,231.3,542,16.1
2017-08-05,8,SKU-203535,CLEANING,0,296.0,958,16.1
2017-08-06,8,SKU-203535,CLEANING,0,286.7,80,16.1
2017-08-07,8,SKU-203535,CLEANING,0,229.7,1391,16.1
2017-08-08,8,SKU-203535,CLEANING,0,229.0,1367,16.1
2017-08-09,8,SKU-203535,CLEANING,0,230.0,31,16.1
2017-08-10,8,SKU-203535,CLEANING,0,241.9,774,16.1
2017-08-11,8,SKU-203535,CLEANING,0,246.7,957,16.1
2017-08-12,8,SKU-203535,CLEANING,0,310.8,3557,16.1
2017-08-13,8,SKU-203535,CLEANING,0,299.7,921,16.1
2017-08-14,8,SKU-203535,CLEANING,0,239.3,338,16.1
2017-08-15,8,SKU-203535,CLEANING,0,248.0,3308,16.1
2017-08-16,8,SKU-203535,CLEANING,0,240.5,1601,16.1
2017-08-01,8,SKU-945457,CLEANING,0,95.8,352,41.18
2017-08-02,8,SKU-945457,CLEANING,1,120.6,639,41.18
2017-08-03,8,SKU-945457,CLEANING,0,90.4,1043,41.18
2017-08-04,8,SKU-945457,CLEANING,0,95.2,545,41.18
2017-08-05,8,SKU-945457,CLEANING,0,113.8,36,41.18
2017-08-06,8,SKU-945457,CLEANING,1,156.2,1794,41.18
2017-08-07,8,SKU-945457,CLEANING,1,122.9,463,41.18
2017-08-08,8,SKU-945457,CLEANING,0,98.1,1258,41.18
2017-08-09,8,SKU-945457,CLEANING,0,96.5,192,41.18
2017-08-10,8,SKU-945457,CLEANING,1,132.5,312,41.18
2017-08-11,8,SKU-945457,CLEANING,0,90.0,349,41.18
2017-08-12,8,SKU-945457,CLEANING,1,157.9,204,41.18
2017-08-13,8,SKU-945457,CLEANING,0,124.1,1097,41.18
2017-08-14,8,SKU-945457,CLEANING,0,90.6,1251,41.18
2017-08-15,8,SKU-945457,CLEANING,1,123.8,130,41.18
2017-08-16,8,SKU-945457,CLEANING,0,90.2,737,41.18
2017-08-01,8,SKU-325409,DAIRY,0,83.6,719,14.81
2017-08-02,8,SKU-325409,DAIRY,1,116.4,1229,14.81
2017-08-03,8,SKU-325409,DAIRY,0,84.2,690,14.81
2017-08-04,8,SKU-325409,DAIRY,0,83.3,744,14.81
2017-08-05,8,SKU-325409,DAIRY,1,146.8,808,14.81
2017-08-06,8,SKU-325409,DAIRY,1,153.7,1541,14.81
2017-08-07,8,SKU-325409,DAIRY,0,91.0,205,14.81
2017-08-08,8,SKU-325409,DAIRY,0,83.3,754,14.81
2017-08-09,8,SKU-325409,DAIRY,0,87.0,427,14.81
2017-08-10,8,SKU-325409,DAIRY,0,88.5,1093,14.81
2017-08-11,8,SKU-325409,DAIRY,1,114.4,1151,14.81
2017-08-12,8,SKU-325409,DAIRY,0,108.7,38,14.81
2017-08-13,8,SKU-325409,DAIRY,0,115.3,1024,14.81
2017-08-14,8,SKU-325409,DAIRY,0,87.6,252,14.81
2017-08-15,8,SKU-325409,DAIRY,1,120.9,254,14.81
2017-08-16,8,SKU-325409,DAIRY,1,115.3,1585,14.81
2017-08-01,8,SKU-488742,DAIRY,0,179.7,2089,10.67
2017-08-02,8,SKU-488742,DAIRY,0,173.2,2103,10.67
2017-08-03,8,SKU-488742,DAIRY,0,176.6,1211,10.67
2017-08-04,8,SKU-488742,DAIRY,0,179.7,908,10.67
2017-08-05,8,SKU-488742,DAIRY,1,302.0,2059,10.67
2017-08-06,8,SKU-488742,DAIRY,0,233.5,2619,10.67
2017-08-07,8,SKU-488742,DAIRY,0,181.4,1492,10.67
2017-08-08,8,SKU-488742,DAIRY,0,172.0,1122,10.67
2017-08-09,8,SKU-488742,DAIRY,0,184.8,874,10.67
2017-08-10,8,SKU-488742,DAIRY,1,240.4,2129,10.67
2017-08-11,8,SKU-488742,DAIRY,0,170.9,905,10.67
2017-08-12,8,SKU-488742,DAIRY,0,226.9,1425,10.67
2017-08-13,8,SKU-488742,DAIRY,1,294.2,686,10.67
2017-08-14,8,SKU-488742,DAIRY,0,185.0,1842,10.67
2017-08-15,8,SKU-488742,DAIRY,0,177.8,218,10.67
2017-08-16,8,SKU-488742,DAIRY,1,243.6,980,10.67
2017-08-01,8,SKU-594064,DAIRY,0,220.2,2973,20.2
2017-08-02,8,SKU-594064,DAIRY,0,210.1,2861,20.2
2017-08-03,8,SKU-594064,DAIRY,0,208.7,302,20.2
2017-08-04,8,SKU-594064,DAIRY,0,200.5,1148,20.2
2017-08-05,8,SKU-594064,DAIRY,0,266.8,3720,20.2
2017-08-06,8,SKU-594064,DAIRY,1,371.4,3306,20.2
2017-08-07,8,SKU-594064,DAIRY,0,204.3,2646,20.2
2017-08-08,8,SKU-594064,DAIRY,0,202.2,1991,20.2
2017-08-09,8,SKU-594064,DAIRY,0,205.7,2873,20.2
2017-08-10,8,SKU-594064,DAIRY,1,281.6,3864,20.2
2017-08-11,8,SKU-594064,DAIRY,0,215.6,104,20.2
2017-08-12,8,SKU-594064,DAIRY,0,269.5,3393,20.2
2017-08-13,8,SKU-594064,DAIRY,0,256.2,424,20.2
2017-08-14,8,SKU-594064,DAIRY,1,273.9,1999,20.2
2017-08-15,8,SKU-594064,DAIRY,0,201.7,1901,20.2
2017-08-16,8,SKU-594064,DAIRY,0,207.2,633,20.2
2017-08-01,8,SKU-318827,DAIRY,1,104.8,1381,25.08
2017-08-02,8,SKU-318827,DAIRY,0,81.0,433,25.08
2017-08-03,8,SKU-318827,DAIRY,1,106.2,600,25.08
2017-08-04,8,SKU-318827,DAIRY,1,109.0,771,25.08
2017-08-05,8,SKU-318827,DAIRY,0,103.7,30,25.08
2017-08-06,8,SKU-318827,DAIRY,0,102.7,497,25.08
2017-08-07,8,SKU-318827,DAIRY,1,113.0,1131,25.08
2017-08-08,8,SKU-318827,DAIRY,1,110.4,202,25.08
2017-08-09,8,SKU-318827,DAIRY,1,105.5,484,25.08
2017-08-10,8,SKU-318827,DAIRY,1,109.0,1313,25.08
2017-08-11,8,SKU-318827,DAIRY,0,81.3,104,25.08
2017-08-12,8,SKU-318827,DAIRY,0,104.3,858,25.08
2017-08-13,8,SKU-318827,DAIRY,0,96.9,170,25.08
2017-08-14,8,SKU-318827,DAIRY,0,84.0,250,25.08
2017-08-15,8,SKU-318827,DAIRY,1,112.6,825,25.08
2017-08-16,8,SKU-318827,DAIRY,0,83.0,310,25.08
2017-08-01,8,SKU-188780,DAIRY,0,236.6,877,38.74
2017-08-02,8,SKU-188780,DAIRY,1,320.6,3234,38.74
2017-08-03,8,SKU-188780,DAIRY,0,249.7,1251,38.74
2017-08-04,8,SKU-188780,DAIRY,1,324.1,2903,38.74
2017-08-05,8,SKU-188780,DAIRY,0,318.2,3893,38.74
2017-08-06,8,SKU-188780,DAIRY,0,323.0,2688,38.74
2017-08-07,8,SKU-188780,DAIRY,0,244.9,559,38.74
2017-08-08,8,SKU-188780,DAIRY,1,341.6,514,38.74
2017-08-09,8,SKU-188780,DAIRY,0,254.4,3334,38.74
2017-08-10,8,SKU-188780,DAIRY,0,257.8,1938,38.74
2017-08-11,8,SKU-188780,DAIRY,0,255.3,1767,38.74
2017-08-12,8,SKU-188780,DAIRY,0,311.3,3691,38.74
2017-08-13,8,SKU-188780,DAIRY,1,416.6,1950,38.74
2017-08-14,8,SKU-188780,DAIRY,0,248.5,836,38.74
2017-08-15,8,SKU-188780,DAIRY,1,332.6,1562,38.74
2017-08-16,8,SKU-188780,DAIRY,0,240.2,3192,38.74
2017-08-01,9,SKU-821754,GROCERY I,0,220.5,2131,8.92
2017-08-02,9,SKU-821754,GROCERY I,1,300.2,353,8.92
2017-08-03,9,SKU-821754,GROCERY I,0,231.0,1069,8.92
2017-08-04,9,SKU-821754,GROCERY I,0,219.9,1536,8.92
2017-08-05,9,SKU-821754,GROCERY I,0,293.5,324,8.92
2017-08-06,9,SKU-821754,GROCERY I,0,279.4,1918,8.92
2017-08-07,9,SKU-821754,GROCERY I,0,232.2,3073,8.92
2017-08-08,9,SKU-821754,GROCERY I,1,309.2,2007,8.92
2017-08-09,9,SKU-821754,GROCERY I,1,312.2,810,8.92
2017-08-10,9,SKU-821754,GROCERY I,1,304.4,813,8.92
2017-08-11,9,SKU-821754,GROCERY I,0,221.8,1617,8.92
2017-08-12,9,SKU-821754,GROCERY I,0,276.1,486,8.92
2017-08-13,9,SKU-821754,GROCERY I,0,293.6,1328,8.92
2017-08-14,9,SKU-821754,GROCERY I,0,218.6,2800,8.92
2017-08-15,9,SKU-821754,GROCERY I,0,226.1,130,8.92
2017-08-16,9,SKU-821754,GROCERY I,1,307.5,877,8.92
2017-08-01,9,SKU-152066,GROCERY I,1,169.0,1724,37.92
2017-08-02,9,SKU-152066,GROCERY I,0,125.0,1170,37.92
2017-08-03,9,SKU-152066,GROCERY I,0,128.6,359,37.92
2017-08-04,9,SKU-152066,GROCERY I,0,125.4,1124,37.92
2017-08-05,9,SKU-152066,GROCERY I,0,150.4,1790,37.92
2017-08-06,9,SKU-152066,GROCERY I,0,156.1,2144,37.92
2017-08-07,9,SKU-152066,GROCERY I,1,160.9,1706,37.92
2017-08-08,9,SKU-152066,GROCERY I,0,118.1,673,37.92
2017-08-09,9,SKU-152066,GROCERY I,1,161.8,1526,37.92
2017-08-10,9,SKU-152066,GROCERY I,0,126.7,901,37.92
2017-08-11,9,SKU-152066,GROCERY I,0,120.2,1257,37.92
2017-08-12,9,SKU-152066,GROCERY I,1,214.8,1489,37.92
2017-08-13,9,SKU-152066,GROCERY I,1,201.1,2057,37.92
2017-08-14,9,SKU-152066,GROCERY I,1,159.9,1013,37.92
2017-08-15,9,SKU-152066,GROCERY I,0,124.7,1137,37.92
2017-08-16,9,SKU-152066,GROCERY I,0,123.4,489,37.92
2017-08-01,9,SKU-127472,GROCERY I,0,243.8,591,23.77
2017-08-02,9,SKU-127472,GROCERY I,0,237.9,1980,23.77
2017-08-03,9,SKU-127472,GROCERY I,0,233.0,3164,23.77
2017-08-04,9,SKU-127472,GROCERY I,0,249.6,2755,23.77
2017-08-05,9,SKU-127472,GROCERY I,0,294.9,609,23.77
2017-08-06,9,SKU-127472,GROCERY I,0,310.4,3403,23.77
2017-08-07,9,SKU-127472,GROCERY I,1,333.3,735,23.77
2017-08-08,9,SKU-127472,GROCERY I,0,250.6,742,23.77
2017-08-09,9,SKU-127472,GROCERY I,0,247.2,1399,23.77
2017-08-10,9,SKU-127472,GROCERY I,1,332.0,429,23.77
2017-08-11,9,SKU-127472,GROCERY I,1,319.2,1513,23.77
2017-08-12,9,SKU-127472,GROCERY I,0,292.3,2036,23.77
2017-08-13,9,SKU-127472,GROCERY I,0,303.0,1494,23.77
2017-08-14,9,SKU-127472,GROCERY I,1,337.0,732,23.77
2017-08-15,9,SKU-127472,GROCERY I,0,239.2,515,23.77
2017-08-16,9,SKU-127472,GROCERY I,1,333.8,897,23.77
2017-08-01,9,SKU-197469,GROCERY I,0,128.4,135,3.55
2017-08-02,9,SKU-197469,GROCERY I,0,122.9,853,3.55
2017-08-03,9,SKU-197469,GROCERY I,0,122.9,666,3.55
2017-08-04,9,SKU-197469,GROCERY I,1,160.2,800,3.55
2017-08-05,9,SKU-197469,GROCERY I,0,153.5,1434,3.55
2017-08-06,9,SKU-197469,GROCERY I,0,150.8,1542,3.55
2017-08-07,9,SKU-197469,GROCERY I,0,121.8,296,3.55
2017-08-08,9,SKU-197469,GROCERY I,0,116.8,158,3.55
2017-08-09,9,SKU-197469,GROCERY I,0,127.7,520,3.55
2017-08-10,9,SKU-197469,GROCERY I,0,118.1,648,3.55
2017-08-11,9,SKU-197469,GROCERY I,0,128.0,1209,3.55
2017-08-12,9,SKU-197469,GROCERY I,1,217.5,1445,3.55
2017-08-13,9,SKU-197469,GROCERY I,0,150.4,978,3.55
2017-08-14,9,SKU-197469,GROCERY I,1,158.4,1916,3.55
2017-08-15,9,SKU-197469,GROCERY I,0,127.7,1682,3.55
2017-08-16,9,SKU-197469,GROCERY I,0,124.9,797,3.55
2017-08-01,9,SKU-490857,GROCERY I,0,175.7,2076,29.89
2017-08-02,9,SKU-490857,GROCERY I,0,183.9,1452,29.89
2017-08-03,9,SKU-490857,GROCERY I,1,245.6,721,29.89
2017-08-04,9,SKU-490857,GROCERY I,0,184.7,1123,29.89
2017-08-05,9,SKU-490857,GROCERY I,1,302.3,612,29.89
2017-08-06,9,SKU-490857,GROCERY I,0,235.1,1059,29.89
2017-08-07,9,SKU-490857,GROCERY I,1,249.6,1230,29.89
2017-08-08,9,SKU-490857,GROCERY I,0,182.1,801,29.89
2017-08-09,9,SKU-490857,GROCERY I,1,239.1,1629,29.89
2017-08-10,9,SKU-490857,GROCERY I,1,237.6,1479,29.89
2017-08-11,9,SKU-490857,GROCERY I,0,175.8,1299,29.89
2017-08-12,9,SKU-490857,GROCERY I,1,299.5,2202,29.89
2017-08-13,9,SKU-490857,GROCERY I,0,219.8,861,29.89
2017-08-14,9,SKU-490857,GROCERY I,1,245.8,1990,29.89
2017-08-15,9,SKU-490857,GROCERY I,0,169.7,1472,29.89
2017-08-16,9,SKU-490857,GROCERY I,0,178.9,906,29.89
2017-08-01,9,SKU-851917,CLEANING,0,141.9,1732,30.59
2017-08-02,9,SKU-851917,CLEANING,0,146.0,795,30.59
2017-08-03,9,SKU-851917,CLEANING,0,138.2,191,30.59
2017-08-04,9,SKU-851917,CLEANING,0,138.1,1476,30.59
2017-08-05,9,SKU-851917,CLEANING,1,241.5,364,30.59
2017-08-06,9,SKU-851917,CLEANING,0,178.4,2014,30.59
2017-08-07,9,SKU-851917,CLEANING,1,195.0,1136,30.59
2017-08-08,9,SKU-851917,CLEANING,0,136.1,1904,30.59
2017-08-09,9,SKU-851917,CLEANING,0,132.5,284,30.59
2017-08-10,9,SKU-851917,CLEANING,1,187.1,1177,30.59
2017-08-11,9,SKU-851917,CLEANING,1,196.0,860,30.59
2017-08-12,9,SKU-851917,CLEANING,0,182.1,2310,30.59
2017-08-13,9,SKU-851917,CLEANING,0,178.2,648,30.59
2017-08-14,9,SKU-851917,CLEANING,1,190.6,1348,30.59
2017-08-15,9,SKU-851917,CLEANING,0,145.1,1254,30.59
2017-08-16,9,SKU-851917,CLEANING,0,140.8,1338,30.59
2017-08-01,9,SKU-682296,CLEANING,1,48.1,600,33.75
2017-08-02,9,SKU-682296,CLEANING,0,34.2,23,33.75
2017-08-03,9,SKU-682296,CLEANING,0,33.9,302,33.75
2017-08-04,9,SKU-682296,CLEANING,0,34.9,143,33.75
2017-08-05,9,SKU-682296,CLEANING,0,41.2,244,33.75
2017-08-06,9,SKU-682296,CLEANING,1,59.2,821,33.75
2017-08-07,9,SKU-682296,CLEANING,0,34.0,163,33.75
2017-08-08,9,SKU-682296,CLEANING,0,35.3,341,33.75
2017-08-09,9,SKU-682296,CLEANING,1,44.6,546,33.75
2017-08-10,9,SKU-682296,CLEANING,0,35.4,169,33.75
2017-08-11,9,SKU-682296,CLEANING,0,34.1,449,33.75
2017-08-12,9,SKU-682296,CLEANING,0,42.4,509,33.75
2017-08-13,9,SKU-682296,CLEANING,0,41.7,253,33.75
2017-08-14,9,SKU-682296,CLEANING,0,35.5,381,33.75
2017-08-15,9,SKU-682296,CLEANING,0,35.7,237,33.75
2017-08-16,9,SKU-682296,CLEANING,0,33.2,208,33.75
2017-08-01,9,SKU-805853,CLEANING,1,289.4,741,18.35
2017-08-02,9,SKU-805853,CLEANING,1,282.4,1945,18.35
2017-08-03,9,SKU-805853,CLEANING,0,217.0,2026,18.35
2017-08-04,9,SKU-805853,CLEANING,0,224.2,2745,18.35
2017-08-05,9,SKU-805853,CLEANING,1,373.6,1327,18.35
2017-08-06,9,SKU-805853,CLEANING,0,262.8,538,18.35
2017-08-07,9,SKU-805853,CLEANING,1,293.1,1774,18.35
2017-08-08,9,SKU-805853,CLEANING,0,216.7,159,18.35
2017-08-09,9,SKU-805853,CLEANING,0,204.5,1434,18.35
2017-08-10,9,SKU-805853,CLEANING,0,205.1,2073,18.35
2017-08-11,9,SKU-805853,CLEANING,0,218.5,3003,18.35
2017-08-12,9,SKU-805853,CLEANING,0,281.3,3734,18.35
2017-08-13,9,SKU-805853,CLEANING,0,276.4,3298,18.35
2017-08-14,9,SKU-805853,CLEANING,0,209.4,2775,18.35
2017-08-15,9,SKU-805853,CLEANING,1,281.5,1775,18.35
2017-08-16,9,SKU-805853,CLEANING,1,290.9,2650,18.35
2017-08-01,9,SKU-555651,CLEANING,0,152.9,1272,6.59
2017-08-02,9,SKU-555651,CLEANING,0,160.8,32,6.59
2017-08-03,9,SKU-555651,CLEANING,0,158.7,2112,6.59
2017-08-04,9,SKU-555651,CLEANING,0,157.6,1579,6.59
2017-08-05,9,SKU-555651,CLEANING,0,196.6,1136,6.59
2017-08-06,9,SKU-555651,CLEANING,0,210.0,392,6.59
2017-08-07,9,SKU-555651,CLEANING,0,151.3,477,6.59
2017-08-08,9,SKU-555651,CLEANING,1,208.0,242,6.59
2017-08-09,9,SKU-555651,CLEANING,0,151.1,188,6.59
2017-08-10,9,SKU-555651,CLEANING,1,220.3,2823,6.59
2017-08-11,9,SKU-555651,CLEANING,1,218.4,169,6.59
2017-08-12,9,SKU-555651,CLEANING,1,280.2,3136,6.59
2017-08-13,9,SKU-555651,CLEANING,0,195.3,2312,6.59
2017-08-14,9,SKU-555651,CLEANING,1,224.8,498,6.59
2017-08-15,9,SKU-555651,CLEANING,0,154.3,1714,6.59
2017-08-16,9,SKU-555651,CLEANING,0,152.0,2124,6.59
2017-08-01,9,SKU-782923,CLEANING,0,223.6,735,4.98
2017-08-02,9,SKU-782923,CLEANING,0,212.1,662,4.98
2017-08-03,9,SKU-782923,CLEANING,1,302.2,2119,4.98
2017-08-04,9,SKU-782923,CLEANING,0,220.5,1928,4.98
2017-08-05,9,SKU-782923,CLEANING,1,370.3,1750,4.98
2017-08-06,9,SKU-782923,CLEANING,0,285.8,2789,4.98
2017-08-07,9,SKU-782923,CLEANING,0,210.3,2191,4.98
2017-08-08,9,SKU-782923,CLEANING,1,286.1,1942,4.98
2017-08-09,9,SKU-782923,CLEANING,0,210.7,86,4.98
2017-08-10,9,SKU-782923,CLEANING,0,217.1,14,4.98
2017-08-11,9,SKU-782923,CLEANING,0,224.1,1866,4.98
2017-08-12,9,SKU-782923,CLEANING,0,270.1,2561,4.98
2017-08-13,9,SKU-782923,CLEANING,0,281.4,468,4.98
2017-08-14,9,SKU-782923,CLEANING,0,212.5,2226,4.98
2017-08-15,9,SKU-782923,CLEANING,0,214.9,518,4.98
2017-08-16,9,SKU-782923,CLEANING,0,226.1,2615,4.98
2017-08-01,9,SKU-932119,DAIRY,0,98.1,1294,17.62
2017-08-02,9,SKU-932119,DAIRY,1,122.3,1149,17.62
2017-08-03,9,SKU-932119,DAIRY,0,94.2,74,17.62
2017-08-04,9,SKU-932119,DAIRY,0,97.2,623,17.62
2017-08-05,9,SKU-932119,DAIRY,0,117.9,1411,17.62
2017-08-06,9,SKU-932119,DAIRY,1,157.4,267,17.62
2017-08-07,9,SKU-932119,DAIRY,0,98.4,805,17.62
2017-08-08,9,SKU-932119,DAIRY,0,95.4,495,17.62
2017-08-09,9,SKU-932119,DAIRY,1,127.8,217,17.62
2017-08-10,9,SKU-932119,DAIRY,0,94.8,1243,17.62
2017-08-11,9,SKU-932119,DAIRY,0,98.0,1050,17.62
2017-08-12,9,SKU-932119,DAIRY,0,113.8,171,17.62
2017-08-13,9,SKU-932119,DAIRY,1,156.3,818,17.62
2017-08-14,9,SKU-932119,DAIRY,0,96.6,162,17.62
2017-08-15,9,SKU-932119,DAIRY,0,94.3,718,17.62
2017-08-16,9,SKU-932119,DAIRY,1,123.3,1396,17.62
2017-08-01,9,SKU-131498,DAIRY,0,117.7,909,33.83
2017-08-02,9,SKU-131498,DAIRY,1,160.9,165,33.83
2017-08-03,9,SKU-131498,DAIRY,0,115.3,420,33.83
2017-08-04,9,SKU-131498,DAIRY,0,116.1,376,33.83
2017-08-05,9,SKU-131498,DAIRY,0,146.9,195,33.83
2017-08-06,9,SKU-131498,DAIRY,0,140.7,1429,33.83
2017-08-07,9,SKU-131498,DAIRY,0,118.5,720,33.83
2017-08-08,9,SKU-131498,DAIRY,0,113.3,654,33.83
2017-08-09,9,SKU-131498,DAIRY,0,115.0,843,33.83
2017-08-10,9,SKU-131498,DAIRY,0,109.1,1116,33.83
2017-08-11,9,SKU-131498,DAIRY,0,112.4,1273,33.83
2017-08-12,9,SKU-131498,DAIRY,0,148.3,641,33.83
2017-08-13,9,SKU-131498,DAIRY,0,150.3,836,33.83
2017-08-14,9,SKU-131498,DAIRY,1,150.6,1366,33.83
2017-08-15,9,SKU-131498,DAIRY,1,146.9,1709,33.83
2017-08-16,9,SKU-131498,DAIRY,0,115.3,849,33.83
2017-08-01,9,SKU-991317,DAIRY,0,164.3,1989,24.45
2017-08-02,9,SKU-991317,DAIRY,0,172.1,48,24.45
2017-08-03,9,SKU-991317,DAIRY,0,166.3,1269,24.45
2017-08-04,9,SKU-991317,DAIRY,0,173.7,537,24.45
2017-08-05,9,SKU-991317,DAIRY,0,219.7,1732,24.45
2017-08-06,9,SKU-991317,DAIRY,1,292.5,1462,24.45
2017-08-07,9,SKU-991317,DAIRY,1,223.2,1789,24.45
2017-08-08,9,SKU-991317,DAIRY,1,225.1,961,24.45
2017-08-09,9,SKU-991317,DAIRY,0,174.2,2268,24.45
2017-08-10,9,SKU-991317,DAIRY,0,171.5,2169,24.45
2017-08-11,9,SKU-991317,DAIRY,0,164.3,1633,24.45
2017-08-12,9,SKU-991317,DAIRY,1,298.2,1738,24.45
2017-08-13,9,SKU-991317,DAIRY,0,211.9,692,24.45
2017-08-14,9,SKU-991317,DAIRY,0,173.4,192,24.45
2017-08-15,9,SKU-991317,DAIRY,1,226.3,1892,24.45
2017-08-16,9,SKU-991317,DAIRY,0,166.1,217,24.45
2017-08-01,9,SKU-606528,DAIRY,0,235.7,1380,22.12
2017-08-02,9,SKU-606528,DAIRY,0,251.9,2502,22.12
2017-08-03,9,SKU-606528,DAIRY,0,257.5,1598,22.12
2017-08-04,9,SKU-606528,DAIRY,0,254.4,2815,22.12
2017-08-05,9,SKU-606528,DAIRY,0,324.1,3348,22.12
2017-08-06,9,SKU-606528,DAIRY,1,419.8,4396,22.12
2017-08-07,9,SKU-606528,DAIRY,1,342.1,555,22.12
2017-08-08,9,SKU-606528,DAIRY,0,250.0,617,22.12
2017-08-09,9,SKU-606528,DAIRY,1,323.7,812,22.12
2017-08-10,9,SKU-606528,DAIRY,1,333.4,304,22.12
2017-08-11,9,SKU-606528,DAIRY,0,250.4,235,22.12
2017-08-12,9,SKU-606528,DAIRY,1,424.5,3331,22.12
2017-08-13,9,SKU-606528,DAIRY,0,316.5,1178,22.12
2017-08-14,9,SKU-606528,DAIRY,0,248.1,2803,22.12
2017-08-15,9,SKU-606528,DAIRY,0,250.4,2830,22.12
2017-08-16,9,SKU-606528,DAIRY,0,235.8,1039,22.12
2017-08-01,9,SKU-138409,DAIRY,0,38.1,175,16.94
2017-08-02,9,SKU-138409,DAIRY,1,53.3,701,16.94
2017-08-03,9,SKU-138409,DAIRY,1,53.2,414,16.94
2017-08-04,9,SKU-138409,DAIRY,1,50.4,287,16.94
2017-08-05,9,SKU-138409,DAIRY,0,47.9,198,16.94
2017-08-06,9,SKU-138409,DAIRY,1,63.7,96,16.94
2017-08-07,9,SKU-138409,DAIRY,0,36.4,65,16.94
2017-08-08,9,SKU-138409,DAIRY,0,37.9,235,16.94
2017-08-09,9,SKU-138409,DAIRY,1,52.6,319,16.94
2017-08-10,9,SKU-138409,DAIRY,0,37.4,407,16.94
2017-08-11,9,SKU-138409,DAIRY,0,36.2,405,16.94
2017-08-12,9,SKU-138409,DAIRY,0,46.3,160,16.94
2017-08-13,9,SKU-138409,DAIRY,1,67.2,670,16.94
2017-08-14,9,SKU-138409,DAIRY,0,38.1,520,16.94
2017-08-15,9,SKU-138409,DAIRY,1,49.9,568,16.94
2017-08-16,9,SKU-138409,DAIRY,0,37.0,353,16.94
2017-08-01,10,SKU-657639,GROCERY I,0,278.3,3523,5.37
2017-08-02,10,SKU-657639,GROCERY I,0,263.6,2288,5.37
2017-08-03,10,SKU-657639,GROCERY I,0,279.6,3581,5.37
2017-08-04,10,SKU-657639,GROCERY I,0,257.0,316,5.37
2017-08-05,10,SKU-657639,GROCERY I,1,441.5,2578,5.37
2017-08-06,10,SKU-657639,GROCERY I,0,340.8,351,5.37
2017-08-07,10,SKU-657639,GROCERY I,0,278.6,3544,5.37
2017-08-08,10,SKU-657639,GROCERY I,1,343.3,1578,5.37
2017-08-09,10,SKU-657639,GROCERY I,0,261.1,3325,5.37
2017-08-10,10,SKU-657639,GROCERY I,0,255.7,3254,5.37
2017-08-11,10,SKU-657639,GROCERY I,1,345.4,2578,5.37
2017-08-12,10,SKU-657639,GROCERY I,0,333.8,847,5.37
2017-08-13,10,SKU-657639,GROCERY I,0,352.9,2490,5.37
2017-08-14,10,SKU-657639,GROCERY I,0,270.3,1294,5.37
2017-08-15,10,SKU-657639,GROCERY I,1,358.3,975,5.37
2017-08-16,10,SKU-657639,GROCERY I,0,274.3,1027,5.37
2017-08-01,10,SKU-716552,GROCERY I,0,27.2,11,4.77
2017-08-02,10,SKU-716552,GROCERY I,1,34.1,403,4.77
2017-08-03,10,SKU-716552,GROCERY I,0,26.7,195,4.77
2017-08-04,10,SKU-716552,GROCERY I,0,27.2,290,4.77
2017-08-05,10,SKU-716552,GROCERY I,0,31.9,60,4.77
2017-08-06,10,SKU-716552,GROCERY I,1,45.0,308,4.77
2017-08-07,10,SKU-716552,GROCERY I,0,27.2,243,4.77
2017-08-08,10,SKU-716552,GROCERY I,1,36.5,188,4.77
2017-08-09,10,SKU-716552,GROCERY I,0,27.1,149,4.77
2017-08-10,10,SKU-716552,GROCERY I,1,34.0,37,4.77
2017-08-11,10,SKU-716552,GROCERY I,1,36.0,197,4.77
2017-08-12,10,SKU-716552,GROCERY I,1,45.6,343,4.77
2017-08-13,10,SKU-716552,GROCERY I,0,34.3,417,4.77
2017-08-14,10,SKU-716552,GROCERY I,0,27.2,335,4.77
2017-08-15,10,SKU-716552,GROCERY I,0,26.7,149,4.77
2017-08-16,10,SKU-716552,GROCERY I,0,26.9,325,4.77
2017-08-01,10,SKU-206601,GROCERY I,0,50.3,339,20.08
2017-08-02,10,SKU-206601,GROCERY I,0,49.5,350,20.08
2017-08-03,10,SKU-206601,GROCERY I,0,49.7,604,20.08
2017-08-04,10,SKU-206601,GROCERY I,0,46.0,369,20.08
2017-08-05,10,SKU-206601,GROCERY I,1,79.2,261,20.08
2017-08-06,10,SKU-206601,GROCERY I,1,78.2,826,20.08
2017-08-07,10,SKU-206601,GROCERY I,0,47.9,14,20.08
2017-08-08,10,SKU-206601,GROCERY I,1,64.1,489,20.08
2017-08-09,10,SKU-206601,GROCERY I,0,49.2,658,20.08
2017-08-10,10,SKU-206601,GROCERY I,0,47.7,637,20.08
2017-08-11,10,SKU-206601,GROCERY I,0,47.2,92,20.08
2017-08-12,10,SKU-206601,GROCERY I,1,81.0,752,20.08
2017-08-13,10,SKU-206601,GROCERY I,0,59.0,500,20.08
2017-08-14,10,SKU-206601,GROCERY I,0,47.8,370,20.08
2017-08-15,10,SKU-206601,GROCERY I,0,49.4,574,20.08
2017-08-16,10,SKU-206601,GROCERY I,1,62.0,176,20.08
2017-08-01,10,SKU-853696,GROCERY I,1,354.6,2137,37.82
2017-08-02,10,SKU-853696,GROCERY I,0,258.8,122,37.82
2017-08-03,10,SKU-853696,GROCERY I,1,352.4,1191,37.82
2017-08-04,10,SKU-853696,GROCERY I,0,279.5,2272,37.82
2017-08-05,10,SKU-853696,GROCERY I,0,352.4,1711,37.82
2017-08-06,10,SKU-853696,GROCERY I,0,322.9,852,37.82
2017-08-07,10,SKU-853696,GROCERY I,1,371.4,1829,37.82
2017-08-08,10,SKU-853696,GROCERY I,0,268.9,10,37.82
2017-08-09,10,SKU-853696,GROCERY I,0,260.2,919,37.82
2017-08-10,10,SKU-853696,GROCERY I,1,353.8,956,37.82
2017-08-11,10,SKU-853696,GROCERY I,0,277.8,946,37.82
2017-08-12,10,SKU-853696,GROCERY I,0,333.6,3494,37.82
2017-08-13,10,SKU-853696,GROCERY I,0,349.2,4691,37.82
2017-08-14,10,SKU-853696,GROCERY I,1,365.5,2529,37.82
2017-08-15,10,SKU-853696,GROCERY I,0,281.0,1514,37.82
2017-08-16,10,SKU-853696,GROCERY I,0,272.4,1091,37.82
2017-08-01,10,SKU-464691,GROCERY I,1,267.1,3727,21.26
2017-08-02,10,SKU-464691,GROCERY I,0,196.8,740,21.26
2017-08-03,10,SKU-464691,GROCERY I,0,190.0,57,21.26
2017-08-04,10,SKU-464691,GROCERY I,1,245.6,2369,21.26
2017-08-05,10,SKU-464691,GROCERY I,1,333.5,641,21.26
2017-08-06,10,SKU-464691,GROCERY I,0,247.8,1057,21.26
2017-08-07,10,SKU-464691,GROCERY I,0,185.6,1209,21.26
2017-08-08,10,SKU-464691,GROCERY I,1,255.3,1991,21.26
2017-08-09,10,SKU-464691,GROCERY I,0,189.2,50,21.26
2017-08-10,10,SKU-464691,GROCERY I,0,188.7,1678,21.26
2017-08-11,10,SKU-464691,GROCERY I,0,186.9,1021,21.26
2017-08-12,10,SKU-464691,GROCERY I,0,250.1,1831,21.26
2017-08-13,10,SKU-464691,GROCERY I,0,228.4,3111,21.26
2017-08-14,10,SKU-464691,GROCERY I,0,195.7,169,21.26
2017-08-15,10,SKU-464691,GROCERY I,1,266.0,2131,21.26
2017-08-16,10,SKU-464691,GROCERY I,0,185.3,1061,21.26
2017-08-01,10,SKU-543148,CLEANING,0,152.6,1325,29.69
2017-08-02,10,SKU-543148,CLEANING,0,144.0,192,29.69
2017-08-03,10,SKU-543148,CLEANING,1,206.7,376,29.69
2017-08-04,10,SKU-543148,CLEANING,0,151.6,1775,29.69
2017-08-05,10,SKU-543148,CLEANING,0,184.8,2303,29.69
2017-08-06,10,SKU-543148,CLEANING,0,184.1,2472,29.69
2017-08-07,10,SKU-543148,CLEANING,0,146.7,146,29.69
2017-08-08,10,SKU-543148,CLEANING,0,146.4,1807,29.69
2017-08-09,10,SKU-543148,CLEANING,0,153.6,1975,29.69
2017-08-10,10,SKU-543148,CLEANING,0,145.6,1058,29.69
2017-08-11,10,SKU-543148,CLEANING,1,209.0,201,29.69
2017-08-12,10,SKU-543148,CLEANING,0,191.1,2428,29.69
2017-08-13,10,SKU-543148,CLEANING,0,190.4,2345,29.69
2017-08-14,10,SKU-543148,CLEANING,0,150.0,157,29.69
2017-08-15,10,SKU-543148,CLEANING,0,147.6,1953,29.69
2017-08-16,10,SKU-543148,CLEANING,0,149.7,1410,29.69
2017-08-01,10,SKU-417798,CLEANING,1,292.4,4028,1.72
2017-08-02,10,SKU-417798,CLEANING,1,309.8,2849,1.72
2017-08-03,10,SKU-417798,CLEANING,0,224.9,155,1.72
2017-08-04,10,SKU-417798,CLEANING,0,226.2,2823,1.72
2017-08-05,10,SKU-417798,CLEANING,0,270.2,1165,1.72
2017-08-06,10,SKU-417798,CLEANING,0,274.8,1086,1.72
2017-08-07,10,SKU-417798,CLEANING,1,304.0,2169,1.72
2017-08-08,10,SKU-417798,CLEANING,0,228.5,927,1.72
2017-08-09,10,SKU-417798,CLEANING,1,288.5,3493,1.72
2017-08-10,10,SKU-417798,CLEANING,0,222.0,1902,1.72
2017-08-11,10,SKU-417798,CLEANING,0,215.1,2279,1.72
2017-08-12,10,SKU-417798,CLEANING,0,293.5,3362,1.72
2017-08-13,10,SKU-417798,CLEANING,0,290.8,1457,1.72
2017-08-14,10,SKU-417798,CLEANING,0,233.7,2138,1.72
2017-08-15,10,SKU-417798,CLEANING,0,221.1,1011,1.72
2017-08-16,10,SKU-417798,CLEANING,1,290.5,1287,1.72
2017-08-01,10,SKU-727395,CLEANING,0,82.3,583,41.62
2017-08-02,10,SKU-727395,CLEANING,0,83.8,575,41.62
2017-08-03,10,SKU-727395,CLEANING,0,80.6,918,41.62
2017-08-04,10,SKU-727395,CLEANING,0,80.3,863,41.62
2017-08-05,10,SKU-727395,CLEANING,1,148.5,773,41.62
2017-08-06,10,SKU-727395,CLEANING,0,105.5,175,41.62
2017-08-07,10,SKU-727395,CLEANING,1,109.0,393,41.62
2017-08-08,10,SKU-727395,CLEANING,0,82.4,918,41.62
2017-08-09,10,SKU-727395,CLEANING,0,80.6,308,41.62
2017-08-10,10,SKU-727395,CLEANING,0,80.4,692,41.62
2017-08-11,10,SKU-727395,CLEANING,0,85.1,1117,41.62
2017-08-12,10,SKU-727395,CLEANING,1,148.5,516,41.62
2017-08-13,10,SKU-727395,CLEANING,0,103.2,1294,41.62
2017-08-14,10,SKU-727395,CLEANING,1,116.6,188,41.62
2017-08-15,10,SKU-727395,CLEANING,1,111.6,24,41.62
2017-08-16,10,SKU-727395,CLEANING,0,79.6,610,41.62
2017-08-01,10,SKU-852158,CLEANING,0,115.8,1224,7.71
2017-08-02,10,SKU-852158,CLEANING,1,166.3,62,7.71
2017-08-03,10,SKU-852158,CLEANING,0,122.2,1413,7.71
2017-08-04,10,SKU-852158,CLEANING,0,119.6,901,7.71
2017-08-05,10,SKU-852158,CLEANING,0,148.7,922,7.71
2017-08-06,10,SKU-852158,CLEANING,1,213.2,1879,7.71
2017-08-07,10,SKU-852158,CLEANING,0,116.9,1607,7.71
2017-08-08,10,SKU-852158,CLEANING,1,168.7,1857,7.71
2017-08-09,10,SKU-852158,CLEANING,0,123.7,713,7.71
2017-08-10,10,SKU-852158,CLEANING,0,122.8,146,7.71
2017-08-11,10,SKU-852158,CLEANING,0,119.2,749,7.71
2017-08-12,10,SKU-852158,CLEANING,1,196.7,348,7.71
2017-08-13,10,SKU-852158,CLEANING,0,144.3,154,7.71
2017-08-14,10,SKU-852158,CLEANING,0,119.0,1274,7.71
2017-08-15,10,SKU-852158,CLEANING,1,164.4,125,7.71
2017-08-16,10,SKU-852158,CLEANING,0,124.4,923,7.71
2017-08-01,10,SKU-658888,CLEANING,0,162.4,1917,25.2
2017-08-02,10,SKU-658888,CLEANING,1,201.0,307,25.2
2017-08-03,10,SKU-658888,CLEANING,0,150.2,2057,25.2
2017-08-04,10,SKU-658888,CLEANING,0,155.2,797,25.2
2017-08-05,10,SKU-658888,CLEANING,0,189.1,1144,25.2
2017-08-06,10,SKU-658888,CLEANING,0,204.0,125,25.2
2017-08-07,10,SKU-658888,CLEANING,1,216.8,910,25.2
2017-08-08,10,SKU-658888,CLEANING,1,200.0,2707,25.2
2017-08-09,10,SKU-658888,CLEANING,0,152.4,779,25.2
2017-08-10,10,SKU-658888,CLEANING,0,163.0,99,25.2
2017-08-11,10,SKU-658888,CLEANING,0,154.5,2053,25.2
2017-08-12,10,SKU-658888,CLEANING,0,197.0,1335,25.2
2017-08-13,10,SKU-658888,CLEANING,1,253.6,696,25.2
2017-08-14,10,SKU-658888,CLEANING,0,159.1,429,25.2
2017-08-15,10,SKU-658888,CLEANING,0,151.0,1822,25.2
2017-08-16,10,SKU-658888,CLEANING,1,210.2,1043,25.2
2017-08-01,10,SKU-834665,DAIRY,0,239.0,485,41.61
2017-08-02,10,SKU-834665,DAIRY,0,236.0,1162,41.61
2017-08-03,10,SKU-834665,DAIRY,0,220.0,387,41.61
2017-08-04,10,SKU-834665,DAIRY,0,232.5,2532,41.61
2017-08-05,10,SKU-834665,DAIRY,0,292.8,65,41.61
2017-08-06,10,SKU-834665,DAIRY,0,302.6,331,41.61
2017-08-07,10,SKU-834665,DAIRY,0,221.1,2221,41.61
2017-08-08,10,SKU-834665,DAIRY,1,300.2,1140,41.61
2017-08-09,10,SKU-834665,DAIRY,0,226.0,623,41.61
2017-08-10,10,SKU-834665,DAIRY,1,297.8,3568,41.61
2017-08-11,10,SKU-834665,DAIRY,0,219.5,2135,41.61
2017-08-12,10,SKU-834665,DAIRY,0,282.8,1678,41.61
2017-08-13,10,SKU-834665,DAIRY,0,281.7,653,41.61
2017-08-14,10,SKU-834665,DAIRY,0,222.8,2134,41.61
2017-08-15,10,SKU-834665,DAIRY,0,228.5,2490,41.61
2017-08-16,10,SKU-834665,DAIRY,1,310.9,2697,41.61
2017-08-01,10,SKU-834750,DAIRY,0,48.1,441,43.95
2017-08-02,10,SKU-834750,DAIRY,0,50.0,380,43.95
2017-08-03,10,SKU-834750,DAIRY,0,46.4,113,43.95
2017-08-04,10,SKU-834750,DAIRY,1,66.7,240,43.95
2017-08-05,10,SKU-834750,DAIRY,0,62.4,504,43.95
2017-08-06,10,SKU-834750,DAIRY,0,60.4,191,43.95
2017-08-07,10,SKU-834750,DAIRY,0,50.8,133,43.95
2017-08-08,10,SKU-834750,DAIRY,0,48.1,306,43.95
2017-08-09,10,SKU-834750,DAIRY,0,50.1,345,43.95
2017-08-10,10,SKU-834750,DAIRY,0,47.6,129,43.95
2017-08-11,10,SKU-834750,DAIRY,0,49.5,144,43.95
2017-08-12,10,SKU-834750,DAIRY,0,60.6,358,43.95
2017-08-13,10,SKU-834750,DAIRY,0,60.5,94,43.95
2017-08-14,10,SKU-834750,DAIRY,0,49.3,462,43.95
2017-08-15,10,SKU-834750,DAIRY,0,48.3,138,43.95
2017-08-16,10,SKU-834750,DAIRY,0,46.2,581,43.95
2017-08-01,10,SKU-157124,DAIRY,0,258.9,2812,1.74
2017-08-02,10,SKU-157124,DAIRY,0,254.9,3410,1.74
2017-08-03,10,SKU-157124,DAIRY,1,347.2,3699,1.74
2017-08-04,10,SKU-157124,DAIRY,0,256.9,709,1.74
2017-08-05,10,SKU-157124,DAIRY,1,422.2,4004,1.74
2017-08-06,10,SKU-157124,DAIRY,0,301.3,1233,1.74
2017-08-07,10,SKU-157124,DAIRY,1,351.1,1582,1.74
2017-08-08,10,SKU-157124,DAIRY,1,347.3,2974,1.74
2017-08-09,10,SKU-157124,DAIRY,0,258.6,2022,1.74
2017-08-10,10,SKU-157124,DAIRY,1,346.9,4047,1.74
2017-08-11,10,SKU-157124,DAIRY,0,243.5,1152,1.74
2017-08-12,10,SKU-157124,DAIRY,0,299.0,2442,1.74
2017-08-13,10,SKU-157124,DAIRY,0,325.2,646,1.74
2017-08-14,10,SKU-157124,DAIRY,0,236.4,323,1.74
2017-08-15,10,SKU-157124,DAIRY,0,254.2,297,1.74
2017-08-16,10,SKU-157124,DAIRY,1,327.3,4023,1.74
2017-08-01,10,SKU-794519,DAIRY,1,356.6,1989,27.57
2017-08-02,10,SKU-794519,DAIRY,0,276.8,3338,27.57
2017-08-03,10,SKU-794519,DAIRY,0,263.2,3134,27.57
2017-08-04,10,SKU-794519,DAIRY,0,279.6,2129,27.57
2017-08-05,10,SKU-794519,DAIRY,1,451.2,828,27.57
2017-08-06,10,SKU-794519,DAIRY,0,362.8,2113,27.57
2017-08-07,10,SKU-794519,DAIRY,0,277.9,3620,27.57
2017-08-08,10,SKU-794519,DAIRY,1,389.5,132,27.57
2017-08-09,10,SKU-794519,DAIRY,0,277.9,3194,27.57
2017-08-10,10,SKU-794519,DAIRY,0,267.8,2952,27.57
2017-08-11,10,SKU-794519,DAIRY,0,271.3,1926,27.57
2017-08-12,10,SKU-794519,DAIRY,0,355.2,1771,27.57
2017-08-13,10,SKU-794519,DAIRY,0,350.2,2689,27.57
2017-08-14,10,SKU-794519,DAIRY,0,268.3,327,27.57
2017-08-15,10,SKU-794519,DAIRY,0,267.3,1876,27.57
2017-08-16,10,SKU-794519,DAIRY,1,378.6,4184,27.57
2017-08-01,10,SKU-725107,DAIRY,0,248.7,2689,37.64
2017-08-02,10,SKU-725107,DAIRY,0,245.7,3307,37.64
2017-08-03,10,SKU-725107,DAIRY,0,233.5,3079,37.64
2017-08-04,10,SKU-725107,DAIRY,0,230.3,1850,37.64
2017-08-05,10,SKU-725107,DAIRY,0,313.6,2334,37.64
2017-08-06,10,SKU-725107,DAIRY,0,308.1,2344,37.64
2017-08-07,10,SKU-725107,DAIRY,0,241.5,2779,37.64
2017-08-08,10,SKU-725107,DAIRY,0,242.9,1195,37.64
2017-08-09,10,SKU-725107,DAIRY,0,237.2,1142,37.64
2017-08-10,10,SKU-725107,DAIRY,1,316.4,3250,37.64
2017-08-11,10,SKU-725107,DAIRY,0,250.6,2187,37.64
2017-08-12,10,SKU-725107,DAIRY,1,400.6,2317,37.64
2017-08-13,10,SKU-725107,DAIRY,0,315.9,2163,37.64
2017-08-14,10,SKU-725107,DAIRY,0,245.4,1281,37.64
2017-08-15,10,SKU-725107,DAIRY,1,329.3,3256,37.64
2017-08-16,10,SKU-725107,DAIRY,0,236.9,744,37.64
