date,store_nbr,item_nbr,family,onpromotion,unit_sales,current_stock,unit_cost
2017-08-01,44,SKU-900629,GROCERY I,0,46.8,629,4.48
2017-08-02,44,SKU-900629,GROCERY I,0,43.6,371,4.48
2017-08-03,44,SKU-900629,GROCERY I,0,45.5,316,4.48
2017-08-04,44,SKU-900629,GROCERY I,0,45.8,279,4.48
2017-08-05,44,SKU-900629,GROCERY I,1,79.3,213,4.48
2017-08-06,44,SKU-900629,GROCERY I,0,56.4,149,4.48
2017-08-07,44,SKU-900629,GROCERY I,0,48.1,442,4.48
2017-08-08,44,SKU-900629,GROCERY I,0,45.4,205,4.48
2017-08-09,44,SKU-900629,GROCERY I,1,64.8,455,4.48
2017-08-10,44,SKU-900629,GROCERY I,0,47.1,96,4.48
2017-08-11,44,SKU-900629,GROCERY I,1,63.8,120,4.48
2017-08-12,44,SKU-900629,GROCERY I,1,81.9,1074,4.48
2017-08-13,44,SKU-900629,GROCERY I,0,56.4,463,4.48
2017-08-14,44,SKU-900629,GROCERY I,0,44.5,269,4.48
2017-08-15,44,SKU-900629,GROCERY I,0,43.9,211,4.48
2017-08-16,44,SKU-900629,GROCERY I,0,47.0,425,4.48
2017-08-01,44,SKU-839316,GROCERY I,0,163.1,1864,17.42
2017-08-02,44,SKU-839316,GROCERY I,0,153.8,1569,17.42
2017-08-03,44,SKU-839316,GROCERY I,0,160.3,1488,17.42
2017-08-04,44,SKU-839316,GROCERY I,1,213.0,740,17.42
2017-08-05,44,SKU-839316,GROCERY I,0,209.0,1039,17.42
2017-08-06,44,SKU-839316,GROCERY I,1,281.9,1456,17.42
2017-08-07,44,SKU-839316,GROCERY I,0,163.3,681,17.42
2017-08-08,44,SKU-839316,GROCERY I,1,217.2,896,17.42
2017-08-09,44,SKU-839316,GROCERY I,0,156.0,1230,17.42
2017-08-10,44,SKU-839316,GROCERY I,0,163.6,1218,17.42
2017-08-11,44,SKU-839316,GROCERY I,0,164.8,112,17.42
2017-08-12,44,SKU-839316,GROCERY I,0,203.3,1314,17.42
2017-08-13,44,SKU-839316,GROCERY I,1,266.0,2574,17.42
2017-08-14,44,SKU-839316,GROCERY I,0,162.0,1731,17.42
2017-08-15,44,SKU-839316,GROCERY I,0,166.1,172,17.42
2017-08-16,44,SKU-839316,GROCERY I,0,165.8,455,17.42
2017-08-01,44,SKU-803058,GROCERY I,0,147.0,838,31.15
2017-08-02,44,SKU-803058,GROCERY I,0,159.0,2160,31.15
2017-08-03,44,SKU-803058,GROCERY I,1,201.3,2717,31.15
2017-08-04,44,SKU-803058,GROCERY I,0,150.3,1479,31.15
2017-08-05,44,SKU-803058,GROCERY I,0,185.1,2151,31.15
2017-08-06,44,SKU-803058,GROCERY I,0,189.3,1331,31.15
2017-08-07,44,SKU-803058,GROCERY I,1,207.8,1164,31.15
2017-08-08,44,SKU-803058,GROCERY I,0,148.8,2038,31.15
2017-08-09,44,SKU-803058,GROCERY I,0,151.5,1062,31.15
2017-08-10,44,SKU-803058,GROCERY I,1,207.2,2015,31.15
2017-08-11,44,SKU-803058,GROCERY I,0,144.7,1886,31.15
2017-08-12,44,SKU-803058,GROCERY I,1,270.7,3576,31.15
2017-08-13,44,SKU-803058,GROCERY I,1,263.8,3120,31.15
2017-08-14,44,SKU-803058,GROCERY I,0,146.3,807,31.15
2017-08-15,44,SKU-803058,GROCERY I,1,202.0,2455,31.15
2017-08-16,44,SKU-803058,GROCERY I,0,149.4,740,31.15
2017-08-01,44,SKU-481724,GROCERY I,1,62.9,45,19.57
2017-08-02,44,SKU-481724,GROCERY I,0,49.7,367,19.57
2017-08-03,44,SKU-481724,GROCERY I,0,50.1,540,19.57
2017-08-04,44,SKU-481724,GROCERY I,1,65.3,27,19.57
2017-08-05,44,SKU-481724,GROCERY I,0,62.9,665,19.57
2017-08-06,44,SKU-481724,GROCERY I,1,80.3,146,19.57
2017-08-07,44,SKU-481724,GROCERY I,0,47.1,353,19.57
2017-08-08,44,SKU-481724,GROCERY I,1,66.2,489,19.57
2017-08-09,44,SKU-481724,GROCERY I,0,46.5,532,19.57
2017-08-10,44,SKU-481724,GROCERY I,0,47.0,418,19.57
2017-08-11,44,SKU-481724,GROCERY I,0,46.5,181,19.57
2017-08-12,44,SKU-481724,GROCERY I,0,59.8,211,19.57
2017-08-13,44,SKU-481724,GROCERY I,0,61.2,575,19.57
2017-08-14,44,SKU-481724,GROCERY I,1,66.7,547,19.57
2017-08-15,44,SKU-481724,GROCERY I,1,66.5,162,19.57
2017-08-16,44,SKU-481724,GROCERY I,0,49.7,516,19.57
2017-08-01,44,SKU-926083,GROCERY I,0,274.3,2550,31.61
2017-08-02,44,SKU-926083,GROCERY I,1,383.4,4733,31.61
2017-08-03,44,SKU-926083,GROCERY I,0,277.8,3525,31.61
2017-08-04,44,SKU-926083,GROCERY I,1,396.8,4306,31.61
2017-08-05,44,SKU-926083,GROCERY I,0,355.4,4481,31.61
2017-08-06,44,SKU-926083,GROCERY I,0,345.6,2113,31.61
2017-08-07,44,SKU-926083,GROCERY I,0,269.1,2804,31.61
2017-08-08,44,SKU-926083,GROCERY I,0,277.8,3131,31.61
2017-08-09,44,SKU-926083,GROCERY I,0,290.0,1394,31.61
2017-08-10,44,SKU-926083,GROCERY I,1,367.6,206,31.61
2017-08-11,44,SKU-926083,GROCERY I,1,388.2,1268,31.61
2017-08-12,44,SKU-926083,GROCERY I,1,478.4,6370,31.61
2017-08-13,44,SKU-926083,GROCERY I,0,353.3,2227,31.61
2017-08-14,44,SKU-926083,GROCERY I,0,281.4,1788,31.61
2017-08-15,44,SKU-926083,GROCERY I,0,273.7,824,31.61
2017-08-16,44,SKU-926083,GROCERY I,1,382.4,4090,31.61
2017-08-01,44,SKU-267182,GROCERY I,0,257.8,49,40.71
2017-08-02,44,SKU-267182,GROCERY I,1,352.5,109,40.71
2017-08-03,44,SKU-267182,GROCERY I,0,263.4,677,40.71
2017-08-04,44,SKU-267182,GROCERY I,0,248.8,1246,40.71
2017-08-05,44,SKU-267182,GROCERY I,0,312.7,1297,40.71
2017-08-06,44,SKU-267182,GROCERY I,1,425.2,2667,40.71
2017-08-07,44,SKU-267182,GROCERY I,0,243.5,3376,40.71
2017-08-08,44,SKU-267182,GROCERY I,1,343.1,2293,40.71
2017-08-09,44,SKU-267182,GROCERY I,0,248.7,184,40.71
2017-08-10,44,SKU-267182,GROCERY I,0,265.4,685,40.71
2017-08-11,44,SKU-267182,GROCERY I,0,240.7,420,40.71
2017-08-12,44,SKU-267182,GROCERY I,0,313.2,3972,40.71
2017-08-13,44,SKU-267182,GROCERY I,0,310.4,2375,40.71
2017-08-14,44,SKU-267182,GROCERY I,1,325.3,2307,40.71
2017-08-15,44,SKU-267182,GROCERY I,1,328.2,4149,40.71
2017-08-16,44,SKU-267182,GROCERY I,0,244.8,2023,40.71
2017-08-01,44,SKU-160216,GROCERY I,0,232.4,1964,42.12
2017-08-02,44,SKU-160216,GROCERY I,0,237.1,20,42.12
2017-08-03,44,SKU-160216,GROCERY I,0,229.0,579,42.12
2017-08-04,44,SKU-160216,GROCERY I,1,312.5,2095,42.12
2017-08-05,44,SKU-160216,GROCERY I,1,387.1,3031,42.12
2017-08-06,44,SKU-160216,GROCERY I,0,284.3,561,42.12
2017-08-07,44,SKU-160216,GROCERY I,0,227.7,968,42.12
2017-08-08,44,SKU-160216,GROCERY I,0,221.5,2869,42.12
2017-08-09,44,SKU-160216,GROCERY I,0,236.5,1697,42.12
2017-08-10,44,SKU-160216,GROCERY I,0,223.6,3026,42.12
2017-08-11,44,SKU-160216,GROCERY I,0,230.2,3201,42.12
2017-08-12,44,SKU-160216,GROCERY I,1,390.5,5414,42.12
2017-08-13,44,SKU-160216,GROCERY I,1,377.7,2150,42.12
2017-08-14,44,SKU-160216,GROCERY I,0,224.6,2393,42.12
2017-08-15,44,SKU-160216,GROCERY I,0,217.6,2674,42.12
2017-08-16,44,SKU-160216,GROCERY I,0,239.5,3199,42.12
2017-08-01,44,SKU-533891,GROCERY I,0,267.6,3585,7.4
2017-08-02,44,SKU-533891,GROCERY I,0,258.5,2476,7.4
2017-08-03,44,SKU-533891,GROCERY I,0,273.8,1658,7.4
2017-08-04,44,SKU-533891,GROCERY I,1,349.6,4543,7.4
2017-08-05,44,SKU-533891,GROCERY I,0,338.0,4500,7.4
2017-08-06,44,SKU-533891,GROCERY I,0,335.2,491,7.4
2017-08-07,44,SKU-533891,GROCERY I,0,270.9,921,7.4
2017-08-08,44,SKU-533891,GROCERY I,1,358.2,1126,7.4
2017-08-09,44,SKU-533891,GROCERY I,0,258.9,462,7.4
2017-08-10,44,SKU-533891,GROCERY I,1,360.5,1848,7.4
2017-08-11,44,SKU-533891,GROCERY I,0,265.7,1583,7.4
2017-08-12,44,SKU-533891,GROCERY I,0,327.1,3991,7.4
2017-08-13,44,SKU-533891,GROCERY I,0,325.1,4380,7.4
2017-08-14,44,SKU-533891,GROCERY I,0,271.0,1428,7.4
2017-08-15,44,SKU-533891,GROCERY I,0,248.1,254,7.4
2017-08-16,44,SKU-533891,GROCERY I,0,248.4,1174,7.4
2017-08-01,44,SKU-432395,GROCERY I,0,53.1,118,11.16
2017-08-02,44,SKU-432395,GROCERY I,0,52.5,633,11.16
2017-08-03,44,SKU-432395,GROCERY I,1,71.4,656,11.16
2017-08-04,44,SKU-432395,GROCERY I,0,49.4,493,11.16
2017-08-05,44,SKU-432395,GROCERY I,1,89.7,30,11.16
2017-08-06,44,SKU-432395,GROCERY I,0,65.7,637,11.16
2017-08-07,44,SKU-432395,GROCERY I,1,69.8,226,11.16
2017-08-08,44,SKU-432395,GROCERY I,1,70.8,242,11.16
2017-08-09,44,SKU-432395,GROCERY I,0,53.6,667,11.16
2017-08-10,44,SKU-432395,GROCERY I,0,49.0,42,11.16
2017-08-11,44,SKU-432395,GROCERY I,0,52.1,430,11.16
2017-08-12,44,SKU-432395,GROCERY I,0,66.3,27,11.16
2017-08-13,44,SKU-432395,GROCERY I,0,64.0,147,11.16
2017-08-14,44,SKU-432395,GROCERY I,0,52.1,596,11.16
2017-08-15,44,SKU-432395,GROCERY I,1,71.6,670,11.16
2017-08-16,44,SKU-432395,GROCERY I,1,67.8,942,11.16
2017-08-01,44,SKU-358469,GROCERY I,1,394.6,403,22.84
2017-08-02,44,SKU-358469,GROCERY I,0,287.9,1051,22.84
2017-08-03,44,SKU-358469,GROCERY I,0,273.3,1525,22.84
2017-08-04,44,SKU-358469,GROCERY I,0,277.2,351,22.84
2017-08-05,44,SKU-358469,GROCERY I,1,478.2,6034,22.84
2017-08-06,44,SKU-358469,GROCERY I,1,503.0,3209,22.84
2017-08-07,44,SKU-358469,GROCERY I,1,369.3,499,22.84
2017-08-08,44,SKU-358469,GROCERY I,1,364.6,4963,22.84
2017-08-09,44,SKU-358469,GROCERY I,0,281.1,564,22.84
2017-08-10,44,SKU-358469,GROCERY I,1,385.0,3835,22.84
2017-08-11,44,SKU-358469,GROCERY I,0,271.1,1202,22.84
2017-08-12,44,SKU-358469,GROCERY I,0,340.4,55,22.84
2017-08-13,44,SKU-358469,GROCERY I,0,366.1,3202,22.84
2017-08-14,44,SKU-358469,GROCERY I,0,286.3,2598,22.84
2017-08-15,44,SKU-358469,GROCERY I,0,284.0,1476,22.84
2017-08-16,44,SKU-358469,GROCERY I,0,280.1,1360,22.84
2017-08-01,44,SKU-854719,GROCERY I,1,191.9,2121,20.15
2017-08-02,44,SKU-854719,GROCERY I,0,138.0,1070,20.15
2017-08-03,44,SKU-854719,GROCERY I,1,184.0,120,20.15
2017-08-04,44,SKU-854719,GROCERY I,0,144.4,812,20.15
2017-08-05,44,SKU-854719,GROCERY I,1,232.4,647,20.15
2017-08-06,44,SKU-854719,GROCERY I,0,182.1,1749,20.15
2017-08-07,44,SKU-854719,GROCERY I,0,148.7,716,20.15
2017-08-08,44,SKU-854719,GROCERY I,1,192.7,608,20.15
2017-08-09,44,SKU-854719,GROCERY I,1,198.3,1105,20.15
2017-08-10,44,SKU-854719,GROCERY I,0,138.9,1344,20.15
2017-08-11,44,SKU-854719,GROCERY I,0,147.3,456,20.15
2017-08-12,44,SKU-854719,GROCERY I,0,175.7,478,20.15
2017-08-13,44,SKU-854719,GROCERY I,0,174.5,1866,20.15
2017-08-14,44,SKU-854719,GROCERY I,0,145.3,1180,20.15
2017-08-15,44,SKU-854719,GROCERY I,1,201.8,2457,20.15
2017-08-16,44,SKU-854719,GROCERY I,1,190.0,2006,20.15
2017-08-01,44,SKU-669398,GROCERY I,1,37.6,330,3.92
2017-08-02,44,SKU-669398,GROCERY I,0,30.0,244,3.92
2017-08-03,44,SKU-669398,GROCERY I,0,30.3,104,3.92
2017-08-04,44,SKU-669398,GROCERY I,0,27.8,379,3.92
2017-08-05,44,SKU-669398,GROCERY I,1,47.0,466,3.92
2017-08-06,44,SKU-669398,GROCERY I,0,38.3,155,3.92
2017-08-07,44,SKU-669398,GROCERY I,1,39.6,16,3.92
2017-08-08,44,SKU-669398,GROCERY I,1,37.7,353,3.92
2017-08-09,44,SKU-669398,GROCERY I,1,39.6,62,3.92
2017-08-10,44,SKU-669398,GROCERY I,1,38.1,338,3.92
2017-08-11,44,SKU-669398,GROCERY I,1,40.8,348,3.92
2017-08-12,44,SKU-669398,GROCERY I,0,37.8,94,3.92
2017-08-13,44,SKU-669398,GROCERY I,0,38.1,311,3.92
2017-08-14,44,SKU-669398,GROCERY I,0,29.2,67,3.92
2017-08-15,44,SKU-669398,GROCERY I,0,27.9,305,3.92
2017-08-16,44,SKU-669398,GROCERY I,1,39.5,123,3.92
2017-08-01,44,SKU-948385,GROCERY I,0,188.8,1547,31.37
2017-08-02,44,SKU-948385,GROCERY I,0,183.4,1707,31.37
2017-08-03,44,SKU-948385,GROCERY I,0,184.0,1383,31.37
2017-08-04,44,SKU-948385,GROCERY I,1,244.6,2204,31.37
2017-08-05,44,SKU-948385,GROCERY I,0,228.6,490,31.37
2017-08-06,44,SKU-948385,GROCERY I,0,247.8,984,31.37
2017-08-07,44,SKU-948385,GROCERY I,0,188.7,626,31.37
2017-08-08,44,SKU-948385,GROCERY I,0,196.1,2287,31.37
2017-08-09,44,SKU-948385,GROCERY I,1,252.9,2811,31.37
2017-08-10,44,SKU-948385,GROCERY I,0,194.9,2588,31.37
2017-08-11,44,SKU-948385,GROCERY I,0,189.3,1720,31.37
2017-08-12,44,SKU-948385,GROCERY I,1,314.2,4276,31.37
2017-08-13,44,SKU-948385,GROCERY I,0,232.4,76,31.37
2017-08-14,44,SKU-948385,GROCERY I,1,246.2,494,31.37
2017-08-15,44,SKU-948385,GROCERY I,0,192.4,1853,31.37
2017-08-16,44,SKU-948385,GROCERY I,0,195.6,2668,31.37
2017-08-01,44,SKU-524558,GROCERY I,0,105.5,636,28.94
2017-08-02,44,SKU-524558,GROCERY I,1,151.9,45,28.94
2017-08-03,44,SKU-524558,GROCERY I,0,107.6,643,28.94
2017-08-04,44,SKU-524558,GROCERY I,0,107.5,581,28.94
2017-08-05,44,SKU-524558,GROCERY I,0,138.1,285,28.94
2017-08-06,44,SKU-524558,GROCERY I,0,137.3,1662,28.94
2017-08-07,44,SKU-524558,GROCERY I,1,144.7,317,28.94
2017-08-08,44,SKU-524558,GROCERY I,0,109.6,1430,28.94
2017-08-09,44,SKU-524558,GROCERY I,0,114.7,816,28.94
2017-08-10,44,SKU-524558,GROCERY I,1,152.3,1513,28.94
2017-08-11,44,SKU-524558,GROCERY I,0,114.4,414,28.94
2017-08-12,44,SKU-524558,GROCERY I,1,191.2,1179,28.94
2017-08-13,44,SKU-524558,GROCERY I,1,195.4,2114,28.94
2017-08-14,44,SKU-524558,GROCERY I,0,115.8,1207,28.94
2017-08-15,44,SKU-524558,GROCERY I,0,115.3,270,28.94
2017-08-16,44,SKU-524558,GROCERY I,0,111.3,97,28.94
2017-08-01,44,SKU-823738,GROCERY I,1,40.0,127,27.34
2017-08-02,44,SKU-823738,GROCERY I,0,30.0,305,27.34
2017-08-03,44,SKU-823738,GROCERY I,0,28.0,165,27.34
2017-08-04,44,SKU-823738,GROCERY I,0,30.0,342,27.34
2017-08-05,44,SKU-823738,GROCERY I,0,35.7,344,27.34
2017-08-06,44,SKU-823738,GROCERY I,1,52.2,638,27.34
2017-08-07,44,SKU-823738,GROCERY I,0,30.1,360,27.34
2017-08-08,44,SKU-823738,GROCERY I,0,28.7,383,27.34
2017-08-09,44,SKU-823738,GROCERY I,0,28.3,52,27.34
2017-08-10,44,SKU-823738,GROCERY I,0,29.2,47,27.34
2017-08-11,44,SKU-823738,GROCERY I,1,40.9,418,27.34
2017-08-12,44,SKU-823738,GROCERY I,0,37.8,15,27.34
2017-08-13,44,SKU-823738,GROCERY I,0,36.8,431,27.34
2017-08-14,44,SKU-823738,GROCERY I,0,28.0,144,27.34
2017-08-15,44,SKU-823738,GROCERY I,0,30.7,405,27.34
2017-08-16,44,SKU-823738,GROCERY I,0,28.5,73,27.34
2017-08-01,44,SKU-544861,GROCERY I,0,112.2,254,26.56
2017-08-02,44,SKU-544861,GROCERY I,1,146.3,1541,26.56
2017-08-03,44,SKU-544861,GROCERY I,1,145.9,1906,26.56
2017-08-04,44,SKU-544861,GROCERY I,0,113.5,1024,26.56
2017-08-05,44,SKU-544861,GROCERY I,0,136.5,1439,26.56
2017-08-06,44,SKU-544861,GROCERY I,0,136.1,1337,26.56
2017-08-07,44,SKU-544861,GROCERY I,1,152.0,201,26.56
2017-08-08,44,SKU-544861,GROCERY I,0,107.0,720,26.56
2017-08-09,44,SKU-544861,GROCERY I,1,143.7,543,26.56
2017-08-10,44,SKU-544861,GROCERY I,1,143.9,30,26.56
2017-08-11,44,SKU-544861,GROCERY I,0,115.3,1255,26.56
2017-08-12,44,SKU-544861,GROCERY I,1,188.4,2329,26.56
2017-08-13,44,SKU-544861,GROCERY I,0,138.9,662,26.56
2017-08-14,44,SKU-544861,GROCERY I,0,110.2,908,26.56
2017-08-15,44,SKU-544861,GROCERY I,0,110.0,1156,26.56
2017-08-16,44,SKU-544861,GROCERY I,1,148.0,676,26.56
2017-08-01,44,SKU-815887,GROCERY I,1,306.6,3434,37.14
2017-08-02,44,SKU-815887,GROCERY I,0,227.7,3022,37.14
2017-08-03,44,SKU-815887,GROCERY I,1,321.0,3933,37.14
2017-08-04,44,SKU-815887,GROCERY I,1,322.9,2774,37.14
2017-08-05,44,SKU-815887,GROCERY I,1,392.6,926,37.14
2017-08-06,44,SKU-815887,GROCERY I,1,397.1,759,37.14
2017-08-07,44,SKU-815887,GROCERY I,0,233.2,3151,37.14
2017-08-08,44,SKU-815887,GROCERY I,0,237.3,3219,37.14
2017-08-09,44,SKU-815887,GROCERY I,1,319.7,4054,37.14
2017-08-10,44,SKU-815887,GROCERY I,0,230.2,757,37.14
2017-08-11,44,SKU-815887,GROCERY I,0,236.6,2186,37.14
2017-08-12,44,SKU-815887,GROCERY I,0,284.5,224,37.14
2017-08-13,44,SKU-815887,GROCERY I,0,289.6,2568,37.14
2017-08-14,44,SKU-815887,GROCERY I,0,238.6,1017,37.14
2017-08-15,44,SKU-815887,GROCERY I,0,244.3,3413,37.14
2017-08-16,44,SKU-815887,GROCERY I,1,321.2,877,37.14
2017-08-01,44,SKU-312139,GROCERY I,0,89.1,194,34.05
2017-08-02,44,SKU-312139,GROCERY I,0,86.5,258,34.05
2017-08-03,44,SKU-312139,GROCERY I,1,113.7,1000,34.05
2017-08-04,44,SKU-312139,GROCERY I,0,86.9,1080,34.05
2017-08-05,44,SKU-312139,GROCERY I,0,117.3,285,34.05
2017-08-06,44,SKU-312139,GROCERY I,0,107.7,413,34.05
2017-08-07,44,SKU-312139,GROCERY I,0,91.7,371,34.05
2017-08-08,44,SKU-312139,GROCERY I,1,119.0,1081,34.05
2017-08-09,44,SKU-312139,GROCERY I,0,85.4,1040,34.05
2017-08-10,44,SKU-312139,GROCERY I,0,90.9,743,34.05
2017-08-11,44,SKU-312139,GROCERY I,1,122.1,488,34.05
2017-08-12,44,SKU-312139,GROCERY I,0,106.3,712,34.05
2017-08-13,44,SKU-312139,GROCERY I,0,111.0,179,34.05
2017-08-14,44,SKU-312139,GROCERY I,1,119.7,1531,34.05
2017-08-15,44,SKU-312139,GROCERY I,0,89.7,392,34.05
2017-08-16,44,SKU-312139,GROCERY I,0,91.8,1259,34.05
2017-08-01,44,SKU-761705,GROCERY I,0,50.7,609,24.5
2017-08-02,44,SKU-761705,GROCERY I,1,68.2,337,24.5
2017-08-03,44,SKU-761705,GROCERY I,1,64.2,661,24.5
2017-08-04,44,SKU-761705,GROCERY I,1,62.2,320,24.5
2017-08-05,44,SKU-761705,GROCERY I,0,64.2,118,24.5
2017-08-06,44,SKU-761705,GROCERY I,0,62.9,185,24.5
2017-08-07,44,SKU-761705,GROCERY I,0,48.9,118,24.5
2017-08-08,44,SKU-761705,GROCERY I,1,64.0,196,24.5
2017-08-09,44,SKU-761705,GROCERY I,0,48.0,619,24.5
2017-08-10,44,SKU-761705,GROCERY I,1,65.2,334,24.5
2017-08-11,44,SKU-761705,GROCERY I,0,47.3,365,24.5
2017-08-12,44,SKU-761705,GROCERY I,1,81.0,223,24.5
2017-08-13,44,SKU-761705,GROCERY I,0,58.5,577,24.5
2017-08-14,44,SKU-761705,GROCERY I,0,48.4,210,24.5
2017-08-15,44,SKU-761705,GROCERY I,1,62.7,764,24.5
2017-08-16,44,SKU-761705,GROCERY I,0,50.2,514,24.5
2017-08-01,44,SKU-816506,GROCERY I,1,120.9,380,6.93
2017-08-02,44,SKU-816506,GROCERY I,0,86.9,1124,6.93
2017-08-03,44,SKU-816506,GROCERY I,0,94.3,661,6.93
2017-08-04,44,SKU-816506,GROCERY I,1,119.5,301,6.93
2017-08-05,44,SKU-816506,GROCERY I,1,150.4,1573,6.93
2017-08-06,44,SKU-816506,GROCERY I,0,117.6,1495,6.93
2017-08-07,44,SKU-816506,GROCERY I,1,120.9,628,6.93
2017-08-08,44,SKU-816506,GROCERY I,1,127.0,89,6.93
2017-08-09,44,SKU-816506,GROCERY I,0,87.9,1223,6.93
2017-08-10,44,SKU-816506,GROCERY I,0,91.3,853,6.93
2017-08-11,44,SKU-816506,GROCERY I,1,126.9,444,6.93
2017-08-12,44,SKU-816506,GROCERY I,0,119.9,1237,6.93
2017-08-13,44,SKU-816506,GROCERY I,0,117.6,537,6.93
2017-08-14,44,SKU-816506,GROCERY I,1,119.3,720,6.93
2017-08-15,44,SKU-816506,GROCERY I,1,116.7,682,6.93
2017-08-16,44,SKU-816506,GROCERY I,0,88.1,1035,6.93
2017-08-01,44,SKU-999856,BEVERAGES,0,25.3,248,37.7
2017-08-02,44,SKU-999856,BEVERAGES,0,24.1,29,37.7
2017-08-03,44,SKU-999856,BEVERAGES,1,31.9,172,37.7
2017-08-04,44,SKU-999856,BEVERAGES,0,24.4,75,37.7
2017-08-05,44,SKU-999856,BEVERAGES,0,29.7,360,37.7
2017-08-06,44,SKU-999856,BEVERAGES,0,32.3,97,37.7
2017-08-07,44,SKU-999856,BEVERAGES,0,24.6,36,37.7
2017-08-08,44,SKU-999856,BEVERAGES,0,25.3,26,37.7
2017-08-09,44,SKU-999856,BEVERAGES,1,32.6,81,37.7
2017-08-10,44,SKU-999856,BEVERAGES,0,25.4,48,37.7
2017-08-11,44,SKU-999856,BEVERAGES,1,33.1,27,37.7
2017-08-12,44,SKU-999856,BEVERAGES,0,31.8,326,37.7
2017-08-13,44,SKU-999856,BEVERAGES,0,31.9,62,37.7
2017-08-14,44,SKU-999856,BEVERAGES,1,34.1,341,37.7
2017-08-15,44,SKU-999856,BEVERAGES,1,33.1,316,37.7
2017-08-16,44,SKU-999856,BEVERAGES,0,24.0,195,37.7
2017-08-01,44,SKU-706065,BEVERAGES,0,288.6,390,44.82
2017-08-02,44,SKU-706065,BEVERAGES,1,364.1,1537,44.82
2017-08-03,44,SKU-706065,BEVERAGES,1,365.7,3449,44.82
2017-08-04,44,SKU-706065,BEVERAGES,0,266.2,1271,44.82
2017-08-05,44,SKU-706065,BEVERAGES,0,341.7,1442,44.82
2017-08-06,44,SKU-706065,BEVERAGES,1,454.4,2848,44.82
2017-08-07,44,SKU-706065,BEVERAGES,1,370.7,2259,44.82
2017-08-08,44,SKU-706065,BEVERAGES,1,385.0,4150,44.82
2017-08-09,44,SKU-706065,BEVERAGES,1,358.5,4930,44.82
2017-08-10,44,SKU-706065,BEVERAGES,1,387.8,2470,44.82
2017-08-11,44,SKU-706065,BEVERAGES,1,364.1,4037,44.82
2017-08-12,44,SKU-706065,BEVERAGES,0,361.5,3113,44.82
2017-08-13,44,SKU-706065,BEVERAGES,0,364.4,2952,44.82
2017-08-14,44,SKU-706065,BEVERAGES,0,271.5,3314,44.82
2017-08-15,44,SKU-706065,BEVERAGES,0,275.3,2063,44.82
2017-08-16,44,SKU-706065,BEVERAGES,1,381.9,1918,44.82
2017-08-01,44,SKU-118788,BEVERAGES,0,37.7,172,37.94
2017-08-02,44,SKU-118788,BEVERAGES,0,37.3,478,37.94
2017-08-03,44,SKU-118788,BEVERAGES,0,37.9,422,37.94
2017-08-04,44,SKU-118788,BEVERAGES,0,36.0,32,37.94
2017-08-05,44,SKU-118788,BEVERAGES,0,46.1,70,37.94
2017-08-06,44,SKU-118788,BEVERAGES,0,47.8,386,37.94
2017-08-07,44,SKU-118788,BEVERAGES,0,35.4,412,37.94
2017-08-08,44,SKU-118788,BEVERAGES,1,49.5,633,37.94
2017-08-09,44,SKU-118788,BEVERAGES,1,50.5,521,37.94
2017-08-10,44,SKU-118788,BEVERAGES,0,35.7,42,37.94
2017-08-11,44,SKU-118788,BEVERAGES,0,35.3,436,37.94
2017-08-12,44,SKU-118788,BEVERAGES,0,48.4,408,37.94
2017-08-13,44,SKU-118788,BEVERAGES,0,46.2,149,37.94
2017-08-14,44,SKU-118788,BEVERAGES,1,51.1,28,37.94
2017-08-15,44,SKU-118788,BEVERAGES,1,50.5,67,37.94
2017-08-16,44,SKU-118788,BEVERAGES,0,37.1,121,37.94
2017-08-01,44,SKU-726701,BEVERAGES,0,250.1,2760,30.54
2017-08-02,44,SKU-726701,BEVERAGES,0,261.1,1318,30.54
2017-08-03,44,SKU-726701,BEVERAGES,0,249.1,3440,30.54
2017-08-04,44,SKU-726701,BEVERAGES,1,358.6,935,30.54
2017-08-05,44,SKU-726701,BEVERAGES,1,435.9,4322,30.54
2017-08-06,44,SKU-726701,BEVERAGES,0,328.6,4206,30.54
2017-08-07,44,SKU-726701,BEVERAGES,0,247.9,371,30.54
2017-08-08,44,SKU-726701,BEVERAGES,0,255.6,2981,30.54
2017-08-09,44,SKU-726701,BEVERAGES,0,257.8,1736,30.54
2017-08-10,44,SKU-726701,BEVERAGES,0,255.0,607,30.54
2017-08-11,44,SKU-726701,BEVERAGES,0,244.9,2508,30.54
2017-08-12,44,SKU-726701,BEVERAGES,0,337.8,3897,30.54
2017-08-13,44,SKU-726701,BEVERAGES,0,319.4,1166,30.54
2017-08-14,44,SKU-726701,BEVERAGES,1,339.8,3595,30.54
2017-08-15,44,SKU-726701,BEVERAGES,0,245.4,1260,30.54
2017-08-16,44,SKU-726701,BEVERAGES,0,257.3,192,30.54
2017-08-01,44,SKU-717827,BEVERAGES,0,219.5,2659,40.7
2017-08-02,44,SKU-717827,BEVERAGES,1,294.2,3484,40.7
2017-08-03,44,SKU-717827,BEVERAGES,0,226.5,663,40.7
2017-08-04,44,SKU-717827,BEVERAGES,0,220.1,1391,40.7
2017-08-05,44,SKU-717827,BEVERAGES,0,279.5,1303,40.7
2017-08-06,44,SKU-717827,BEVERAGES,0,285.7,1605,40.7
2017-08-07,44,SKU-717827,BEVERAGES,0,223.5,2847,40.7
2017-08-08,44,SKU-717827,BEVERAGES,1,283.9,3334,40.7
2017-08-09,44,SKU-717827,BEVERAGES,1,296.6,4026,40.7
2017-08-10,44,SKU-717827,BEVERAGES,0,219.4,1024,40.7
2017-08-11,44,SKU-717827,BEVERAGES,0,214.3,323,40.7
2017-08-12,44,SKU-717827,BEVERAGES,0,272.5,1515,40.7
2017-08-13,44,SKU-717827,BEVERAGES,0,272.5,3754,40.7
2017-08-14,44,SKU-717827,BEVERAGES,0,219.0,325,40.7
2017-08-15,44,SKU-717827,BEVERAGES,0,210.3,1651,40.7
2017-08-16,44,SKU-717827,BEVERAGES,1,288.3,1491,40.7
2017-08-01,44,SKU-162976,BEVERAGES,0,74.4,570,41.73
2017-08-02,44,SKU-162976,BEVERAGES,1,105.2,74,41.73
2017-08-03,44,SKU-162976,BEVERAGES,0,75.8,509,41.73
2017-08-04,44,SKU-162976,BEVERAGES,0,73.5,1010,41.73
2017-08-05,44,SKU-162976,BEVERAGES,0,94.5,798,41.73
2017-08-06,44,SKU-162976,BEVERAGES,0,97.0,48,41.73
2017-08-07,44,SKU-162976,BEVERAGES,0,77.7,880,41.73
2017-08-08,44,SKU-162976,BEVERAGES,0,76.1,567,41.73
2017-08-09,44,SKU-162976,BEVERAGES,0,73.7,728,41.73
2017-08-10,44,SKU-162976,BEVERAGES,0,78.9,588,41.73
2017-08-11,44,SKU-162976,BEVERAGES,1,100.2,1134,41.73
2017-08-12,44,SKU-162976,BEVERAGES,0,98.3,538,41.73
2017-08-13,44,SKU-162976,BEVERAGES,0,92.6,33,41.73
2017-08-14,44,SKU-162976,BEVERAGES,0,76.5,670,41.73
2017-08-15,44,SKU-162976,BEVERAGES,0,73.8,859,41.73
2017-08-16,44,SKU-162976,BEVERAGES,1,100.7,902,41.73
2017-08-01,44,SKU-207412,BEVERAGES,0,23.8,13,15.16
2017-08-02,44,SKU-207412,BEVERAGES,0,24.1,20,15.16
2017-08-03,44,SKU-207412,BEVERAGES,0,24.6,42,15.16
2017-08-04,44,SKU-207412,BEVERAGES,0,25.7,340,15.16
2017-08-05,44,SKU-207412,BEVERAGES,0,31.8,163,15.16
2017-08-06,44,SKU-207412,BEVERAGES,0,30.3,143,15.16
2017-08-07,44,SKU-207412,BEVERAGES,0,24.9,263,15.16
2017-08-08,44,SKU-207412,BEVERAGES,0,24.0,110,15.16
2017-08-09,44,SKU-207412,BEVERAGES,0,25.7,282,15.16
2017-08-10,44,SKU-207412,BEVERAGES,1,33.7,197,15.16
2017-08-11,44,SKU-207412,BEVERAGES,0,24.4,148,15.16
2017-08-12,44,SKU-207412,BEVERAGES,1,41.6,179,15.16
2017-08-13,44,SKU-207412,BEVERAGES,1,43.2,260,15.16
2017-08-14,44,SKU-207412,BEVERAGES,0,23.4,178,15.16
2017-08-15,44,SKU-207412,BEVERAGES,0,23.3,203,15.16
2017-08-16,44,SKU-207412,BEVERAGES,0,25.1,315,15.16
2017-08-01,44,SKU-776915,BEVERAGES,0,93.8,797,9.37
2017-08-02,44,SKU-776915,BEVERAGES,1,125.4,1612,9.37
2017-08-03,44,SKU-776915,BEVERAGES,0,95.7,495,9.37
2017-08-04,44,SKU-776915,BEVERAGES,0,94.1,923,9.37
2017-08-05,44,SKU-776915,BEVERAGES,1,169.7,817,9.37
2017-08-06,44,SKU-776915,BEVERAGES,1,166.7,2236,9.37
2017-08-07,44,SKU-776915,BEVERAGES,0,101.2,1051,9.37
2017-08-08,44,SKU-776915,BEVERAGES,1,124.0,868,9.37
2017-08-09,44,SKU-776915,BEVERAGES,0,92.0,408,9.37
2017-08-10,44,SKU-776915,BEVERAGES,1,129.2,345,9.37
2017-08-11,44,SKU-776915,BEVERAGES,0,91.9,668,9.37
2017-08-12,44,SKU-776915,BEVERAGES,0,120.1,1284,9.37
2017-08-13,44,SKU-776915,BEVERAGES,0,126.4,1691,9.37
2017-08-14,44,SKU-776915,BEVERAGES,0,99.7,711,9.37
2017-08-15,44,SKU-776915,BEVERAGES,0,93.9,593,9.37
2017-08-16,44,SKU-776915,BEVERAGES,1,126.4,325,9.37
2017-08-01,44,SKU-946479,BEVERAGES,0,110.4,1265,36.15
2017-08-02,44,SKU-946479,BEVERAGES,0,115.5,715,36.15
2017-08-03,44,SKU-946479,BEVERAGES,1,159.4,1676,36.15
2017-08-04,44,SKU-946479,BEVERAGES,0,109.3,1235,36.15
2017-08-05,44,SKU-946479,BEVERAGES,0,136.9,1380,36.15
2017-08-06,44,SKU-946479,BEVERAGES,0,136.6,1727,36.15
2017-08-07,44,SKU-946479,BEVERAGES,0,110.7,1113,36.15
2017-08-08,44,SKU-946479,BEVERAGES,1,145.2,1401,36.15
2017-08-09,44,SKU-946479,BEVERAGES,1,148.4,1022,36.15
2017-08-10,44,SKU-946479,BEVERAGES,0,116.0,1377,36.15
2017-08-11,44,SKU-946479,BEVERAGES,0,116.8,1263,36.15
2017-08-12,44,SKU-946479,BEVERAGES,0,145.7,10,36.15
2017-08-13,44,SKU-946479,BEVERAGES,1,194.0,1688,36.15
2017-08-14,44,SKU-946479,BEVERAGES,0,113.9,1367,36.15
2017-08-15,44,SKU-946479,BEVERAGES,0,117.8,964,36.15
2017-08-16,44,SKU-946479,BEVERAGES,0,117.9,1128,36.15
2017-08-01,44,SKU-186967,BEVERAGES,0,69.2,414,25.3
2017-08-02,44,SKU-186967,BEVERAGES,1,85.8,1069,25.3
2017-08-03,44,SKU-186967,BEVERAGES,0,67.0,142,25.3
2017-08-04,44,SKU-186967,BEVERAGES,0,67.4,119,25.3
2017-08-05,44,SKU-186967,BEVERAGES,0,80.9,119,25.3
2017-08-06,44,SKU-186967,BEVERAGES,0,82.9,316,25.3
2017-08-07,44,SKU-186967,BEVERAGES,0,68.4,888,25.3
2017-08-08,44,SKU-186967,BEVERAGES,0,66.6,247,25.3
2017-08-09,44,SKU-186967,BEVERAGES,0,67.8,472,25.3
2017-08-10,44,SKU-186967,BEVERAGES,0,66.7,884,25.3
2017-08-11,44,SKU-186967,BEVERAGES,1,91.7,361,25.3
2017-08-12,44,SKU-186967,BEVERAGES,0,86.3,227,25.3
2017-08-13,44,SKU-186967,BEVERAGES,0,83.0,549,25.3
2017-08-14,44,SKU-186967,BEVERAGES,0,68.8,93,25.3
2017-08-15,44,SKU-186967,BEVERAGES,1,92.2,1217,25.3
2017-08-16,44,SKU-186967,BEVERAGES,0,66.1,889,25.3
2017-08-01,44,SKU-955140,BEVERAGES,1,316.4,175,44.16
2017-08-02,44,SKU-955140,BEVERAGES,0,234.2,2615,44.16
2017-08-03,44,SKU-955140,BEVERAGES,0,243.4,933,44.16
2017-08-04,44,SKU-955140,BEVERAGES,1,311.6,2125,44.16
2017-08-05,44,SKU-955140,BEVERAGES,1,388.7,535,44.16
2017-08-06,44,SKU-955140,BEVERAGES,0,294.8,3292,44.16
2017-08-07,44,SKU-955140,BEVERAGES,1,300.2,2490,44.16
2017-08-08,44,SKU-955140,BEVERAGES,0,244.0,3220,44.16
2017-08-09,44,SKU-955140,BEVERAGES,1,314.8,720,44.16
2017-08-10,44,SKU-955140,BEVERAGES,0,234.7,2385,44.16
2017-08-11,44,SKU-955140,BEVERAGES,0,237.7,1433,44.16
2017-08-12,44,SKU-955140,BEVERAGES,1,382.7,879,44.16
2017-08-13,44,SKU-955140,BEVERAGES,0,305.4,334,44.16
2017-08-14,44,SKU-955140,BEVERAGES,1,305.8,2010,44.16
2017-08-15,44,SKU-955140,BEVERAGES,1,316.8,939,44.16
2017-08-16,44,SKU-955140,BEVERAGES,0,242.5,1455,44.16
2017-08-01,44,SKU-406732,BEVERAGES,0,248.7,593,21.73
2017-08-02,44,SKU-406732,BEVERAGES,1,347.3,3514,21.73
2017-08-03,44,SKU-406732,BEVERAGES,0,262.1,3382,21.73
2017-08-04,44,SKU-406732,BEVERAGES,0,260.4,3428,21.73
2017-08-05,44,SKU-406732,BEVERAGES,1,421.3,2240,21.73
2017-08-06,44,SKU-406732,BEVERAGES,0,338.2,2947,21.73
2017-08-07,44,SKU-406732,BEVERAGES,1,332.1,1972,21.73
2017-08-08,44,SKU-406732,BEVERAGES,0,254.5,585,21.73
2017-08-09,44,SKU-406732,BEVERAGES,0,266.6,608,21.73
2017-08-10,44,SKU-406732,BEVERAGES,0,269.3,3765,21.73
2017-08-11,44,SKU-406732,BEVERAGES,0,269.6,993,21.73
2017-08-12,44,SKU-406732,BEVERAGES,0,338.7,3730,21.73
2017-08-13,44,SKU-406732,BEVERAGES,1,453.9,1501,21.73
2017-08-14,44,SKU-406732,BEVERAGES,0,255.4,1649,21.73
2017-08-15,44,SKU-406732,BEVERAGES,0,253.6,3046,21.73
2017-08-16,44,SKU-406732,BEVERAGES,1,352.7,2465,21.73
2017-08-01,44,SKU-929801,BEVERAGES,0,124.5,1616,41.97
2017-08-02,44,SKU-929801,BEVERAGES,1,169.6,760,41.97
2017-08-03,44,SKU-929801,BEVERAGES,1,168.2,1973,41.97
2017-08-04,44,SKU-929801,BEVERAGES,0,126.3,1378,41.97
2017-08-05,44,SKU-929801,BEVERAGES,1,197.4,650,41.97
2017-08-06,44,SKU-929801,BEVERAGES,1,206.1,1154,41.97
2017-08-07,44,SKU-929801,BEVERAGES,1,156.4,918,41.97
2017-08-08,44,SKU-929801,BEVERAGES,0,119.0,519,41.97
2017-08-09,44,SKU-929801,BEVERAGES,0,116.9,1051,41.97
2017-08-10,44,SKU-929801,BEVERAGES,1,163.3,688,41.97
2017-08-11,44,SKU-929801,BEVERAGES,0,124.8,1697,41.97
2017-08-12,44,SKU-929801,BEVERAGES,0,149.4,1262,41.97
2017-08-13,44,SKU-929801,BEVERAGES,1,205.1,1812,41.97
2017-08-14,44,SKU-929801,BEVERAGES,1,170.6,402,41.97
2017-08-15,44,SKU-929801,BEVERAGES,1,161.4,1636,41.97
2017-08-16,44,SKU-929801,BEVERAGES,0,120.7,1182,41.97
2017-08-01,44,SKU-108157,BEVERAGES,0,184.4,801,9.03
2017-08-02,44,SKU-108157,BEVERAGES,0,186.2,2380,9.03
2017-08-03,44,SKU-108157,BEVERAGES,0,187.2,2115,9.03
2017-08-04,44,SKU-108157,BEVERAGES,0,181.2,1263,9.03
2017-08-05,44,SKU-108157,BEVERAGES,1,318.1,737,9.03
2017-08-06,44,SKU-108157,BEVERAGES,1,313.2,3458,9.03
2017-08-07,44,SKU-108157,BEVERAGES,1,248.4,2941,9.03
2017-08-08,44,SKU-108157,BEVERAGES,1,262.4,930,9.03
2017-08-09,44,SKU-108157,BEVERAGES,1,241.3,2683,9.03
2017-08-10,44,SKU-108157,BEVERAGES,0,180.8,210,9.03
2017-08-11,44,SKU-108157,BEVERAGES,0,184.8,602,9.03
2017-08-12,44,SKU-108157,BEVERAGES,0,233.6,1347,9.03
2017-08-13,44,SKU-108157,BEVERAGES,0,244.7,2097,9.03
2017-08-14,44,SKU-108157,BEVERAGES,0,187.2,2000,9.03
2017-08-15,44,SKU-108157,BEVERAGES,0,185.4,1176,9.03
2017-08-16,44,SKU-108157,BEVERAGES,1,251.6,2643,9.03
2017-08-01,44,SKU-820143,BEVERAGES,1,148.4,1962,7.49
2017-08-02,44,SKU-820143,BEVERAGES,0,108.5,1106,7.49
2017-08-03,44,SKU-820143,BEVERAGES,1,139.5,1452,7.49
2017-08-04,44,SKU-820143,BEVERAGES,0,107.3,533,7.49
2017-08-05,44,SKU-820143,BEVERAGES,1,187.2,962,7.49
2017-08-06,44,SKU-820143,BEVERAGES,0,128.7,757,7.49
2017-08-07,44,SKU-820143,BEVERAGES,0,102.6,1285,7.49
2017-08-08,44,SKU-820143,BEVERAGES,0,107.4,1339,7.49
2017-08-09,44,SKU-820143,BEVERAGES,1,147.2,371,7.49
2017-08-10,44,SKU-820143,BEVERAGES,1,139.8,1806,7.49
2017-08-11,44,SKU-820143,BEVERAGES,1,147.1,184,7.49
2017-08-12,44,SKU-820143,BEVERAGES,0,138.1,1667,7.49
2017-08-13,44,SKU-820143,BEVERAGES,0,139.7,94,7.49
2017-08-14,44,SKU-820143,BEVERAGES,0,108.0,171,7.49
2017-08-15,44,SKU-820143,BEVERAGES,0,108.9,592,7.49
2017-08-16,44,SKU-820143,BEVERAGES,0,108.7,1293,7.49
2017-08-01,44,SKU-288955,BEVERAGES,1,89.4,818,2.16
2017-08-02,44,SKU-288955,BEVERAGES,1,88.3,162,2.16
2017-08-03,44,SKU-288955,BEVERAGES,1,89.3,773,2.16
2017-08-04,44,SKU-288955,BEVERAGES,1,92.8,747,2.16
2017-08-05,44,SKU-288955,BEVERAGES,0,87.3,835,2.16
2017-08-06,44,SKU-288955,BEVERAGES,0,83.7,493,2.16
2017-08-07,44,SKU-288955,BEVERAGES,1,88.8,1025,2.16
2017-08-08,44,SKU-288955,BEVERAGES,1,91.8,930,2.16
2017-08-09,44,SKU-288955,BEVERAGES,1,87.9,149,2.16
2017-08-10,44,SKU-288955,BEVERAGES,1,88.9,167,2.16
2017-08-11,44,SKU-288955,BEVERAGES,0,63.6,671,2.16
2017-08-12,44,SKU-288955,BEVERAGES,1,109.0,1293,2.16
2017-08-13,44,SKU-288955,BEVERAGES,0,85.6,590,2.16
2017-08-14,44,SKU-288955,BEVERAGES,1,87.9,433,2.16
2017-08-15,44,SKU-288955,BEVERAGES,1,84.8,1157,2.16
2017-08-16,44,SKU-288955,BEVERAGES,0,65.4,578,2.16
2017-08-01,44,SKU-883175,BEVERAGES,0,273.9,1680,28.57
2017-08-02,44,SKU-883175,BEVERAGES,1,365.6,1702,28.57
2017-08-03,44,SKU-883175,BEVERAGES,0,270.2,2714,28.57
2017-08-04,44,SKU-883175,BEVERAGES,0,264.6,433,28.57
2017-08-05,44,SKU-883175,BEVERAGES,0,357.4,4169,28.57
2017-08-06,44,SKU-883175,BEVERAGES,0,342.9,2042,28.57
2017-08-07,44,SKU-883175,BEVERAGES,1,372.9,1415,28.57
2017-08-08,44,SKU-883175,BEVERAGES,0,274.4,2577,28.57
2017-08-09,44,SKU-883175,BEVERAGES,0,273.1,2475,28.57
2017-08-10,44,SKU-883175,BEVERAGES,0,278.7,1400,28.57
2017-08-11,44,SKU-883175,BEVERAGES,1,356.5,4582,28.57
2017-08-12,44,SKU-883175,BEVERAGES,0,337.0,3967,28.57
2017-08-13,44,SKU-883175,BEVERAGES,1,451.8,5748,28.57
2017-08-14,44,SKU-883175,BEVERAGES,0,279.5,277,28.57
2017-08-15,44,SKU-883175,BEVERAGES,0,274.8,2311,28.57
2017-08-16,44,SKU-883175,BEVERAGES,0,275.1,3696,28.57
2017-08-01,44,SKU-994736,BEVERAGES,0,223.5,303,30.84
2017-08-02,44,SKU-994736,BEVERAGES,1,299.8,178,30.84
2017-08-03,44,SKU-994736,BEVERAGES,1,298.2,3627,30.84
2017-08-04,44,SKU-994736,BEVERAGES,1,308.0,274,30.84
2017-08-05,44,SKU-994736,BEVERAGES,0,289.8,3648,30.84
2017-08-06,44,SKU-994736,BEVERAGES,0,277.7,689,30.84
2017-08-07,44,SKU-994736,BEVERAGES,1,290.0,783,30.84
2017-08-08,44,SKU-994736,BEVERAGES,0,215.5,2832,30.84
2017-08-09,44,SKU-994736,BEVERAGES,0,210.2,1490,30.84
2017-08-10,44,SKU-994736,BEVERAGES,0,213.7,1484,30.84
2017-08-11,44,SKU-994736,BEVERAGES,0,229.8,39,30.84
2017-08-12,44,SKU-994736,BEVERAGES,1,381.8,820,30.84
2017-08-13,44,SKU-994736,BEVERAGES,0,280.4,929,30.84
2017-08-14,44,SKU-994736,BEVERAGES,0,215.5,1965,30.84
2017-08-15,44,SKU-994736,BEVERAGES,0,211.8,1565,30.84
2017-08-16,44,SKU-994736,BEVERAGES,1,286.0,3563,30.84
2017-08-01,44,SKU-880166,BEVERAGES,0,180.1,719,20.93
2017-08-02,44,SKU-880166,BEVERAGES,0,173.1,527,20.93
2017-08-03,44,SKU-880166,BEVERAGES,0,182.8,1473,20.93
2017-08-04,44,SKU-880166,BEVERAGES,0,177.4,2040,20.93
2017-08-05,44,SKU-880166,BEVERAGES,1,301.9,2017,20.93
2017-08-06,44,SKU-880166,BEVERAGES,0,217.1,1023,20.93
2017-08-07,44,SKU-880166,BEVERAGES,0,177.7,1466,20.93
2017-08-08,44,SKU-880166,BEVERAGES,0,182.5,1098,20.93
2017-08-09,44,SKU-880166,BEVERAGES,0,177.8,1531,20.93
2017-08-10,44,SKU-880166,BEVERAGES,0,179.5,285,20.93
2017-08-11,44,SKU-880166,BEVERAGES,0,170.3,1471,20.93
2017-08-12,44,SKU-880166,BEVERAGES,0,226.1,727,20.93
2017-08-13,44,SKU-880166,BEVERAGES,1,307.9,1568,20.93
2017-08-14,44,SKU-880166,BEVERAGES,0,177.8,234,20.93
2017-08-15,44,SKU-880166,BEVERAGES,0,167.9,1326,20.93
2017-08-16,44,SKU-880166,BEVERAGES,0,170.4,1546,20.93
2017-08-01,44,SKU-759429,BEVERAGES,0,69.5,53,41.95
2017-08-02,44,SKU-759429,BEVERAGES,0,68.9,926,41.95
2017-08-03,44,SKU-759429,BEVERAGES,0,74.2,883,41.95
2017-08-04,44,SKU-759429,BEVERAGES,0,72.0,820,41.95
2017-08-05,44,SKU-759429,BEVERAGES,0,85.6,569,41.95
2017-08-06,44,SKU-759429,BEVERAGES,0,91.4,874,41.95
2017-08-07,44,SKU-759429,BEVERAGES,1,96.9,1087,41.95
2017-08-08,44,SKU-759429,BEVERAGES,0,69.7,895,41.95
2017-08-09,44,SKU-759429,BEVERAGES,1,97.1,352,41.95
2017-08-10,44,SKU-759429,BEVERAGES,0,73.6,245,41.95
2017-08-11,44,SKU-759429,BEVERAGES,1,94.6,166,41.95
2017-08-12,44,SKU-759429,BEVERAGES,1,116.8,421,41.95
2017-08-13,44,SKU-759429,BEVERAGES,1,123.7,447,41.95
2017-08-14,44,SKU-759429,BEVERAGES,1,92.9,1292,41.95
2017-08-15,44,SKU-759429,BEVERAGES,1,94.6,181,41.95
2017-08-16,44,SKU-759429,BEVERAGES,0,68.7,601,41.95
2017-08-01,44,SKU-811658,PRODUCE,1,332.7,3599,16.62
2017-08-02,44,SKU-811658,PRODUCE,0,243.5,938,16.62
2017-08-03,44,SKU-811658,PRODUCE,0,259.8,274,16.62
2017-08-04,44,SKU-811658,PRODUCE,0,258.9,2373,16.62
2017-08-05,44,SKU-811658,PRODUCE,1,418.3,3442,16.62
2017-08-06,44,SKU-811658,PRODUCE,1,437.0,3744,16.62
2017-08-07,44,SKU-811658,PRODUCE,1,336.5,3302,16.62
2017-08-08,44,SKU-811658,PRODUCE,1,325.4,3965,16.62
2017-08-09,44,SKU-811658,PRODUCE,0,252.3,3012,16.62
2017-08-10,44,SKU-811658,PRODUCE,1,355.6,4682,16.62
2017-08-11,44,SKU-811658,PRODUCE,0,257.4,1413,16.62
2017-08-12,44,SKU-811658,PRODUCE,0,318.0,3310,16.62
2017-08-13,44,SKU-811658,PRODUCE,0,330.2,3447,16.62
2017-08-14,44,SKU-811658,PRODUCE,0,256.8,1575,16.62
2017-08-15,44,SKU-811658,PRODUCE,0,261.5,2009,16.62
2017-08-16,44,SKU-811658,PRODUCE,1,349.5,2709,16.62
2017-08-01,44,SKU-716084,PRODUCE,0,240.3,2669,22.65
2017-08-02,44,SKU-716084,PRODUCE,0,250.3,1320,22.65
2017-08-03,44,SKU-716084,PRODUCE,0,238.3,3163,22.65
2017-08-04,44,SKU-716084,PRODUCE,1,341.9,4478,22.65
2017-08-05,44,SKU-716084,PRODUCE,0,301.8,3214,22.65
2017-08-06,44,SKU-716084,PRODUCE,0,308.2,1191,22.65
2017-08-07,44,SKU-716084,PRODUCE,0,249.9,395,22.65
2017-08-08,44,SKU-716084,PRODUCE,0,250.0,2730,22.65
2017-08-09,44,SKU-716084,PRODUCE,0,237.7,1439,22.65
2017-08-10,44,SKU-716084,PRODUCE,1,337.6,528,22.65
2017-08-11,44,SKU-716084,PRODUCE,1,322.2,1001,22.65
2017-08-12,44,SKU-716084,PRODUCE,0,304.7,4197,22.65
2017-08-13,44,SKU-716084,PRODUCE,0,304.1,1635,22.65
2017-08-14,44,SKU-716084,PRODUCE,0,233.6,278,22.65
2017-08-15,44,SKU-716084,PRODUCE,0,246.8,2655,22.65
2017-08-16,44,SKU-716084,PRODUCE,0,247.1,1380,22.65
2017-08-01,44,SKU-482384,PRODUCE,0,246.4,1236,8.15
2017-08-02,44,SKU-482384,PRODUCE,1,331.8,450,8.15
2017-08-03,44,SKU-482384,PRODUCE,0,252.4,2271,8.15
2017-08-04,44,SKU-482384,PRODUCE,0,257.1,229,8.15
2017-08-05,44,SKU-482384,PRODUCE,1,443.9,6124,8.15
2017-08-06,44,SKU-482384,PRODUCE,1,424.1,2376,8.15
2017-08-07,44,SKU-482384,PRODUCE,1,328.2,1449,8.15
2017-08-08,44,SKU-482384,PRODUCE,0,251.2,1945,8.15
2017-08-09,44,SKU-482384,PRODUCE,0,240.4,2423,8.15
2017-08-10,44,SKU-482384,PRODUCE,0,264.3,827,8.15
2017-08-11,44,SKU-482384,PRODUCE,0,250.7,218,8.15
2017-08-12,44,SKU-482384,PRODUCE,0,319.3,3822,8.15
2017-08-13,44,SKU-482384,PRODUCE,1,412.2,1214,8.15
2017-08-14,44,SKU-482384,PRODUCE,0,242.6,1557,8.15
2017-08-15,44,SKU-482384,PRODUCE,1,341.1,3545,8.15
2017-08-16,44,SKU-482384,PRODUCE,0,261.1,796,8.15
2017-08-01,44,SKU-805041,PRODUCE,1,81.2,840,41.29
2017-08-02,44,SKU-805041,PRODUCE,1,85.4,64,41.29
2017-08-03,44,SKU-805041,PRODUCE,0,64.9,253,41.29
2017-08-04,44,SKU-805041,PRODUCE,0,62.3,504,41.29
2017-08-05,44,SKU-805041,PRODUCE,0,78.3,939,41.29
2017-08-06,44,SKU-805041,PRODUCE,1,106.2,651,41.29
2017-08-07,44,SKU-805041,PRODUCE,0,65.2,627,41.29
2017-08-08,44,SKU-805041,PRODUCE,0,66.1,718,41.29
2017-08-09,44,SKU-805041,PRODUCE,0,63.6,370,41.29
2017-08-10,44,SKU-805041,PRODUCE,1,81.5,474,41.29
2017-08-11,44,SKU-805041,PRODUCE,0,61.0,329,41.29
2017-08-12,44,SKU-805041,PRODUCE,0,78.8,644,41.29
2017-08-13,44,SKU-805041,PRODUCE,0,80.6,602,41.29
2017-08-14,44,SKU-805041,PRODUCE,0,61.5,690,41.29
2017-08-15,44,SKU-805041,PRODUCE,0,64.5,518,41.29
2017-08-16,44,SKU-805041,PRODUCE,0,65.1,67,41.29
2017-08-01,44,SKU-352617,PRODUCE,0,91.2,742,5.63
2017-08-02,44,SKU-352617,PRODUCE,0,88.9,882,5.63
2017-08-03,44,SKU-352617,PRODUCE,1,120.1,152,5.63
2017-08-04,44,SKU-352617,PRODUCE,0,87.1,575,5.63
2017-08-05,44,SKU-352617,PRODUCE,0,113.7,359,5.63
2017-08-06,44,SKU-352617,PRODUCE,1,146.8,1144,5.63
2017-08-07,44,SKU-352617,PRODUCE,0,85.9,1046,5.63
2017-08-08,44,SKU-352617,PRODUCE,0,86.8,810,5.63
2017-08-09,44,SKU-352617,PRODUCE,0,90.1,534,5.63
2017-08-10,44,SKU-352617,PRODUCE,1,118.9,669,5.63
2017-08-11,44,SKU-352617,PRODUCE,0,92.8,1191,5.63
2017-08-12,44,SKU-352617,PRODUCE,1,158.7,2192,5.63
2017-08-13,44,SKU-352617,PRODUCE,0,117.0,1610,5.63
2017-08-14,44,SKU-352617,PRODUCE,0,91.6,950,5.63
2017-08-15,44,SKU-352617,PRODUCE,1,126.7,1495,5.63
2017-08-16,44,SKU-352617,PRODUCE,1,122.5,21,5.63
2017-08-01,44,SKU-392383,PRODUCE,1,134.3,213,28.69
2017-08-02,44,SKU-392383,PRODUCE,0,96.2,1047,28.69
2017-08-03,44,SKU-392383,PRODUCE,0,98.2,1281,28.69
2017-08-04,44,SKU-392383,PRODUCE,0,93.8,1206,28.69
2017-08-05,44,SKU-392383,PRODUCE,0,120.5,602,28.69
2017-08-06,44,SKU-392383,PRODUCE,0,123.7,756,28.69
2017-08-07,44,SKU-392383,PRODUCE,0,98.6,288,28.69
2017-08-08,44,SKU-392383,PRODUCE,0,98.1,1191,28.69
2017-08-09,44,SKU-392383,PRODUCE,0,93.3,878,28.69
2017-08-10,44,SKU-392383,PRODUCE,0,95.7,137,28.69
2017-08-11,44,SKU-392383,PRODUCE,0,98.9,631,28.69
2017-08-12,44,SKU-392383,PRODUCE,1,165.4,1436,28.69
2017-08-13,44,SKU-392383,PRODUCE,1,158.6,1210,28.69
2017-08-14,44,SKU-392383,PRODUCE,0,94.9,205,28.69
2017-08-15,44,SKU-392383,PRODUCE,0,100.4,862,28.69
2017-08-16,44,SKU-392383,PRODUCE,1,129.2,1085,28.69
2017-08-01,44,SKU-581436,PRODUCE,0,159.4,1329,40.95
2017-08-02,44,SKU-581436,PRODUCE,1,203.8,2687,40.95
2017-08-03,44,SKU-581436,PRODUCE,0,161.8,566,40.95
2017-08-04,44,SKU-581436,PRODUCE,1,217.1,1213,40.95
2017-08-05,44,SKU-581436,PRODUCE,0,200.7,271,40.95
2017-08-06,44,SKU-581436,PRODUCE,1,254.5,687,40.95
2017-08-07,44,SKU-581436,PRODUCE,0,150.1,2042,40.95
2017-08-08,44,SKU-581436,PRODUCE,1,213.8,2453,40.95
2017-08-09,44,SKU-581436,PRODUCE,1,206.1,2452,40.95
2017-08-10,44,SKU-581436,PRODUCE,0,155.1,1216,40.95
2017-08-11,44,SKU-581436,PRODUCE,1,201.2,825,40.95
2017-08-12,44,SKU-581436,PRODUCE,0,194.8,2115,40.95
2017-08-13,44,SKU-581436,PRODUCE,0,192.3,401,40.95
2017-08-14,44,SKU-581436,PRODUCE,0,155.6,376,40.95
2017-08-15,44,SKU-581436,PRODUCE,0,153.3,240,40.95
2017-08-16,44,SKU-581436,PRODUCE,0,160.5,1297,40.95
2017-08-01,44,SKU-613205,PRODUCE,1,270.9,2408,26.36
2017-08-02,44,SKU-613205,PRODUCE,0,196.6,954,26.36
2017-08-03,44,SKU-613205,PRODUCE,0,194.5,1328,26.36
2017-08-04,44,SKU-613205,PRODUCE,0,206.9,700,26.36
2017-08-05,44,SKU-613205,PRODUCE,0,259.7,3424,26.36
2017-08-06,44,SKU-613205,PRODUCE,0,240.8,1641,26.36
2017-08-07,44,SKU-613205,PRODUCE,0,205.8,2043,26.36
2017-08-08,44,SKU-613205,PRODUCE,0,205.9,1842,26.36
2017-08-09,44,SKU-613205,PRODUCE,1,280.5,22,26.36
2017-08-10,44,SKU-613205,PRODUCE,0,199.2,2666,26.36
2017-08-11,44,SKU-613205,PRODUCE,1,269.4,663,26.36
2017-08-12,44,SKU-613205,PRODUCE,0,257.0,2133,26.36
2017-08-13,44,SKU-613205,PRODUCE,0,249.6,2536,26.36
2017-08-14,44,SKU-613205,PRODUCE,1,262.4,819,26.36
2017-08-15,44,SKU-613205,PRODUCE,0,206.5,1013,26.36
2017-08-16,44,SKU-613205,PRODUCE,0,192.8,694,26.36
2017-08-01,44,SKU-820323,PRODUCE,1,274.9,1169,37.58
2017-08-02,44,SKU-820323,PRODUCE,0,211.4,509,37.58
2017-08-03,44,SKU-820323,PRODUCE,0,216.3,1511,37.58
2017-08-04,44,SKU-820323,PRODUCE,0,203.6,2498,37.58
2017-08-05,44,SKU-820323,PRODUCE,1,367.1,4531,37.58
2017-08-06,44,SKU-820323,PRODUCE,0,276.8,470,37.58
2017-08-07,44,SKU-820323,PRODUCE,0,209.0,1717,37.58
2017-08-08,44,SKU-820323,PRODUCE,0,215.7,1115,37.58
2017-08-09,44,SKU-820323,PRODUCE,1,291.1,885,37.58
2017-08-10,44,SKU-820323,PRODUCE,0,220.2,1197,37.58
2017-08-11,44,SKU-820323,PRODUCE,0,216.0,1058,37.58
2017-08-12,44,SKU-820323,PRODUCE,0,268.1,814,37.58
2017-08-13,44,SKU-820323,PRODUCE,0,257.0,1100,37.58
2017-08-14,44,SKU-820323,PRODUCE,0,222.6,1841,37.58
2017-08-15,44,SKU-820323,PRODUCE,1,274.2,417,37.58
2017-08-16,44,SKU-820323,PRODUCE,1,290.8,785,37.58
2017-08-01,44,SKU-144001,PRODUCE,0,196.6,2549,5.14
2017-08-02,44,SKU-144001,PRODUCE,0,199.3,2347,5.14
2017-08-03,44,SKU-144001,PRODUCE,0,196.0,1506,5.14
2017-08-04,44,SKU-144001,PRODUCE,1,269.9,510,5.14
2017-08-05,44,SKU-144001,PRODUCE,0,265.8,277,5.14
2017-08-06,44,SKU-144001,PRODUCE,0,258.0,292,5.14
2017-08-07,44,SKU-144001,PRODUCE,0,210.2,99,5.14
2017-08-08,44,SKU-144001,PRODUCE,1,281.0,1097,5.14
2017-08-09,44,SKU-144001,PRODUCE,0,209.6,2244,5.14
2017-08-10,44,SKU-144001,PRODUCE,0,195.5,1704,5.14
2017-08-11,44,SKU-144001,PRODUCE,0,201.4,2683,5.14
2017-08-12,44,SKU-144001,PRODUCE,0,264.0,2445,5.14
2017-08-13,44,SKU-144001,PRODUCE,0,260.5,1902,5.14
2017-08-14,44,SKU-144001,PRODUCE,0,197.1,1542,5.14
2017-08-15,44,SKU-144001,PRODUCE,0,210.7,2522,5.14
2017-08-16,44,SKU-144001,PRODUCE,0,206.8,33,5.14
2017-08-01,44,SKU-829221,PRODUCE,0,209.2,1118,6.94
2017-08-02,44,SKU-829221,PRODUCE,1,296.7,2755,6.94
2017-08-03,44,SKU-829221,PRODUCE,0,207.5,656,6.94
2017-08-04,44,SKU-829221,PRODUCE,0,207.6,1198,6.94
2017-08-05,44,SKU-829221,PRODUCE,0,278.6,3074,6.94
2017-08-06,44,SKU-829221,PRODUCE,0,260.7,3249,6.94
2017-08-07,44,SKU-829221,PRODUCE,1,281.9,2783,6.94
2017-08-08,44,SKU-829221,PRODUCE,1,291.7,1327,6.94
2017-08-09,44,SKU-829221,PRODUCE,0,215.4,1214,6.94
2017-08-10,44,SKU-829221,PRODUCE,1,297.6,1012,6.94
2017-08-11,44,SKU-829221,PRODUCE,0,219.2,438,6.94
2017-08-12,44,SKU-829221,PRODUCE,0,282.8,2249,6.94
2017-08-13,44,SKU-829221,PRODUCE,0,261.6,1902,6.94
2017-08-14,44,SKU-829221,PRODUCE,0,211.6,1871,6.94
2017-08-15,44,SKU-829221,PRODUCE,0,207.5,1591,6.94
2017-08-16,44,SKU-829221,PRODUCE,0,223.4,453,6.94
2017-08-01,44,SKU-494057,PRODUCE,0,118.5,1445,7.27
2017-08-02,44,SKU-494057,PRODUCE,0,121.1,1429,7.27
2017-08-03,44,SKU-494057,PRODUCE,0,118.1,510,7.27
2017-08-04,44,SKU-494057,PRODUCE,0,111.4,447,7.27
2017-08-05,44,SKU-494057,PRODUCE,0,142.6,1296,7.27
2017-08-06,44,SKU-494057,PRODUCE,1,188.3,2073,7.27
2017-08-07,44,SKU-494057,PRODUCE,0,110.9,1228,7.27
2017-08-08,44,SKU-494057,PRODUCE,0,113.4,157,7.27
2017-08-09,44,SKU-494057,PRODUCE,0,116.1,570,7.27
2017-08-10,44,SKU-494057,PRODUCE,0,120.1,1474,7.27
2017-08-11,44,SKU-494057,PRODUCE,0,113.2,161,7.27
2017-08-12,44,SKU-494057,PRODUCE,1,190.1,44,7.27
2017-08-13,44,SKU-494057,PRODUCE,0,150.1,966,7.27
2017-08-14,44,SKU-494057,PRODUCE,0,118.4,1068,7.27
2017-08-15,44,SKU-494057,PRODUCE,0,112.8,1258,7.27
2017-08-16,44,SKU-494057,PRODUCE,0,116.6,895,7.27
2017-08-01,44,SKU-896059,PRODUCE,0,111.9,555,9.31
2017-08-02,44,SKU-896059,PRODUCE,0,115.6,1020,9.31
2017-08-03,44,SKU-896059,PRODUCE,1,164.2,588,9.31
2017-08-04,44,SKU-896059,PRODUCE,0,114.1,1551,9.31
2017-08-05,44,SKU-896059,PRODUCE,0,143.9,1695,9.31
2017-08-06,44,SKU-896059,PRODUCE,0,154.6,571,9.31
2017-08-07,44,SKU-896059,PRODUCE,0,117.7,1471,9.31
2017-08-08,44,SKU-896059,PRODUCE,1,160.0,504,9.31
2017-08-09,44,SKU-896059,PRODUCE,0,123.3,1053,9.31
2017-08-10,44,SKU-896059,PRODUCE,1,158.0,1181,9.31
2017-08-11,44,SKU-896059,PRODUCE,0,120.0,1431,9.31
2017-08-12,44,SKU-896059,PRODUCE,0,148.3,713,9.31
2017-08-13,44,SKU-896059,PRODUCE,0,155.2,693,9.31
2017-08-14,44,SKU-896059,PRODUCE,1,162.3,1799,9.31
2017-08-15,44,SKU-896059,PRODUCE,1,160.8,2022,9.31
2017-08-16,44,SKU-896059,PRODUCE,0,119.2,1291,9.31
2017-08-01,44,SKU-773265,PRODUCE,0,134.6,1244,10.93
2017-08-02,44,SKU-773265,PRODUCE,1,172.0,1713,10.93
2017-08-03,44,SKU-773265,PRODUCE,0,126.0,920,10.93
2017-08-04,44,SKU-773265,PRODUCE,0,134.4,938,10.93
2017-08-05,44,SKU-773265,PRODUCE,1,222.3,1497,10.93
2017-08-06,44,SKU-773265,PRODUCE,0,159.4,247,10.93
2017-08-07,44,SKU-773265,PRODUCE,1,180.3,557,10.93
2017-08-08,44,SKU-773265,PRODUCE,1,168.4,1254,10.93
2017-08-09,44,SKU-773265,PRODUCE,0,123.3,100,10.93
2017-08-10,44,SKU-773265,PRODUCE,0,122.4,187,10.93
2017-08-11,44,SKU-773265,PRODUCE,0,121.8,269,10.93
2017-08-12,44,SKU-773265,PRODUCE,0,167.1,460,10.93
2017-08-13,44,SKU-773265,PRODUCE,0,165.7,28,10.93
2017-08-14,44,SKU-773265,PRODUCE,1,166.7,540,10.93
2017-08-15,44,SKU-773265,PRODUCE,0,125.0,1398,10.93
2017-08-16,44,SKU-773265,PRODUCE,0,134.5,622,10.93
2017-08-01,44,SKU-499993,PRODUCE,0,50.5,311,11.09
2017-08-02,44,SKU-499993,PRODUCE,0,46.6,60,11.09
2017-08-03,44,SKU-499993,PRODUCE,0,46.8,331,11.09
2017-08-04,44,SKU-499993,PRODUCE,0,49.8,230,11.09
2017-08-05,44,SKU-499993,PRODUCE,0,62.4,384,11.09
2017-08-06,44,SKU-499993,PRODUCE,1,83.8,487,11.09
2017-08-07,44,SKU-499993,PRODUCE,0,50.6,472,11.09
2017-08-08,44,SKU-499993,PRODUCE,1,63.2,432,11.09
2017-08-09,44,SKU-499993,PRODUCE,1,64.1,868,11.09
2017-08-10,44,SKU-499993,PRODUCE,0,50.3,319,11.09
2017-08-11,44,SKU-499993,PRODUCE,0,50.2,184,11.09
2017-08-12,44,SKU-499993,PRODUCE,0,58.8,545,11.09
2017-08-13,44,SKU-499993,PRODUCE,1,79.2,517,11.09
2017-08-14,44,SKU-499993,PRODUCE,0,49.5,90,11.09
2017-08-15,44,SKU-499993,PRODUCE,0,46.9,367,11.09
2017-08-16,44,SKU-499993,PRODUCE,1,65.3,62,11.09
2017-08-01,44,SKU-772207,PRODUCE,0,92.1,271,25.89
2017-08-02,44,SKU-772207,PRODUCE,0,88.8,285,25.89
2017-08-03,44,SKU-772207,PRODUCE,0,91.9,1218,25.89
2017-08-04,44,SKU-772207,PRODUCE,0,84.9,670,25.89
2017-08-05,44,SKU-772207,PRODUCE,0,112.7,1172,25.89
2017-08-06,44,SKU-772207,PRODUCE,0,106.6,1181,25.89
2017-08-07,44,SKU-772207,PRODUCE,0,83.6,903,25.89
2017-08-08,44,SKU-772207,PRODUCE,0,89.5,485,25.89
2017-08-09,44,SKU-772207,PRODUCE,0,86.3,738,25.89
2017-08-10,44,SKU-772207,PRODUCE,0,89.4,996,25.89
2017-08-11,44,SKU-772207,PRODUCE,0,91.1,1091,25.89
2017-08-12,44,SKU-772207,PRODUCE,1,152.1,655,25.89
2017-08-13,44,SKU-772207,PRODUCE,0,113.2,341,25.89
2017-08-14,44,SKU-772207,PRODUCE,1,119.1,169,25.89
2017-08-15,44,SKU-772207,PRODUCE,0,84.0,26,25.89
2017-08-16,44,SKU-772207,PRODUCE,1,118.4,905,25.89
2017-08-01,44,SKU-755465,PRODUCE,0,210.4,1947,7.14
2017-08-02,44,SKU-755465,PRODUCE,0,202.2,1127,7.14
2017-08-03,44,SKU-755465,PRODUCE,0,208.8,1496,7.14
2017-08-04,44,SKU-755465,PRODUCE,1,287.8,1667,7.14
2017-08-05,44,SKU-755465,PRODUCE,1,349.2,2506,7.14
2017-08-06,44,SKU-755465,PRODUCE,0,259.5,3272,7.14
2017-08-07,44,SKU-755465,PRODUCE,1,283.2,642,7.14
2017-08-08,44,SKU-755465,PRODUCE,0,198.5,884,7.14
2017-08-09,44,SKU-755465,PRODUCE,0,201.2,1583,7.14
2017-08-10,44,SKU-755465,PRODUCE,0,199.6,275,7.14
2017-08-11,44,SKU-755465,PRODUCE,1,261.8,16,7.14
2017-08-12,44,SKU-755465,PRODUCE,1,365.0,3718,7.14
2017-08-13,44,SKU-755465,PRODUCE,0,250.5,3408,7.14
2017-08-14,44,SKU-755465,PRODUCE,1,277.1,926,7.14
2017-08-15,44,SKU-755465,PRODUCE,0,194.1,1666,7.14
2017-08-16,44,SKU-755465,PRODUCE,0,214.0,557,7.14
2017-08-01,44,SKU-160159,PRODUCE,1,175.3,59,23.78
2017-08-02,44,SKU-160159,PRODUCE,0,127.7,590,23.78
2017-08-03,44,SKU-160159,PRODUCE,0,129.9,1179,23.78
2017-08-04,44,SKU-160159,PRODUCE,0,128.0,1732,23.78
2017-08-05,44,SKU-160159,PRODUCE,1,209.4,2780,23.78
2017-08-06,44,SKU-160159,PRODUCE,1,220.3,1276,23.78
2017-08-07,44,SKU-160159,PRODUCE,1,169.7,435,23.78
2017-08-08,44,SKU-160159,PRODUCE,0,126.9,1592,23.78
2017-08-09,44,SKU-160159,PRODUCE,1,161.4,1107,23.78
2017-08-10,44,SKU-160159,PRODUCE,0,128.7,13,23.78
2017-08-11,44,SKU-160159,PRODUCE,1,169.1,2182,23.78
2017-08-12,44,SKU-160159,PRODUCE,0,158.8,2162,23.78
2017-08-13,44,SKU-160159,PRODUCE,1,202.0,482,23.78
2017-08-14,44,SKU-160159,PRODUCE,1,164.4,1627,23.78
2017-08-15,44,SKU-160159,PRODUCE,0,129.9,859,23.78
2017-08-16,44,SKU-160159,PRODUCE,1,159.6,1038,23.78
2017-08-01,44,SKU-779049,PRODUCE,0,234.7,361,40.32
2017-08-02,44,SKU-779049,PRODUCE,0,243.4,1697,40.32
2017-08-03,44,SKU-779049,PRODUCE,1,302.2,1769,40.32
2017-08-04,44,SKU-779049,PRODUCE,0,225.4,1034,40.32
2017-08-05,44,SKU-779049,PRODUCE,0,300.1,4079,40.32
2017-08-06,44,SKU-779049,PRODUCE,1,418.0,4950,40.32
2017-08-07,44,SKU-779049,PRODUCE,1,318.4,2314,40.32
2017-08-08,44,SKU-779049,PRODUCE,0,241.5,623,40.32
2017-08-09,44,SKU-779049,PRODUCE,0,244.5,22,40.32
2017-08-10,44,SKU-779049,PRODUCE,1,323.2,1493,40.32
2017-08-11,44,SKU-779049,PRODUCE,0,241.5,837,40.32
2017-08-12,44,SKU-779049,PRODUCE,1,411.2,1442,40.32
2017-08-13,44,SKU-779049,PRODUCE,0,286.9,813,40.32
2017-08-14,44,SKU-779049,PRODUCE,0,239.3,1279,40.32
2017-08-15,44,SKU-779049,PRODUCE,1,308.1,1960,40.32
2017-08-16,44,SKU-779049,PRODUCE,0,242.9,1788,40.32
2017-08-01,44,SKU-318988,PRODUCE,0,248.9,2737,15.0
2017-08-02,44,SKU-318988,PRODUCE,0,252.4,2104,15.0
2017-08-03,44,SKU-318988,PRODUCE,1,330.6,1297,15.0
2017-08-04,44,SKU-318988,PRODUCE,0,246.7,2545,15.0
2017-08-05,44,SKU-318988,PRODUCE,0,324.3,3724,15.0
2017-08-06,44,SKU-318988,PRODUCE,1,423.8,5842,15.0
2017-08-07,44,SKU-318988,PRODUCE,0,255.6,1915,15.0
2017-08-08,44,SKU-318988,PRODUCE,1,337.1,3701,15.0
2017-08-09,44,SKU-318988,PRODUCE,1,345.7,3758,15.0
2017-08-10,44,SKU-318988,PRODUCE,0,242.9,3313,15.0
2017-08-11,44,SKU-318988,PRODUCE,0,251.8,1299,15.0
2017-08-12,44,SKU-318988,PRODUCE,0,312.0,2184,15.0
2017-08-13,44,SKU-318988,PRODUCE,0,305.8,2181,15.0
2017-08-14,44,SKU-318988,PRODUCE,0,243.7,2008,15.0
2017-08-15,44,SKU-318988,PRODUCE,1,336.9,4045,15.0
2017-08-16,44,SKU-318988,PRODUCE,1,324.1,443,15.0
2017-08-01,44,SKU-122313,CLEANING,0,179.9,15,20.03
2017-08-02,44,SKU-122313,CLEANING,1,233.1,2993,20.03
2017-08-03,44,SKU-122313,CLEANING,0,172.7,575,20.03
2017-08-04,44,SKU-122313,CLEANING,1,227.6,2041,20.03
2017-08-05,44,SKU-122313,CLEANING,1,307.7,1568,20.03
2017-08-06,44,SKU-122313,CLEANING,1,314.4,1915,20.03
2017-08-07,44,SKU-122313,CLEANING,0,185.7,2554,20.03
2017-08-08,44,SKU-122313,CLEANING,0,183.6,783,20.03
2017-08-09,44,SKU-122313,CLEANING,0,171.4,509,20.03
2017-08-10,44,SKU-122313,CLEANING,0,177.6,582,20.03
2017-08-11,44,SKU-122313,CLEANING,0,175.1,2420,20.03
2017-08-12,44,SKU-122313,CLEANING,1,299.1,3827,20.03
2017-08-13,44,SKU-122313,CLEANING,0,227.8,3083,20.03
2017-08-14,44,SKU-122313,CLEANING,0,180.6,755,20.03
2017-08-15,44,SKU-122313,CLEANING,0,178.7,2450,20.03
2017-08-16,44,SKU-122313,CLEANING,0,185.2,2371,20.03
2017-08-01,44,SKU-531653,CLEANING,0,98.0,1181,40.0
2017-08-02,44,SKU-531653,CLEANING,1,124.5,650,40.0
2017-08-03,44,SKU-531653,CLEANING,0,97.6,868,40.0
2017-08-04,44,SKU-531653,CLEANING,1,131.1,1016,40.0
2017-08-05,44,SKU-531653,CLEANING,0,118.2,508,40.0
2017-08-06,44,SKU-531653,CLEANING,0,126.2,968,40.0
2017-08-07,44,SKU-531653,CLEANING,0,96.9,304,40.0
2017-08-08,44,SKU-531653,CLEANING,0,100.5,1329,40.0
2017-08-09,44,SKU-531653,CLEANING,0,99.5,636,40.0
2017-08-10,44,SKU-531653,CLEANING,0,98.8,375,40.0
2017-08-11,44,SKU-531653,CLEANING,0,94.2,252,40.0
2017-08-12,44,SKU-531653,CLEANING,0,120.3,804,40.0
2017-08-13,44,SKU-531653,CLEANING,1,162.5,450,40.0
2017-08-14,44,SKU-531653,CLEANING,0,100.8,296,40.0
2017-08-15,44,SKU-531653,CLEANING,1,130.2,1703,40.0
2017-08-16,44,SKU-531653,CLEANING,0,93.9,726,40.0
2017-08-01,44,SKU-358184,CLEANING,0,276.9,592,21.23
2017-08-02,44,SKU-358184,CLEANING,0,277.1,3688,21.23
2017-08-03,44,SKU-358184,CLEANING,0,289.1,2199,21.23
2017-08-04,44,SKU-358184,CLEANING,0,267.4,539,21.23
2017-08-05,44,SKU-358184,CLEANING,0,331.8,2072,21.23
2017-08-06,44,SKU-358184,CLEANING,1,478.4,5091,21.23
2017-08-07,44,SKU-358184,CLEANING,0,275.1,1109,21.23
2017-08-08,44,SKU-358184,CLEANING,1,360.5,2320,21.23
2017-08-09,44,SKU-358184,CLEANING,0,276.2,3212,21.23
2017-08-10,44,SKU-358184,CLEANING,0,272.5,3023,21.23
2017-08-11,44,SKU-358184,CLEANING,0,273.2,122,21.23
2017-08-12,44,SKU-358184,CLEANING,1,492.6,4281,21.23
2017-08-13,44,SKU-358184,CLEANING,1,471.2,1536,21.23
2017-08-14,44,SKU-358184,CLEANING,0,280.1,1938,21.23
2017-08-15,44,SKU-358184,CLEANING,1,379.7,5251,21.23
2017-08-16,44,SKU-358184,CLEANING,0,273.8,1106,21.23
2017-08-01,44,SKU-334733,CLEANING,0,64.7,749,28.89
2017-08-02,44,SKU-334733,CLEANING,0,66.0,705,28.89
2017-08-03,44,SKU-334733,CLEANING,1,86.9,487,28.89
2017-08-04,44,SKU-334733,CLEANING,0,65.8,463,28.89
2017-08-05,44,SKU-334733,CLEANING,0,82.3,966,28.89
2017-08-06,44,SKU-334733,CLEANING,0,85.1,124,28.89
2017-08-07,44,SKU-334733,CLEANING,0,64.7,133,28.89
2017-08-08,44,SKU-334733,CLEANING,1,86.6,182,28.89
2017-08-09,44,SKU-334733,CLEANING,1,88.3,1190,28.89
2017-08-10,44,SKU-334733,CLEANING,0,62.8,62,28.89
2017-08-11,44,SKU-334733,CLEANING,1,87.9,1197,28.89
2017-08-12,44,SKU-334733,CLEANING,1,114.5,1589,28.89
2017-08-13,44,SKU-334733,CLEANING,0,78.4,223,28.89
2017-08-14,44,SKU-334733,CLEANING,0,64.4,119,28.89
2017-08-15,44,SKU-334733,CLEANING,0,63.1,13,28.89
2017-08-16,44,SKU-334733,CLEANING,0,61.9,378,28.89
2017-08-01,44,SKU-115171,CLEANING,1,157.2,840,19.25
2017-08-02,44,SKU-115171,CLEANING,1,164.2,1837,19.25
2017-08-03,44,SKU-115171,CLEANING,1,164.8,946,19.25
2017-08-04,44,SKU-115171,CLEANING,1,160.2,630,19.25
2017-08-05,44,SKU-115171,CLEANING,0,145.6,304,19.25
2017-08-06,44,SKU-115171,CLEANING,0,143.2,1782,19.25
2017-08-07,44,SKU-115171,CLEANING,1,161.4,1900,19.25
2017-08-08,44,SKU-115171,CLEANING,0,123.3,879,19.25
2017-08-09,44,SKU-115171,CLEANING,0,114.3,501,19.25
2017-08-10,44,SKU-115171,CLEANING,0,116.3,106,19.25
2017-08-11,44,SKU-115171,CLEANING,0,115.8,1612,19.25
2017-08-12,44,SKU-115171,CLEANING,0,145.8,1405,19.25
2017-08-13,44,SKU-115171,CLEANING,1,199.9,2451,19.25
2017-08-14,44,SKU-115171,CLEANING,0,115.0,537,19.25
2017-08-15,44,SKU-115171,CLEANING,0,117.0,1105,19.25
2017-08-16,44,SKU-115171,CLEANING,0,120.9,594,19.25
2017-08-01,44,SKU-348380,CLEANING,1,67.6,724,25.57
2017-08-02,44,SKU-348380,CLEANING,1,70.8,648,25.57
2017-08-03,44,SKU-348380,CLEANING,1,70.5,726,25.57
2017-08-04,44,SKU-348380,CLEANING,0,49.1,219,25.57
2017-08-05,44,SKU-348380,CLEANING,0,63.3,438,25.57
2017-08-06,44,SKU-348380,CLEANING,1,90.6,978,25.57
2017-08-07,44,SKU-348380,CLEANING,1,72.0,893,25.57
2017-08-08,44,SKU-348380,CLEANING,0,50.4,381,25.57
2017-08-09,44,SKU-348380,CLEANING,0,52.3,117,25.57
2017-08-10,44,SKU-348380,CLEANING,0,48.6,361,25.57
2017-08-11,44,SKU-348380,CLEANING,0,52.0,253,25.57
2017-08-12,44,SKU-348380,CLEANING,0,65.6,702,25.57
2017-08-13,44,SKU-348380,CLEANING,0,61.4,41,25.57
2017-08-14,44,SKU-348380,CLEANING,1,67.8,135,25.57
2017-08-15,44,SKU-348380,CLEANING,0,52.1,440,25.57
2017-08-16,44,SKU-348380,CLEANING,0,51.4,107,25.57
2017-08-01,44,SKU-935714,CLEANING,0,278.5,190,20.25
2017-08-02,44,SKU-935714,CLEANING,0,282.1,1229,20.25
2017-08-03,44,SKU-935714,CLEANING,0,288.6,1704,20.25
2017-08-04,44,SKU-935714,CLEANING,1,361.6,4254,20.25
2017-08-05,44,SKU-935714,CLEANING,1,468.3,1965,20.25
2017-08-06,44,SKU-935714,CLEANING,0,364.2,4242,20.25
2017-08-07,44,SKU-935714,CLEANING,0,282.2,557,20.25
2017-08-08,44,SKU-935714,CLEANING,0,293.6,661,20.25
2017-08-09,44,SKU-935714,CLEANING,1,389.7,5304,20.25
2017-08-10,44,SKU-935714,CLEANING,0,271.6,73,20.25
2017-08-11,44,SKU-935714,CLEANING,1,382.9,962,20.25
2017-08-12,44,SKU-935714,CLEANING,1,467.3,891,20.25
2017-08-13,44,SKU-935714,CLEANING,0,338.8,1255,20.25
2017-08-14,44,SKU-935714,CLEANING,0,289.5,3214,20.25
2017-08-15,44,SKU-935714,CLEANING,0,285.9,2280,20.25
2017-08-16,44,SKU-935714,CLEANING,0,285.9,2738,20.25
2017-08-01,44,SKU-950230,CLEANING,0,134.2,679,3.22
2017-08-02,44,SKU-950230,CLEANING,0,143.6,624,3.22
2017-08-03,44,SKU-950230,CLEANING,0,144.1,975,3.22
2017-08-04,44,SKU-950230,CLEANING,0,145.8,430,3.22
2017-08-05,44,SKU-950230,CLEANING,1,250.0,1010,3.22
2017-08-06,44,SKU-950230,CLEANING,1,246.5,3212,3.22
2017-08-07,44,SKU-950230,CLEANING,0,143.4,16,3.22
2017-08-08,44,SKU-950230,CLEANING,0,136.7,626,3.22
2017-08-09,44,SKU-950230,CLEANING,1,182.4,1847,3.22
2017-08-10,44,SKU-950230,CLEANING,0,134.0,945,3.22
2017-08-11,44,SKU-950230,CLEANING,0,147.5,428,3.22
2017-08-12,44,SKU-950230,CLEANING,0,169.7,790,3.22
2017-08-13,44,SKU-950230,CLEANING,0,178.0,1264,3.22
2017-08-14,44,SKU-950230,CLEANING,0,137.3,1601,3.22
2017-08-15,44,SKU-950230,CLEANING,0,140.0,1372,3.22
2017-08-16,44,SKU-950230,CLEANING,1,195.3,2272,3.22
2017-08-01,44,SKU-413182,CLEANING,0,47.7,35,14.21
2017-08-02,44,SKU-413182,CLEANING,0,46.7,273,14.21
2017-08-03,44,SKU-413182,CLEANING,0,45.3,507,14.21
2017-08-04,44,SKU-413182,CLEANING,1,61.7,43,14.21
2017-08-05,44,SKU-413182,CLEANING,0,60.1,469,14.21
2017-08-06,44,SKU-413182,CLEANING,1,80.7,1026,14.21
2017-08-07,44,SKU-413182,CLEANING,1,64.4,433,14.21
2017-08-08,44,SKU-413182,CLEANING,0,46.4,331,14.21
2017-08-09,44,SKU-413182,CLEANING,0,44.9,415,14.21
2017-08-10,44,SKU-413182,CLEANING,0,46.9,164,14.21
2017-08-11,44,SKU-413182,CLEANING,0,45.0,552,14.21
2017-08-12,44,SKU-413182,CLEANING,0,57.0,42,14.21
2017-08-13,44,SKU-413182,CLEANING,0,56.9,788,14.21
2017-08-14,44,SKU-413182,CLEANING,0,45.4,421,14.21
2017-08-15,44,SKU-413182,CLEANING,0,47.9,213,14.21
2017-08-16,44,SKU-413182,CLEANING,1,63.3,749,14.21
2017-08-01,44,SKU-364396,CLEANING,0,243.8,1502,21.74
2017-08-02,44,SKU-364396,CLEANING,0,259.1,2210,21.74
2017-08-03,44,SKU-364396,CLEANING,1,335.3,1749,21.74
2017-08-04,44,SKU-364396,CLEANING,1,345.1,297,21.74
2017-08-05,44,SKU-364396,CLEANING,0,333.9,3479,21.74
2017-08-06,44,SKU-364396,CLEANING,1,420.4,4477,21.74
2017-08-07,44,SKU-364396,CLEANING,0,249.4,3400,21.74
2017-08-08,44,SKU-364396,CLEANING,0,266.7,3209,21.74
2017-08-09,44,SKU-364396,CLEANING,0,257.2,1558,21.74
2017-08-10,44,SKU-364396,CLEANING,1,349.0,3836,21.74
2017-08-11,44,SKU-364396,CLEANING,0,261.1,1173,21.74
2017-08-12,44,SKU-364396,CLEANING,0,333.5,425,21.74
2017-08-13,44,SKU-364396,CLEANING,0,314.1,1851,21.74
2017-08-14,44,SKU-364396,CLEANING,0,261.9,2567,21.74
2017-08-15,44,SKU-364396,CLEANING,0,254.7,749,21.74
2017-08-16,44,SKU-364396,CLEANING,0,253.6,480,21.74
2017-08-01,44,SKU-393042,CLEANING,0,66.9,616,7.81
2017-08-02,44,SKU-393042,CLEANING,0,66.9,459,7.81
2017-08-03,44,SKU-393042,CLEANING,1,93.9,475,7.81
2017-08-04,44,SKU-393042,CLEANING,1,94.8,504,7.81
2017-08-05,44,SKU-393042,CLEANING,0,85.8,620,7.81
2017-08-06,44,SKU-393042,CLEANING,0,86.4,202,7.81
2017-08-07,44,SKU-393042,CLEANING,0,70.1,66,7.81
2017-08-08,44,SKU-393042,CLEANING,0,73.2,560,7.81
2017-08-09,44,SKU-393042,CLEANING,0,71.4,71,7.81
2017-08-10,44,SKU-393042,CLEANING,1,96.9,886,7.81
2017-08-11,44,SKU-393042,CLEANING,1,90.7,925,7.81
2017-08-12,44,SKU-393042,CLEANING,0,87.0,1148,7.81
2017-08-13,44,SKU-393042,CLEANING,0,92.6,124,7.81
2017-08-14,44,SKU-393042,CLEANING,0,67.0,594,7.81
2017-08-15,44,SKU-393042,CLEANING,0,67.8,253,7.81
2017-08-16,44,SKU-393042,CLEANING,1,91.4,1084,7.81
2017-08-01,44,SKU-392042,CLEANING,0,291.9,483,39.73
2017-08-02,44,SKU-392042,CLEANING,0,278.8,1319,39.73
2017-08-03,44,SKU-392042,CLEANING,0,291.8,3179,39.73
2017-08-04,44,SKU-392042,CLEANING,0,270.4,1437,39.73
2017-08-05,44,SKU-392042,CLEANING,1,484.5,4096,39.73
2017-08-06,44,SKU-392042,CLEANING,1,481.8,4035,39.73
2017-08-07,44,SKU-392042,CLEANING,0,277.2,2663,39.73
2017-08-08,44,SKU-392042,CLEANING,0,282.5,1111,39.73
2017-08-09,44,SKU-392042,CLEANING,0,279.6,858,39.73
2017-08-10,44,SKU-392042,CLEANING,1,371.7,3112,39.73
2017-08-11,44,SKU-392042,CLEANING,0,274.1,1352,39.73
2017-08-12,44,SKU-392042,CLEANING,1,473.7,5448,39.73
2017-08-13,44,SKU-392042,CLEANING,0,338.7,3708,39.73
2017-08-14,44,SKU-392042,CLEANING,0,281.0,1078,39.73
2017-08-15,44,SKU-392042,CLEANING,0,280.4,3405,39.73
2017-08-16,44,SKU-392042,CLEANING,0,292.9,1133,39.73
2017-08-01,44,SKU-975629,CLEANING,0,47.8,386,33.36
2017-08-02,44,SKU-975629,CLEANING,0,50.2,436,33.36
2017-08-03,44,SKU-975629,CLEANING,0,50.9,327,33.36
2017-08-04,44,SKU-975629,CLEANING,0,47.2,270,33.36
2017-08-05,44,SKU-975629,CLEANING,1,79.5,152,33.36
2017-08-06,44,SKU-975629,CLEANING,0,62.3,219,33.36
2017-08-07,44,SKU-975629,CLEANING,0,49.3,527,33.36
2017-08-08,44,SKU-975629,CLEANING,0,49.3,76,33.36
2017-08-09,44,SKU-975629,CLEANING,1,64.9,906,33.36
2017-08-10,44,SKU-975629,CLEANING,1,67.8,28,33.36
2017-08-11,44,SKU-975629,CLEANING,0,46.9,588,33.36
2017-08-12,44,SKU-975629,CLEANING,1,87.3,747,33.36
2017-08-13,44,SKU-975629,CLEANING,0,61.9,341,33.36
2017-08-14,44,SKU-975629,CLEANING,0,49.5,647,33.36
2017-08-15,44,SKU-975629,CLEANING,0,50.6,612,33.36
2017-08-16,44,SKU-975629,CLEANING,0,48.1,434,33.36
2017-08-01,44,SKU-428822,CLEANING,0,240.2,3282,9.26
2017-08-02,44,SKU-428822,CLEANING,0,239.6,2883,9.26
2017-08-03,44,SKU-428822,CLEANING,0,227.3,2337,9.26
2017-08-04,44,SKU-428822,CLEANING,1,309.1,700,9.26
2017-08-05,44,SKU-428822,CLEANING,0,299.4,2115,9.26
2017-08-06,44,SKU-428822,CLEANING,0,303.6,2746,9.26
2017-08-07,44,SKU-428822,CLEANING,1,327.3,3693,9.26
2017-08-08,44,SKU-428822,CLEANING,1,327.9,2846,9.26
2017-08-09,44,SKU-428822,CLEANING,1,319.9,2785,9.26
2017-08-10,44,SKU-428822,CLEANING,0,229.0,329,9.26
2017-08-11,44,SKU-428822,CLEANING,0,222.3,2864,9.26
2017-08-12,44,SKU-428822,CLEANING,0,284.4,2332,9.26
2017-08-13,44,SKU-428822,CLEANING,0,302.4,1302,9.26
2017-08-14,44,SKU-428822,CLEANING,0,241.0,1891,9.26
2017-08-15,44,SKU-428822,CLEANING,1,310.9,1503,9.26
2017-08-16,44,SKU-428822,CLEANING,0,222.2,488,9.26
2017-08-01,44,SKU-268435,CLEANING,1,103.1,468,18.53
2017-08-02,44,SKU-268435,CLEANING,1,102.0,655,18.53
2017-08-03,44,SKU-268435,CLEANING,0,73.8,248,18.53
2017-08-04,44,SKU-268435,CLEANING,0,74.6,556,18.53
2017-08-05,44,SKU-268435,CLEANING,1,125.1,1258,18.53
2017-08-06,44,SKU-268435,CLEANING,0,98.4,536,18.53
2017-08-07,44,SKU-268435,CLEANING,1,103.7,929,18.53
2017-08-08,44,SKU-268435,CLEANING,0,71.3,949,18.53
2017-08-09,44,SKU-268435,CLEANING,0,74.9,352,18.53
2017-08-10,44,SKU-268435,CLEANING,0,75.3,959,18.53
2017-08-11,44,SKU-268435,CLEANING,0,78.1,652,18.53
2017-08-12,44,SKU-268435,CLEANING,0,91.1,916,18.53
2017-08-13,44,SKU-268435,CLEANING,0,93.8,203,18.53
2017-08-14,44,SKU-268435,CLEANING,0,76.3,495,18.53
2017-08-15,44,SKU-268435,CLEANING,0,72.6,379,18.53
2017-08-16,44,SKU-268435,CLEANING,0,75.1,642,18.53
2017-08-01,44,SKU-702202,CLEANING,0,135.1,1444,22.24
2017-08-02,44,SKU-702202,CLEANING,0,140.2,1111,22.24
2017-08-03,44,SKU-702202,CLEANING,0,145.3,1800,22.24
2017-08-04,44,SKU-702202,CLEANING,0,143.4,644,22.24
2017-08-05,44,SKU-702202,CLEANING,0,178.4,840,22.24
2017-08-06,44,SKU-702202,CLEANING,0,179.7,292,22.24
2017-08-07,44,SKU-702202,CLEANING,0,148.3,664,22.24
2017-08-08,44,SKU-702202,CLEANING,0,138.2,1675,22.24
2017-08-09,44,SKU-702202,CLEANING,0,139.6,1192,22.24
2017-08-10,44,SKU-702202,CLEANING,1,197.0,735,22.24
2017-08-11,44,SKU-702202,CLEANING,1,194.8,2699,22.24
2017-08-12,44,SKU-702202,CLEANING,1,242.0,2543,22.24
2017-08-13,44,SKU-702202,CLEANING,0,180.4,265,22.24
2017-08-14,44,SKU-702202,CLEANING,0,135.1,1828,22.24
2017-08-15,44,SKU-702202,CLEANING,0,135.0,592,22.24
2017-08-16,44,SKU-702202,CLEANING,0,147.8,1451,22.24
2017-08-01,44,SKU-180085,CLEANING,1,347.2,3666,3.07
2017-08-02,44,SKU-180085,CLEANING,0,280.7,435,3.07
2017-08-03,44,SKU-180085,CLEANING,0,279.6,384,3.07
2017-08-04,44,SKU-180085,CLEANING,1,372.2,3124,3.07
2017-08-05,44,SKU-180085,CLEANING,0,354.0,4318,3.07
2017-08-06,44,SKU-180085,CLEANING,0,330.8,1269,3.07
2017-08-07,44,SKU-180085,CLEANING,0,270.2,3286,3.07
2017-08-08,44,SKU-180085,CLEANING,1,374.0,2352,3.07
2017-08-09,44,SKU-180085,CLEANING,0,276.0,3067,3.07
2017-08-10,44,SKU-180085,CLEANING,0,256.5,2121,3.07
2017-08-11,44,SKU-180085,CLEANING,0,260.9,2539,3.07
2017-08-12,44,SKU-180085,CLEANING,0,353.9,1483,3.07
2017-08-13,44,SKU-180085,CLEANING,0,351.0,1981,3.07
2017-08-14,44,SKU-180085,CLEANING,1,371.4,4788,3.07
2017-08-15,44,SKU-180085,CLEANING,0,258.5,1563,3.07
2017-08-16,44,SKU-180085,CLEANING,1,361.5,1333,3.07
2017-08-01,44,SKU-165658,CLEANING,1,321.8,4266,29.46
2017-08-02,44,SKU-165658,CLEANING,1,313.3,2912,29.46
2017-08-03,44,SKU-165658,CLEANING,0,222.2,27,29.46
2017-08-04,44,SKU-165658,CLEANING,0,226.0,472,29.46
2017-08-05,44,SKU-165658,CLEANING,1,399.6,409,29.46
2017-08-06,44,SKU-165658,CLEANING,0,296.4,3334,29.46
2017-08-07,44,SKU-165658,CLEANING,1,322.2,4403,29.46
2017-08-08,44,SKU-165658,CLEANING,0,221.7,2356,29.46
2017-08-09,44,SKU-165658,CLEANING,0,234.3,1756,29.46
2017-08-10,44,SKU-165658,CLEANING,1,300.1,2139,29.46
2017-08-11,44,SKU-165658,CLEANING,0,237.5,893,29.46
2017-08-12,44,SKU-165658,CLEANING,1,399.6,4091,29.46
2017-08-13,44,SKU-165658,CLEANING,1,391.8,1346,29.46
2017-08-14,44,SKU-165658,CLEANING,0,235.7,2395,29.46
2017-08-15,44,SKU-165658,CLEANING,0,230.0,1446,29.46
2017-08-16,44,SKU-165658,CLEANING,0,228.1,906,29.46
2017-08-01,44,SKU-326401,CLEANING,0,207.4,794,40.72
2017-08-02,44,SKU-326401,CLEANING,0,203.8,2578,40.72
2017-08-03,44,SKU-326401,CLEANING,1,260.0,1333,40.72
2017-08-04,44,SKU-326401,CLEANING,1,276.6,111,40.72
2017-08-05,44,SKU-326401,CLEANING,0,262.0,2708,40.72
2017-08-06,44,SKU-326401,CLEANING,0,259.6,2007,40.72
2017-08-07,44,SKU-326401,CLEANING,1,273.5,1540,40.72
2017-08-08,44,SKU-326401,CLEANING,1,258.9,3264,40.72
2017-08-09,44,SKU-326401,CLEANING,0,209.7,742,40.72
2017-08-10,44,SKU-326401,CLEANING,0,207.0,2037,40.72
2017-08-11,44,SKU-326401,CLEANING,0,196.3,1561,40.72
2017-08-12,44,SKU-326401,CLEANING,0,259.6,1382,40.72
2017-08-13,44,SKU-326401,CLEANING,1,340.1,200,40.72
2017-08-14,44,SKU-326401,CLEANING,0,203.8,1546,40.72
2017-08-15,44,SKU-326401,CLEANING,0,206.6,1092,40.72
2017-08-16,44,SKU-326401,CLEANING,1,283.2,61,40.72
2017-08-01,44,SKU-516656,CLEANING,0,208.4,2775,23.34
2017-08-02,44,SKU-516656,CLEANING,0,195.1,1751,23.34
2017-08-03,44,SKU-516656,CLEANING,0,204.3,2314,23.34
2017-08-04,44,SKU-516656,CLEANING,0,192.9,1872,23.34
2017-08-05,44,SKU-516656,CLEANING,0,248.2,2397,23.34
2017-08-06,44,SKU-516656,CLEANING,1,352.1,2427,23.34
2017-08-07,44,SKU-516656,CLEANING,0,194.3,2213,23.34
2017-08-08,44,SKU-516656,CLEANING,0,210.9,2892,23.34
2017-08-09,44,SKU-516656,CLEANING,0,211.4,2832,23.34
2017-08-10,44,SKU-516656,CLEANING,0,198.2,2092,23.34
2017-08-11,44,SKU-516656,CLEANING,0,204.2,80,23.34
2017-08-12,44,SKU-516656,CLEANING,0,266.1,883,23.34
2017-08-13,44,SKU-516656,CLEANING,1,336.6,3338,23.34
2017-08-14,44,SKU-516656,CLEANING,0,195.2,1635,23.34
2017-08-15,44,SKU-516656,CLEANING,1,268.9,2676,23.34
2017-08-16,44,SKU-516656,CLEANING,0,196.7,2530,23.34
2017-08-01,44,SKU-252550,DAIRY,1,251.0,2874,8.96
2017-08-02,44,SKU-252550,DAIRY,0,191.9,795,8.96
2017-08-03,44,SKU-252550,DAIRY,1,252.0,2350,8.96
2017-08-04,44,SKU-252550,DAIRY,1,242.3,47,8.96
2017-08-05,44,SKU-252550,DAIRY,1,326.2,1345,8.96
2017-08-06,44,SKU-252550,DAIRY,0,227.2,620,8.96
2017-08-07,44,SKU-252550,DAIRY,0,194.8,1313,8.96
2017-08-08,44,SKU-252550,DAIRY,0,195.5,852,8.96
2017-08-09,44,SKU-252550,DAIRY,1,263.7,755,8.96
2017-08-10,44,SKU-252550,DAIRY,0,197.5,2718,8.96
2017-08-11,44,SKU-252550,DAIRY,0,180.3,691,8.96
2017-08-12,44,SKU-252550,DAIRY,0,236.7,2054,8.96
2017-08-13,44,SKU-252550,DAIRY,1,316.0,3761,8.96
2017-08-14,44,SKU-252550,DAIRY,0,179.9,1274,8.96
2017-08-15,44,SKU-252550,DAIRY,0,186.5,2342,8.96
2017-08-16,44,SKU-252550,DAIRY,0,192.4,821,8.96
2017-08-01,44,SKU-660190,DAIRY,0,171.2,2158,37.82
2017-08-02,44,SKU-660190,DAIRY,1,221.4,2275,37.82
2017-08-03,44,SKU-660190,DAIRY,0,173.3,1204,37.82
2017-08-04,44,SKU-660190,DAIRY,0,170.4,1179,37.82
2017-08-05,44,SKU-660190,DAIRY,0,221.8,2779,37.82
2017-08-06,44,SKU-660190,DAIRY,0,212.8,1539,37.82
2017-08-07,44,SKU-660190,DAIRY,0,176.8,1610,37.82
2017-08-08,44,SKU-660190,DAIRY,0,169.7,1493,37.82
2017-08-09,44,SKU-660190,DAIRY,0,170.6,432,37.82
2017-08-10,44,SKU-660190,DAIRY,0,166.4,1001,37.82
2017-08-11,44,SKU-660190,DAIRY,0,174.5,847,37.82
2017-08-12,44,SKU-660190,DAIRY,1,278.5,231,37.82
2017-08-13,44,SKU-660190,DAIRY,0,207.1,2718,37.82
2017-08-14,44,SKU-660190,DAIRY,0,167.7,2176,37.82
2017-08-15,44,SKU-660190,DAIRY,0,162.3,695,37.82
2017-08-16,44,SKU-660190,DAIRY,0,163.9,1075,37.82
2017-08-01,44,SKU-793881,DAIRY,1,223.7,1768,17.67
2017-08-02,44,SKU-793881,DAIRY,1,228.3,2373,17.67
2017-08-03,44,SKU-793881,DAIRY,1,224.6,3120,17.67
2017-08-04,44,SKU-793881,DAIRY,1,223.5,979,17.67
2017-08-05,44,SKU-793881,DAIRY,0,225.3,622,17.67
2017-08-06,44,SKU-793881,DAIRY,1,286.2,3229,17.67
2017-08-07,44,SKU-793881,DAIRY,0,172.2,1570,17.67
2017-08-08,44,SKU-793881,DAIRY,1,229.3,2471,17.67
2017-08-09,44,SKU-793881,DAIRY,0,175.2,1843,17.67
2017-08-10,44,SKU-793881,DAIRY,0,176.8,1383,17.67
2017-08-11,44,SKU-793881,DAIRY,1,222.9,416,17.67
2017-08-12,44,SKU-793881,DAIRY,1,303.0,2004,17.67
2017-08-13,44,SKU-793881,DAIRY,1,298.2,4103,17.67
2017-08-14,44,SKU-793881,DAIRY,0,166.7,1042,17.67
2017-08-15,44,SKU-793881,DAIRY,1,228.9,3067,17.67
2017-08-16,44,SKU-793881,DAIRY,1,230.6,1753,17.67
2017-08-01,44,SKU-173876,DAIRY,0,240.8,376,13.33
2017-08-02,44,SKU-173876,DAIRY,0,237.4,2222,13.33
2017-08-03,44,SKU-173876,DAIRY,0,253.8,504,13.33
2017-08-04,44,SKU-173876,DAIRY,1,348.9,4158,13.33
2017-08-05,44,SKU-173876,DAIRY,1,426.5,2524,13.33
2017-08-06,44,SKU-173876,DAIRY,1,429.1,3797,13.33
2017-08-07,44,SKU-173876,DAIRY,1,330.6,569,13.33
2017-08-08,44,SKU-173876,DAIRY,0,240.4,1300,13.33
2017-08-09,44,SKU-173876,DAIRY,0,243.3,2756,13.33
2017-08-10,44,SKU-173876,DAIRY,0,234.1,1545,13.33
2017-08-11,44,SKU-173876,DAIRY,0,245.6,1397,13.33
2017-08-12,44,SKU-173876,DAIRY,1,400.5,3836,13.33
2017-08-13,44,SKU-173876,DAIRY,1,439.0,1099,13.33
2017-08-14,44,SKU-173876,DAIRY,0,234.9,1646,13.33
2017-08-15,44,SKU-173876,DAIRY,0,254.5,414,13.33
2017-08-16,44,SKU-173876,DAIRY,0,246.7,3356,13.33
2017-08-01,44,SKU-939811,DAIRY,0,195.7,1266,8.62
2017-08-02,44,SKU-939811,DAIRY,1,254.1,1653,8.62
2017-08-03,44,SKU-939811,DAIRY,0,185.3,2393,8.62
2017-08-04,44,SKU-939811,DAIRY,1,252.7,2480,8.62
2017-08-05,44,SKU-939811,DAIRY,1,310.8,1158,8.62
2017-08-06,44,SKU-939811,DAIRY,0,249.4,633,8.62
2017-08-07,44,SKU-939811,DAIRY,0,191.2,1666,8.62
2017-08-08,44,SKU-939811,DAIRY,1,254.6,1908,8.62
2017-08-09,44,SKU-939811,DAIRY,1,251.8,882,8.62
2017-08-10,44,SKU-939811,DAIRY,1,264.0,1538,8.62
2017-08-11,44,SKU-939811,DAIRY,0,195.7,1840,8.62
2017-08-12,44,SKU-939811,DAIRY,1,335.8,972,8.62
2017-08-13,44,SKU-939811,DAIRY,1,314.1,3799,8.62
2017-08-14,44,SKU-939811,DAIRY,1,258.8,2330,8.62
2017-08-15,44,SKU-939811,DAIRY,0,181.6,847,8.62
2017-08-16,44,SKU-939811,DAIRY,1,256.1,808,8.62
2017-08-01,44,SKU-427466,DAIRY,1,120.4,1197,10.84
2017-08-02,44,SKU-427466,DAIRY,0,92.9,1279,10.84
2017-08-03,44,SKU-427466,DAIRY,0,92.7,664,10.84
2017-08-04,44,SKU-427466,DAIRY,1,124.8,1732,10.84
2017-08-05,44,SKU-427466,DAIRY,0,116.1,886,10.84
2017-08-06,44,SKU-427466,DAIRY,0,111.3,1394,10.84
2017-08-07,44,SKU-427466,DAIRY,0,90.3,477,10.84
2017-08-08,44,SKU-427466,DAIRY,0,92.9,1111,10.84
2017-08-09,44,SKU-427466,DAIRY,0,87.4,587,10.84
2017-08-10,44,SKU-427466,DAIRY,0,88.1,135,10.84
2017-08-11,44,SKU-427466,DAIRY,0,87.7,814,10.84
2017-08-12,44,SKU-427466,DAIRY,0,112.2,91,10.84
2017-08-13,44,SKU-427466,DAIRY,1,152.6,61,10.84
2017-08-14,44,SKU-427466,DAIRY,0,92.8,1005,10.84
2017-08-15,44,SKU-427466,DAIRY,1,116.4,1075,10.84
2017-08-16,44,SKU-427466,DAIRY,1,121.6,1520,10.84
2017-08-01,44,SKU-676894,DAIRY,0,71.8,657,20.91
2017-08-02,44,SKU-676894,DAIRY,0,72.5,796,20.91
2017-08-03,44,SKU-676894,DAIRY,0,76.8,392,20.91
2017-08-04,44,SKU-676894,DAIRY,1,101.6,1267,20.91
2017-08-05,44,SKU-676894,DAIRY,1,119.1,156,20.91
2017-08-06,44,SKU-676894,DAIRY,0,91.8,1054,20.91
2017-08-07,44,SKU-676894,DAIRY,0,75.7,151,20.91
2017-08-08,44,SKU-676894,DAIRY,0,76.9,65,20.91
2017-08-09,44,SKU-676894,DAIRY,0,70.4,842,20.91
2017-08-10,44,SKU-676894,DAIRY,1,102.2,759,20.91
2017-08-11,44,SKU-676894,DAIRY,0,69.8,278,20.91
2017-08-12,44,SKU-676894,DAIRY,0,94.4,310,20.91
2017-08-13,44,SKU-676894,DAIRY,0,90.1,453,20.91
2017-08-14,44,SKU-676894,DAIRY,0,71.0,53,20.91
2017-08-15,44,SKU-676894,DAIRY,1,96.4,1111,20.91
2017-08-16,44,SKU-676894,DAIRY,0,74.5,88,20.91
2017-08-01,44,SKU-462498,DAIRY,0,186.8,1055,7.78
2017-08-02,44,SKU-462498,DAIRY,0,195.1,334,7.78
2017-08-03,44,SKU-462498,DAIRY,0,199.7,2032,7.78
2017-08-04,44,SKU-462498,DAIRY,0,186.7,2334,7.78
2017-08-05,44,SKU-462498,DAIRY,1,347.1,1241,7.78
2017-08-06,44,SKU-462498,DAIRY,0,238.5,2083,7.78
2017-08-07,44,SKU-462498,DAIRY,0,186.7,197,7.78
2017-08-08,44,SKU-462498,DAIRY,0,193.8,1679,7.78
2017-08-09,44,SKU-462498,DAIRY,1,268.1,1738,7.78
2017-08-10,44,SKU-462498,DAIRY,1,260.7,419,7.78
2017-08-11,44,SKU-462498,DAIRY,1,249.3,1923,7.78
2017-08-12,44,SKU-462498,DAIRY,0,245.0,1920,7.78
2017-08-13,44,SKU-462498,DAIRY,0,246.3,2609,7.78
2017-08-14,44,SKU-462498,DAIRY,0,191.7,727,7.78
2017-08-15,44,SKU-462498,DAIRY,1,267.7,3266,7.78
2017-08-16,44,SKU-462498,DAIRY,0,185.7,319,7.78
2017-08-01,44,SKU-656876,DAIRY,0,243.4,630,25.51
2017-08-02,44,SKU-656876,DAIRY,1,304.4,1599,25.51
2017-08-03,44,SKU-656876,DAIRY,0,242.0,3010,25.51
2017-08-04,44,SKU-656876,DAIRY,1,309.6,29,25.51
2017-08-05,44,SKU-656876,DAIRY,0,290.7,3083,25.51
2017-08-06,44,SKU-656876,DAIRY,1,393.6,4124,25.51
2017-08-07,44,SKU-656876,DAIRY,1,326.9,2669,25.51
2017-08-08,44,SKU-656876,DAIRY,1,313.3,192,25.51
2017-08-09,44,SKU-656876,DAIRY,0,223.6,545,25.51
2017-08-10,44,SKU-656876,DAIRY,0,240.6,1891,25.51
2017-08-11,44,SKU-656876,DAIRY,0,230.1,1498,25.51
2017-08-12,44,SKU-656876,DAIRY,0,286.7,3419,25.51
2017-08-13,44,SKU-656876,DAIRY,1,398.5,2687,25.51
2017-08-14,44,SKU-656876,DAIRY,0,231.6,1942,25.51
2017-08-15,44,SKU-656876,DAIRY,1,303.1,3452,25.51
2017-08-16,44,SKU-656876,DAIRY,0,232.3,1980,25.51
2017-08-01,44,SKU-349296,DAIRY,0,258.5,2633,9.74
2017-08-02,44,SKU-349296,DAIRY,1,359.9,4796,9.74
2017-08-03,44,SKU-349296,DAIRY,0,251.4,2130,9.74
2017-08-04,44,SKU-349296,DAIRY,1,355.1,265,9.74
2017-08-05,44,SKU-349296,DAIRY,0,323.7,1537,9.74
2017-08-06,44,SKU-349296,DAIRY,0,345.7,2500,9.74
2017-08-07,44,SKU-349296,DAIRY,0,251.6,200,9.74
2017-08-08,44,SKU-349296,DAIRY,0,273.2,2026,9.74
2017-08-09,44,SKU-349296,DAIRY,1,366.1,398,9.74
2017-08-10,44,SKU-349296,DAIRY,0,267.1,1663,9.74
2017-08-11,44,SKU-349296,DAIRY,0,260.9,1631,9.74
2017-08-12,44,SKU-349296,DAIRY,1,430.7,1693,9.74
2017-08-13,44,SKU-349296,DAIRY,0,338.8,2994,9.74
2017-08-14,44,SKU-349296,DAIRY,1,365.5,2854,9.74
2017-08-15,44,SKU-349296,DAIRY,0,261.7,2543,9.74
2017-08-16,44,SKU-349296,DAIRY,1,371.4,3152,9.74
2017-08-01,44,SKU-374443,DAIRY,0,102.9,796,33.05
2017-08-02,44,SKU-374443,DAIRY,0,111.8,10,33.05
2017-08-03,44,SKU-374443,DAIRY,1,141.3,1675,33.05
2017-08-04,44,SKU-374443,DAIRY,0,111.9,167,33.05
2017-08-05,44,SKU-374443,DAIRY,1,182.8,1107,33.05
2017-08-06,44,SKU-374443,DAIRY,0,139.8,398,33.05
2017-08-07,44,SKU-374443,DAIRY,1,143.7,2008,33.05
2017-08-08,44,SKU-374443,DAIRY,0,102.8,609,33.05
2017-08-09,44,SKU-374443,DAIRY,0,104.7,509,33.05
2017-08-10,44,SKU-374443,DAIRY,1,149.4,34,33.05
2017-08-11,44,SKU-374443,DAIRY,0,104.1,473,33.05
2017-08-12,44,SKU-374443,DAIRY,0,138.6,1845,33.05
2017-08-13,44,SKU-374443,DAIRY,0,133.1,392,33.05
2017-08-14,44,SKU-374443,DAIRY,1,137.4,1127,33.05
2017-08-15,44,SKU-374443,DAIRY,1,140.0,1160,33.05
2017-08-16,44,SKU-374443,DAIRY,0,110.4,431,33.05
2017-08-01,44,SKU-856802,DAIRY,0,271.7,505,33.36
2017-08-02,44,SKU-856802,DAIRY,0,252.1,2280,33.36
2017-08-03,44,SKU-856802,DAIRY,1,373.2,3589,33.36
2017-08-04,44,SKU-856802,DAIRY,1,371.4,4869,33.36
2017-08-05,44,SKU-856802,DAIRY,0,321.2,2102,33.36
2017-08-06,44,SKU-856802,DAIRY,0,338.7,4691,33.36
2017-08-07,44,SKU-856802,DAIRY,1,353.5,570,33.36
2017-08-08,44,SKU-856802,DAIRY,0,256.0,1282,33.36
2017-08-09,44,SKU-856802,DAIRY,1,355.0,2823,33.36
2017-08-10,44,SKU-856802,DAIRY,0,264.4,3235,33.36
2017-08-11,44,SKU-856802,DAIRY,1,342.3,4132,33.36
2017-08-12,44,SKU-856802,DAIRY,0,339.8,704,33.36
2017-08-13,44,SKU-856802,DAIRY,0,318.7,2683,33.36
2017-08-14,44,SKU-856802,DAIRY,0,257.9,3383,33.36
2017-08-15,44,SKU-856802,DAIRY,0,275.0,1476,33.36
2017-08-16,44,SKU-856802,DAIRY,1,362.7,862,33.36
2017-08-01,44,SKU-751222,DAIRY,0,25.7,63,9.76
2017-08-02,44,SKU-751222,DAIRY,0,24.7,187,9.76
2017-08-03,44,SKU-751222,DAIRY,1,34.7,266,9.76
2017-08-04,44,SKU-751222,DAIRY,1,34.0,133,9.76
2017-08-05,44,SKU-751222,DAIRY,1,42.7,253,9.76
2017-08-06,44,SKU-751222,DAIRY,0,30.8,58,9.76
2017-08-07,44,SKU-751222,DAIRY,1,34.3,352,9.76
2017-08-08,44,SKU-751222,DAIRY,0,25.7,18,9.76
2017-08-09,44,SKU-751222,DAIRY,0,24.0,25,9.76
2017-08-10,44,SKU-751222,DAIRY,0,24.9,308,9.76
2017-08-11,44,SKU-751222,DAIRY,1,34.3,230,9.76
2017-08-12,44,SKU-751222,DAIRY,1,43.4,288,9.76
2017-08-13,44,SKU-751222,DAIRY,1,41.9,232,9.76
2017-08-14,44,SKU-751222,DAIRY,0,25.0,257,9.76
2017-08-15,44,SKU-751222,DAIRY,0,24.8,316,9.76
2017-08-16,44,SKU-751222,DAIRY,1,32.3,95,9.76
2017-08-01,44,SKU-838568,DAIRY,0,96.4,739,44.71
2017-08-02,44,SKU-838568,DAIRY,1,137.3,1393,44.71
2017-08-03,44,SKU-838568,DAIRY,0,94.5,222,44.71
2017-08-04,44,SKU-838568,DAIRY,0,103.9,1338,44.71
2017-08-05,44,SKU-838568,DAIRY,0,128.2,1043,44.71
2017-08-06,44,SKU-838568,DAIRY,0,123.8,847,44.71
2017-08-07,44,SKU-838568,DAIRY,0,97.2,1271,44.71
2017-08-08,44,SKU-838568,DAIRY,0,96.8,435,44.71
2017-08-09,44,SKU-838568,DAIRY,1,135.9,1414,44.71
2017-08-10,44,SKU-838568,DAIRY,0,97.5,547,44.71
2017-08-11,44,SKU-838568,DAIRY,0,101.2,473,44.71
2017-08-12,44,SKU-838568,DAIRY,0,122.5,782,44.71
2017-08-13,44,SKU-838568,DAIRY,1,174.9,1971,44.71
2017-08-14,44,SKU-838568,DAIRY,0,97.1,1001,44.71
2017-08-15,44,SKU-838568,DAIRY,0,102.2,1118,44.71
2017-08-16,44,SKU-838568,DAIRY,0,95.3,1330,44.71
2017-08-01,44,SKU-364297,DAIRY,0,84.7,277,17.89
2017-08-02,44,SKU-364297,DAIRY,1,123.0,564,17.89
2017-08-03,44,SKU-364297,DAIRY,0,85.0,1104,17.89
2017-08-04,44,SKU-364297,DAIRY,0,89.7,71,17.89
2017-08-05,44,SKU-364297,DAIRY,0,110.3,459,17.89
2017-08-06,44,SKU-364297,DAIRY,0,110.9,1099,17.89
2017-08-07,44,SKU-364297,DAIRY,0,87.7,217,17.89
2017-08-08,44,SKU-364297,DAIRY,0,88.1,390,17.89
2017-08-09,44,SKU-364297,DAIRY,0,85.9,783,17.89
2017-08-10,44,SKU-364297,DAIRY,0,91.1,455,17.89
2017-08-11,44,SKU-364297,DAIRY,1,114.7,821,17.89
2017-08-12,44,SKU-364297,DAIRY,0,108.1,719,17.89
2017-08-13,44,SKU-364297,DAIRY,0,104.6,323,17.89
2017-08-14,44,SKU-364297,DAIRY,1,120.7,480,17.89
2017-08-15,44,SKU-364297,DAIRY,0,83.0,283,17.89
2017-08-16,44,SKU-364297,DAIRY,1,118.8,350,17.89
2017-08-01,44,SKU-605830,DAIRY,0,205.8,500,34.19
2017-08-02,44,SKU-605830,DAIRY,0,207.7,66,34.19
2017-08-03,44,SKU-605830,DAIRY,0,195.5,813,34.19
2017-08-04,44,SKU-605830,DAIRY,0,203.1,843,34.19
2017-08-05,44,SKU-605830,DAIRY,0,263.7,2568,34.19
2017-08-06,44,SKU-605830,DAIRY,0,249.9,2594,34.19
2017-08-07,44,SKU-605830,DAIRY,1,262.1,3437,34.19
2017-08-08,44,SKU-605830,DAIRY,1,280.5,573,34.19
2017-08-09,44,SKU-605830,DAIRY,0,196.7,187,34.19
2017-08-10,44,SKU-605830,DAIRY,0,193.5,1932,34.19
2017-08-11,44,SKU-605830,DAIRY,0,192.3,2542,34.19
2017-08-12,44,SKU-605830,DAIRY,0,254.4,2292,34.19
2017-08-13,44,SKU-605830,DAIRY,1,355.8,2200,34.19
2017-08-14,44,SKU-605830,DAIRY,1,269.0,2526,34.19
2017-08-15,44,SKU-605830,DAIRY,0,203.4,1537,34.19
2017-08-16,44,SKU-605830,DAIRY,0,204.3,504,34.19
2017-08-01,44,SKU-680509,DAIRY,0,219.7,2884,8.63
2017-08-02,44,SKU-680509,DAIRY,0,216.5,257,8.63
2017-08-03,44,SKU-680509,DAIRY,0,209.1,1904,8.63
2017-08-04,44,SKU-680509,DAIRY,1,284.4,2841,8.63
2017-08-05,44,SKU-680509,DAIRY,0,267.1,1961,8.63
2017-08-06,44,SKU-680509,DAIRY,0,265.6,2816,8.63
2017-08-07,44,SKU-680509,DAIRY,1,300.5,1613,8.63
2017-08-08,44,SKU-680509,DAIRY,0,223.4,1036,8.63
2017-08-09,44,SKU-680509,DAIRY,1,301.0,3239,8.63
2017-08-10,44,SKU-680509,DAIRY,0,225.6,2088,8.63
2017-08-11,44,SKU-680509,DAIRY,0,220.4,147,8.63
2017-08-12,44,SKU-680509,DAIRY,0,283.4,647,8.63
2017-08-13,44,SKU-680509,DAIRY,0,270.4,1354,8.63
2017-08-14,44,SKU-680509,DAIRY,0,226.8,819,8.63
2017-08-15,44,SKU-680509,DAIRY,1,299.3,2453,8.63
2017-08-16,44,SKU-680509,DAIRY,0,217.7,2906,8.63
2017-08-01,44,SKU-182169,DAIRY,1,180.2,1630,42.88
2017-08-02,44,SKU-182169,DAIRY,0,135.9,1348,42.88
2017-08-03,44,SKU-182169,DAIRY,0,129.5,1659,42.88
2017-08-04,44,SKU-182169,DAIRY,0,135.3,72,42.88
2017-08-05,44,SKU-182169,DAIRY,0,173.7,948,42.88
2017-08-06,44,SKU-182169,DAIRY,0,163.5,959,42.88
2017-08-07,44,SKU-182169,DAIRY,1,181.1,2287,42.88
2017-08-08,44,SKU-182169,DAIRY,1,187.9,2356,42.88
2017-08-09,44,SKU-182169,DAIRY,0,139.0,276,42.88
2017-08-10,44,SKU-182169,DAIRY,0,127.3,628,42.88
2017-08-11,44,SKU-182169,DAIRY,0,132.0,56,42.88
2017-08-12,44,SKU-182169,DAIRY,0,167.4,1776,42.88
2017-08-13,44,SKU-182169,DAIRY,0,163.6,593,42.88
2017-08-14,44,SKU-182169,DAIRY,0,134.6,893,42.88
2017-08-15,44,SKU-182169,DAIRY,0,131.6,689,42.88
2017-08-16,44,SKU-182169,DAIRY,1,175.1,2007,42.88
2017-08-01,44,SKU-971983,DAIRY,0,175.0,2339,23.12
2017-08-02,44,SKU-971983,DAIRY,0,166.0,438,23.12
2017-08-03,44,SKU-971983,DAIRY,0,172.6,2245,23.12
2017-08-04,44,SKU-971983,DAIRY,1,243.1,3096,23.12
2017-08-05,44,SKU-971983,DAIRY,0,216.5,1908,23.12
2017-08-06,44,SKU-971983,DAIRY,0,219.1,1428,23.12
2017-08-07,44,SKU-971983,DAIRY,0,172.8,757,23.12
2017-08-08,44,SKU-971983,DAIRY,0,169.3,469,23.12
2017-08-09,44,SKU-971983,DAIRY,0,168.3,2095,23.12
2017-08-10,44,SKU-971983,DAIRY,0,173.4,1391,23.12
2017-08-11,44,SKU-971983,DAIRY,0,170.6,1616,23.12
2017-08-12,44,SKU-971983,DAIRY,0,208.4,1798,23.12
2017-08-13,44,SKU-971983,DAIRY,0,220.7,2595,23.12
2017-08-14,44,SKU-971983,DAIRY,0,170.6,1068,23.12
2017-08-15,44,SKU-971983,DAIRY,0,168.8,994,23.12
2017-08-16,44,SKU-971983,DAIRY,0,165.2,1322,23.12
2017-08-01,44,SKU-424218,DAIRY,0,231.0,3111,30.64
2017-08-02,44,SKU-424218,DAIRY,0,234.6,1021,30.64
2017-08-03,44,SKU-424218,DAIRY,1,300.1,202,30.64
2017-08-04,44,SKU-424218,DAIRY,1,312.3,1498,30.64
2017-08-05,44,SKU-424218,DAIRY,0,300.1,853,30.64
2017-08-06,44,SKU-424218,DAIRY,0,307.6,2543,30.64
2017-08-07,44,SKU-424218,DAIRY,0,239.9,1768,30.64
2017-08-08,44,SKU-424218,DAIRY,0,226.0,1261,30.64
2017-08-09,44,SKU-424218,DAIRY,1,300.5,927,30.64
2017-08-10,44,SKU-424218,DAIRY,1,302.4,2669,30.64
2017-08-11,44,SKU-424218,DAIRY,0,235.3,1268,30.64
2017-08-12,44,SKU-424218,DAIRY,0,296.5,2838,30.64
2017-08-13,44,SKU-424218,DAIRY,0,298.1,2092,30.64
2017-08-14,44,SKU-424218,DAIRY,0,236.0,2283,30.64
2017-08-15,44,SKU-424218,DAIRY,0,234.9,520,30.64
2017-08-16,44,SKU-424218,DAIRY,0,227.3,2927,30.64
2017-08-01,44,SKU-605710,POULTRY,0,247.5,1150,19.11
2017-08-02,44,SKU-605710,POULTRY,0,248.7,2256,19.11
2017-08-03,44,SKU-605710,POULTRY,0,256.8,2176,19.11
2017-08-04,44,SKU-605710,POULTRY,0,260.3,2913,19.11
2017-08-05,44,SKU-605710,POULTRY,1,416.5,4945,19.11
2017-08-06,44,SKU-605710,POULTRY,1,436.6,3100,19.11
2017-08-07,44,SKU-605710,POULTRY,1,356.9,3209,19.11
2017-08-08,44,SKU-605710,POULTRY,0,260.4,334,19.11
2017-08-09,44,SKU-605710,POULTRY,0,264.7,3019,19.11
2017-08-10,44,SKU-605710,POULTRY,1,344.0,1969,19.11
2017-08-11,44,SKU-605710,POULTRY,1,334.3,3547,19.11
2017-08-12,44,SKU-605710,POULTRY,0,310.2,85,19.11
2017-08-13,44,SKU-605710,POULTRY,0,320.4,829,19.11
2017-08-14,44,SKU-605710,POULTRY,0,255.3,2558,19.11
2017-08-15,44,SKU-605710,POULTRY,0,256.6,213,19.11
2017-08-16,44,SKU-605710,POULTRY,0,243.7,2233,19.11
2017-08-01,44,SKU-473980,POULTRY,0,38.2,146,6.98
2017-08-02,44,SKU-473980,POULTRY,1,52.4,676,6.98
2017-08-03,44,SKU-473980,POULTRY,0,38.8,411,6.98
2017-08-04,44,SKU-473980,POULTRY,0,37.0,253,6.98
2017-08-05,44,SKU-473980,POULTRY,0,46.7,315,6.98
2017-08-06,44,SKU-473980,POULTRY,0,45.9,303,6.98
2017-08-07,44,SKU-473980,POULTRY,1,52.7,407,6.98
2017-08-08,44,SKU-473980,POULTRY,0,37.3,108,6.98
2017-08-09,44,SKU-473980,POULTRY,0,38.9,258,6.98
2017-08-10,44,SKU-473980,POULTRY,1,52.0,149,6.98
2017-08-11,44,SKU-473980,POULTRY,0,37.6,228,6.98
2017-08-12,44,SKU-473980,POULTRY,0,50.0,570,6.98
2017-08-13,44,SKU-473980,POULTRY,1,61.4,129,6.98
2017-08-14,44,SKU-473980,POULTRY,0,36.9,233,6.98
2017-08-15,44,SKU-473980,POULTRY,0,37.8,478,6.98
2017-08-16,44,SKU-473980,POULTRY,1,49.3,590,6.98
2017-08-01,44,SKU-240657,POULTRY,1,296.8,2239,30.89
2017-08-02,44,SKU-240657,POULTRY,0,217.1,91,30.89
2017-08-03,44,SKU-240657,POULTRY,0,215.5,1634,30.89
2017-08-04,44,SKU-240657,POULTRY,0,222.3,1398,30.89
2017-08-05,44,SKU-240657,POULTRY,0,289.7,2866,30.89
2017-08-06,44,SKU-240657,POULTRY,0,277.5,1818,30.89
2017-08-07,44,SKU-240657,POULTRY,1,306.4,1223,30.89
2017-08-08,44,SKU-240657,POULTRY,1,287.0,3067,30.89
2017-08-09,44,SKU-240657,POULTRY,0,215.2,2569,30.89
2017-08-10,44,SKU-240657,POULTRY,0,230.4,498,30.89
2017-08-11,44,SKU-240657,POULTRY,0,224.7,26,30.89
2017-08-12,44,SKU-240657,POULTRY,0,264.1,3671,30.89
2017-08-13,44,SKU-240657,POULTRY,1,369.8,817,30.89
2017-08-14,44,SKU-240657,POULTRY,0,220.3,3010,30.89
2017-08-15,44,SKU-240657,POULTRY,0,216.7,1524,30.89
2017-08-16,44,SKU-240657,POULTRY,1,297.1,4010,30.89
2017-08-01,44,SKU-118444,POULTRY,1,289.0,1590,3.39
2017-08-02,44,SKU-118444,POULTRY,0,215.8,460,3.39
2017-08-03,44,SKU-118444,POULTRY,0,209.9,1036,3.39
2017-08-04,44,SKU-118444,POULTRY,0,206.1,475,3.39
2017-08-05,44,SKU-118444,POULTRY,0,280.2,816,3.39
2017-08-06,44,SKU-118444,POULTRY,0,264.5,2917,3.39
2017-08-07,44,SKU-118444,POULTRY,0,206.9,618,3.39
2017-08-08,44,SKU-118444,POULTRY,1,290.1,572,3.39
2017-08-09,44,SKU-118444,POULTRY,0,206.3,368,3.39
2017-08-10,44,SKU-118444,POULTRY,1,288.0,2548,3.39
2017-08-11,44,SKU-118444,POULTRY,0,214.5,780,3.39
2017-08-12,44,SKU-118444,POULTRY,0,273.7,584,3.39
2017-08-13,44,SKU-118444,POULTRY,0,279.0,479,3.39
2017-08-14,44,SKU-118444,POULTRY,1,276.0,1354,3.39
2017-08-15,44,SKU-118444,POULTRY,0,214.7,298,3.39
2017-08-16,44,SKU-118444,POULTRY,1,301.7,773,3.39
2017-08-01,44,SKU-578653,POULTRY,0,31.1,401,12.34
2017-08-02,44,SKU-578653,POULTRY,0,31.8,426,12.34
2017-08-03,44,SKU-578653,POULTRY,1,42.2,199,12.34
2017-08-04,44,SKU-578653,POULTRY,0,33.2,14,12.34
2017-08-05,44,SKU-578653,POULTRY,0,41.7,245,12.34
2017-08-06,44,SKU-578653,POULTRY,1,55.4,167,12.34
2017-08-07,44,SKU-578653,POULTRY,0,32.1,324,12.34
2017-08-08,44,SKU-578653,POULTRY,1,44.1,27,12.34
2017-08-09,44,SKU-578653,POULTRY,0,31.9,260,12.34
2017-08-10,44,SKU-578653,POULTRY,0,32.5,309,12.34
2017-08-11,44,SKU-578653,POULTRY,0,33.0,56,12.34
2017-08-12,44,SKU-578653,POULTRY,0,40.2,539,12.34
2017-08-13,44,SKU-578653,POULTRY,0,39.6,514,12.34
2017-08-14,44,SKU-578653,POULTRY,1,44.6,199,12.34
2017-08-15,44,SKU-578653,POULTRY,1,43.0,376,12.34
2017-08-16,44,SKU-578653,POULTRY,0,32.5,155,12.34
2017-08-01,44,SKU-660180,POULTRY,0,153.9,904,24.41
2017-08-02,44,SKU-660180,POULTRY,1,200.2,1665,24.41
2017-08-03,44,SKU-660180,POULTRY,1,211.4,2608,24.41
2017-08-04,44,SKU-660180,POULTRY,0,150.2,1791,24.41
2017-08-05,44,SKU-660180,POULTRY,0,198.3,418,24.41
2017-08-06,44,SKU-660180,POULTRY,1,263.5,998,24.41
2017-08-07,44,SKU-660180,POULTRY,0,156.8,35,24.41
2017-08-08,44,SKU-660180,POULTRY,0,154.4,483,24.41
2017-08-09,44,SKU-660180,POULTRY,1,203.5,796,24.41
2017-08-10,44,SKU-660180,POULTRY,0,156.5,2035,24.41
2017-08-11,44,SKU-660180,POULTRY,0,152.2,152,24.41
2017-08-12,44,SKU-660180,POULTRY,1,260.8,2584,24.41
2017-08-13,44,SKU-660180,POULTRY,0,200.9,1508,24.41
2017-08-14,44,SKU-660180,POULTRY,1,198.8,1436,24.41
2017-08-15,44,SKU-660180,POULTRY,1,209.6,77,24.41
2017-08-16,44,SKU-660180,POULTRY,1,203.4,717,24.41
2017-08-01,44,SKU-375640,POULTRY,1,63.9,132,19.27
2017-08-02,44,SKU-375640,POULTRY,0,45.8,214,19.27
2017-08-03,44,SKU-375640,POULTRY,1,62.9,863,19.27
2017-08-04,44,SKU-375640,POULTRY,0,45.4,532,19.27
2017-08-05,44,SKU-375640,POULTRY,0,56.6,790,19.27
2017-08-06,44,SKU-375640,POULTRY,1,78.6,622,19.27
2017-08-07,44,SKU-375640,POULTRY,0,48.1,544,19.27
2017-08-08,44,SKU-375640,POULTRY,0,44.4,512,19.27
2017-08-09,44,SKU-375640,POULTRY,0,47.9,670,19.27
2017-08-10,44,SKU-375640,POULTRY,1,63.4,437,19.27
2017-08-11,44,SKU-375640,POULTRY,0,46.9,266,19.27
2017-08-12,44,SKU-375640,POULTRY,0,56.7,199,19.27
2017-08-13,44,SKU-375640,POULTRY,0,59.8,362,19.27
2017-08-14,44,SKU-375640,POULTRY,0,45.6,30,19.27
2017-08-15,44,SKU-375640,POULTRY,1,62.2,100,19.27
2017-08-16,44,SKU-375640,POULTRY,0,48.1,403,19.27
2017-08-01,44,SKU-723277,POULTRY,0,236.2,2723,1.99
2017-08-02,44,SKU-723277,POULTRY,1,331.1,993,1.99
2017-08-03,44,SKU-723277,POULTRY,0,236.8,638,1.99
2017-08-04,44,SKU-723277,POULTRY,0,257.3,3210,1.99
2017-08-05,44,SKU-723277,POULTRY,0,311.0,4346,1.99
2017-08-06,44,SKU-723277,POULTRY,0,307.3,3913,1.99
2017-08-07,44,SKU-723277,POULTRY,0,235.4,2093,1.99
2017-08-08,44,SKU-723277,POULTRY,0,242.1,1441,1.99
2017-08-09,44,SKU-723277,POULTRY,0,257.3,803,1.99
2017-08-10,44,SKU-723277,POULTRY,0,236.2,2013,1.99
2017-08-11,44,SKU-723277,POULTRY,1,330.5,1145,1.99
2017-08-12,44,SKU-723277,POULTRY,0,311.0,753,1.99
2017-08-13,44,SKU-723277,POULTRY,0,307.8,4234,1.99
2017-08-14,44,SKU-723277,POULTRY,1,338.8,4216,1.99
2017-08-15,44,SKU-723277,POULTRY,1,344.4,272,1.99
2017-08-16,44,SKU-723277,POULTRY,0,251.3,2056,1.99
2017-08-01,44,SKU-603954,POULTRY,0,181.0,990,12.63
2017-08-02,44,SKU-603954,POULTRY,0,169.5,124,12.63
2017-08-03,44,SKU-603954,POULTRY,0,166.0,1684,12.63
2017-08-04,44,SKU-603954,POULTRY,0,171.6,993,12.63
2017-08-05,44,SKU-603954,POULTRY,1,282.1,2229,12.63
2017-08-06,44,SKU-603954,POULTRY,1,308.8,2531,12.63
2017-08-07,44,SKU-603954,POULTRY,0,166.9,414,12.63
2017-08-08,44,SKU-603954,POULTRY,0,165.5,2048,12.63
2017-08-09,44,SKU-603954,POULTRY,0,166.0,564,12.63
2017-08-10,44,SKU-603954,POULTRY,0,165.8,1812,12.63
2017-08-11,44,SKU-603954,POULTRY,1,245.6,2525,12.63
2017-08-12,44,SKU-603954,POULTRY,1,299.9,1930,12.63
2017-08-13,44,SKU-603954,POULTRY,1,288.4,452,12.63
2017-08-14,44,SKU-603954,POULTRY,1,245.5,1989,12.63
2017-08-15,44,SKU-603954,POULTRY,0,174.5,1174,12.63
2017-08-16,44,SKU-603954,POULTRY,0,181.7,1225,12.63
2017-08-01,44,SKU-305107,POULTRY,1,154.0,1427,19.37
2017-08-02,44,SKU-305107,POULTRY,0,114.7,661,19.37
2017-08-03,44,SKU-305107,POULTRY,1,156.2,1217,19.37
2017-08-04,44,SKU-305107,POULTRY,0,116.7,841,19.37
2017-08-05,44,SKU-305107,POULTRY,1,204.8,459,19.37
2017-08-06,44,SKU-305107,POULTRY,0,152.9,67,19.37
2017-08-07,44,SKU-305107,POULTRY,0,115.8,229,19.37
2017-08-08,44,SKU-305107,POULTRY,0,119.4,627,19.37
2017-08-09,44,SKU-305107,POULTRY,1,163.7,2009,19.37
2017-08-10,44,SKU-305107,POULTRY,0,115.0,751,19.37
2017-08-11,44,SKU-305107,POULTRY,1,157.0,209,19.37
2017-08-12,44,SKU-305107,POULTRY,0,149.8,649,19.37
2017-08-13,44,SKU-305107,POULTRY,0,147.7,1414,19.37
2017-08-14,44,SKU-305107,POULTRY,0,121.5,916,19.37
2017-08-15,44,SKU-305107,POULTRY,0,116.9,858,19.37
2017-08-16,44,SKU-305107,POULTRY,0,119.1,959,19.37
2017-08-01,44,SKU-576120,POULTRY,1,314.0,1376,36.64
2017-08-02,44,SKU-576120,POULTRY,1,304.3,195,36.64
2017-08-03,44,SKU-576120,POULTRY,0,240.3,200,36.64
2017-08-04,44,SKU-576120,POULTRY,0,230.7,483,36.64
2017-08-05,44,SKU-576120,POULTRY,1,381.0,1705,36.64
2017-08-06,44,SKU-576120,POULTRY,0,292.5,1068,36.64
2017-08-07,44,SKU-576120,POULTRY,1,329.3,1924,36.64
2017-08-08,44,SKU-576120,POULTRY,0,229.3,2748,36.64
2017-08-09,44,SKU-576120,POULTRY,0,224.2,2679,36.64
2017-08-10,44,SKU-576120,POULTRY,0,231.8,1103,36.64
2017-08-11,44,SKU-576120,POULTRY,0,244.5,2539,36.64
2017-08-12,44,SKU-576120,POULTRY,0,295.7,2304,36.64
2017-08-13,44,SKU-576120,POULTRY,0,293.2,2654,36.64
2017-08-14,44,SKU-576120,POULTRY,0,229.9,401,36.64
2017-08-15,44,SKU-576120,POULTRY,0,235.8,393,36.64
2017-08-16,44,SKU-576120,POULTRY,0,231.4,2200,36.64
2017-08-01,44,SKU-700050,POULTRY,0,162.3,1378,7.3
2017-08-02,44,SKU-700050,POULTRY,1,231.3,3001,7.3
2017-08-03,44,SKU-700050,POULTRY,0,169.9,186,7.3
2017-08-04,44,SKU-700050,POULTRY,0,159.7,1008,7.3
2017-08-05,44,SKU-700050,POULTRY,0,205.1,1863,7.3
2017-08-06,44,SKU-700050,POULTRY,0,210.8,1222,7.3
2017-08-07,44,SKU-700050,POULTRY,0,158.9,533,7.3
2017-08-08,44,SKU-700050,POULTRY,0,167.9,1872,7.3
2017-08-09,44,SKU-700050,POULTRY,0,164.1,1876,7.3
2017-08-10,44,SKU-700050,POULTRY,0,159.6,1124,7.3
2017-08-11,44,SKU-700050,POULTRY,0,167.6,1677,7.3
2017-08-12,44,SKU-700050,POULTRY,0,208.1,702,7.3
2017-08-13,44,SKU-700050,POULTRY,1,293.5,1163,7.3
2017-08-14,44,SKU-700050,POULTRY,0,161.8,244,7.3
2017-08-15,44,SKU-700050,POULTRY,0,166.6,2271,7.3
2017-08-16,44,SKU-700050,POULTRY,0,161.3,385,7.3
2017-08-01,44,SKU-908334,POULTRY,1,128.9,417,21.75
2017-08-02,44,SKU-908334,POULTRY,1,120.0,701,21.75
2017-08-03,44,SKU-908334,POULTRY,0,96.9,64,21.75
2017-08-04,44,SKU-908334,POULTRY,0,96.8,793,21.75
2017-08-05,44,SKU-908334,POULTRY,1,150.8,890,21.75
2017-08-06,44,SKU-908334,POULTRY,1,159.7,1901,21.75
2017-08-07,44,SKU-908334,POULTRY,1,127.8,592,21.75
2017-08-08,44,SKU-908334,POULTRY,0,88.9,538,21.75
2017-08-09,44,SKU-908334,POULTRY,1,125.2,1597,21.75
2017-08-10,44,SKU-908334,POULTRY,1,131.5,1745,21.75
2017-08-11,44,SKU-908334,POULTRY,1,130.1,1365,21.75
2017-08-12,44,SKU-908334,POULTRY,1,161.9,1637,21.75
2017-08-13,44,SKU-908334,POULTRY,0,116.5,486,21.75
2017-08-14,44,SKU-908334,POULTRY,0,92.5,1166,21.75
2017-08-15,44,SKU-908334,POULTRY,0,88.8,1010,21.75
2017-08-16,44,SKU-908334,POULTRY,1,129.6,1322,21.75
2017-08-01,44,SKU-667577,POULTRY,0,110.4,1444,26.09
2017-08-02,44,SKU-667577,POULTRY,1,151.7,701,26.09
2017-08-03,44,SKU-667577,POULTRY,0,110.0,1140,26.09
2017-08-04,44,SKU-667577,POULTRY,0,118.4,1403,26.09
2017-08-05,44,SKU-667577,POULTRY,0,149.1,366,26.09
2017-08-06,44,SKU-667577,POULTRY,0,147.7,1371,26.09
2017-08-07,44,SKU-667577,POULTRY,0,113.1,521,26.09
2017-08-08,44,SKU-667577,POULTRY,0,118.0,946,26.09
2017-08-09,44,SKU-667577,POULTRY,1,148.9,1831,26.09
2017-08-10,44,SKU-667577,POULTRY,0,109.6,990,26.09
2017-08-11,44,SKU-667577,POULTRY,0,111.7,1197,26.09
2017-08-12,44,SKU-667577,POULTRY,1,192.5,1336,26.09
2017-08-13,44,SKU-667577,POULTRY,0,151.4,682,26.09
2017-08-14,44,SKU-667577,POULTRY,0,114.7,79,26.09
2017-08-15,44,SKU-667577,POULTRY,0,110.0,204,26.09
2017-08-16,44,SKU-667577,POULTRY,0,119.2,1553,26.09
2017-08-01,44,SKU-773998,POULTRY,0,276.1,2972,11.25
2017-08-02,44,SKU-773998,POULTRY,1,370.5,3428,11.25
2017-08-03,44,SKU-773998,POULTRY,0,272.7,1045,11.25
2017-08-04,44,SKU-773998,POULTRY,0,269.3,3058,11.25
2017-08-05,44,SKU-773998,POULTRY,0,338.0,1625,11.25
2017-08-06,44,SKU-773998,POULTRY,0,351.4,1972,11.25
2017-08-07,44,SKU-773998,POULTRY,1,393.6,4154,11.25
2017-08-08,44,SKU-773998,POULTRY,0,291.0,1603,11.25
2017-08-09,44,SKU-773998,POULTRY,0,276.7,1093,11.25
2017-08-10,44,SKU-773998,POULTRY,1,370.2,3002,11.25
2017-08-11,44,SKU-773998,POULTRY,0,287.2,3115,11.25
2017-08-12,44,SKU-773998,POULTRY,0,358.7,3537,11.25
2017-08-13,44,SKU-773998,POULTRY,0,355.8,2865,11.25
2017-08-14,44,SKU-773998,POULTRY,0,283.6,1870,11.25
2017-08-15,44,SKU-773998,POULTRY,0,288.9,103,11.25
2017-08-16,44,SKU-773998,POULTRY,0,268.3,142,11.25
2017-08-01,44,SKU-281385,POULTRY,0,96.4,339,23.96
2017-08-02,44,SKU-281385,POULTRY,0,103.7,505,23.96
2017-08-03,44,SKU-281385,POULTRY,0,96.4,804,23.96
2017-08-04,44,SKU-281385,POULTRY,1,133.5,1404,23.96
2017-08-05,44,SKU-281385,POULTRY,0,128.3,471,23.96
2017-08-06,44,SKU-281385,POULTRY,1,175.3,1959,23.96
2017-08-07,44,SKU-281385,POULTRY,0,101.4,769,23.96
2017-08-08,44,SKU-281385,POULTRY,1,132.5,1432,23.96
2017-08-09,44,SKU-281385,POULTRY,0,98.5,161,23.96
2017-08-10,44,SKU-281385,POULTRY,0,96.2,222,23.96
2017-08-11,44,SKU-281385,POULTRY,0,102.4,676,23.96
2017-08-12,44,SKU-281385,POULTRY,1,171.6,1998,23.96
2017-08-13,44,SKU-281385,POULTRY,0,120.6,1045,23.96
2017-08-14,44,SKU-281385,POULTRY,0,100.8,1132,23.96
2017-08-15,44,SKU-281385,POULTRY,1,133.4,1531,23.96
2017-08-16,44,SKU-281385,POULTRY,0,95.7,727,23.96
2017-08-01,44,SKU-272588,POULTRY,0,32.2,231,17.33
2017-08-02,44,SKU-272588,POULTRY,1,43.4,207,17.33
2017-08-03,44,SKU-272588,POULTRY,1,45.4,155,17.33
2017-08-04,44,SKU-272588,POULTRY,0,33.5,46,17.33
2017-08-05,44,SKU-272588,POULTRY,0,40.8,114,17.33
2017-08-06,44,SKU-272588,POULTRY,0,40.7,432,17.33
2017-08-07,44,SKU-272588,POULTRY,1,45.9,56,17.33
2017-08-08,44,SKU-272588,POULTRY,0,33.3,256,17.33
2017-08-09,44,SKU-272588,POULTRY,0,31.5,130,17.33
2017-08-10,44,SKU-272588,POULTRY,0,31.4,424,17.33
2017-08-11,44,SKU-272588,POULTRY,0,34.1,403,17.33
2017-08-12,44,SKU-272588,POULTRY,0,42.0,398,17.33
2017-08-13,44,SKU-272588,POULTRY,0,40.4,295,17.33
2017-08-14,44,SKU-272588,POULTRY,0,32.6,221,17.33
2017-08-15,44,SKU-272588,POULTRY,0,32.5,203,17.33
2017-08-16,44,SKU-272588,POULTRY,0,33.7,302,17.33
2017-08-01,44,SKU-996666,POULTRY,0,37.5,302,33.15
2017-08-02,44,SKU-996666,POULTRY,1,50.2,625,33.15
2017-08-03,44,SKU-996666,POULTRY,0,35.5,282,33.15
2017-08-04,44,SKU-996666,POULTRY,0,34.9,165,33.15
2017-08-05,44,SKU-996666,POULTRY,0,44.2,66,33.15
2017-08-06,44,SKU-996666,POULTRY,0,44.1,282,33.15
2017-08-07,44,SKU-996666,POULTRY,1,48.2,644,33.15
2017-08-08,44,SKU-996666,POULTRY,0,37.1,136,33.15
2017-08-09,44,SKU-996666,POULTRY,1,47.1,495,33.15
2017-08-10,44,SKU-996666,POULTRY,0,36.3,118,33.15
2017-08-11,44,SKU-996666,POULTRY,0,36.3,470,33.15
2017-08-12,44,SKU-996666,POULTRY,0,44.9,129,33.15
2017-08-13,44,SKU-996666,POULTRY,0,43.6,507,33.15
2017-08-14,44,SKU-996666,POULTRY,0,35.9,303,33.15
2017-08-15,44,SKU-996666,POULTRY,0,36.4,135,33.15
2017-08-16,44,SKU-996666,POULTRY,0,37.5,174,33.15
2017-08-01,44,SKU-457892,POULTRY,0,59.8,817,27.8
2017-08-02,44,SKU-457892,POULTRY,0,61.4,198,27.8
2017-08-03,44,SKU-457892,POULTRY,0,66.1,280,27.8
2017-08-04,44,SKU-457892,POULTRY,0,65.3,590,27.8
2017-08-05,44,SKU-457892,POULTRY,0,82.6,869,27.8
2017-08-06,44,SKU-457892,POULTRY,0,80.6,1041,27.8
2017-08-07,44,SKU-457892,POULTRY,0,64.4,875,27.8
2017-08-08,44,SKU-457892,POULTRY,0,60.4,214,27.8
2017-08-09,44,SKU-457892,POULTRY,0,61.5,824,27.8
2017-08-10,44,SKU-457892,POULTRY,0,62.7,618,27.8
2017-08-11,44,SKU-457892,POULTRY,0,62.2,75,27.8
2017-08-12,44,SKU-457892,POULTRY,0,82.4,794,27.8
2017-08-13,44,SKU-457892,POULTRY,0,76.5,876,27.8
2017-08-14,44,SKU-457892,POULTRY,1,84.0,859,27.8
2017-08-15,44,SKU-457892,POULTRY,0,62.9,738,27.8
2017-08-16,44,SKU-457892,POULTRY,0,63.1,197,27.8
2017-08-01,44,SKU-986195,POULTRY,0,279.1,1563,32.0
2017-08-02,44,SKU-986195,POULTRY,1,368.1,3611,32.0
2017-08-03,44,SKU-986195,POULTRY,0,266.2,492,32.0
2017-08-04,44,SKU-986195,POULTRY,0,271.2,1051,32.0
2017-08-05,44,SKU-986195,POULTRY,0,332.0,1151,32.0
2017-08-06,44,SKU-986195,POULTRY,0,355.8,2719,32.0
2017-08-07,44,SKU-986195,POULTRY,1,366.4,1527,32.0
2017-08-08,44,SKU-986195,POULTRY,0,288.4,2029,32.0
2017-08-09,44,SKU-986195,POULTRY,0,287.6,1174,32.0
2017-08-10,44,SKU-986195,POULTRY,0,280.3,3083,32.0
2017-08-11,44,SKU-986195,POULTRY,0,283.9,2290,32.0
2017-08-12,44,SKU-986195,POULTRY,1,472.9,1526,32.0
2017-08-13,44,SKU-986195,POULTRY,0,356.0,3260,32.0
2017-08-14,44,SKU-986195,POULTRY,0,263.3,938,32.0
2017-08-15,44,SKU-986195,POULTRY,1,360.8,2350,32.0
2017-08-16,44,SKU-986195,POULTRY,0,286.4,3050,32.0
2017-08-01,44,SKU-175412,MEATS,0,205.7,2514,9.87
2017-08-02,44,SKU-175412,MEATS,0,209.5,2298,9.87
2017-08-03,44,SKU-175412,MEATS,0,203.2,1995,9.87
2017-08-04,44,SKU-175412,MEATS,0,211.1,2277,9.87
2017-08-05,44,SKU-175412,MEATS,0,269.0,683,9.87
2017-08-06,44,SKU-175412,MEATS,1,340.4,3639,9.87
2017-08-07,44,SKU-175412,MEATS,0,208.0,462,9.87
2017-08-08,44,SKU-175412,MEATS,0,195.1,2364,9.87
2017-08-09,44,SKU-175412,MEATS,0,207.2,2381,9.87
2017-08-10,44,SKU-175412,MEATS,1,263.5,3295,9.87
2017-08-11,44,SKU-175412,MEATS,0,208.0,2125,9.87
2017-08-12,44,SKU-175412,MEATS,0,249.5,1723,9.87
2017-08-13,44,SKU-175412,MEATS,0,267.4,1353,9.87
2017-08-14,44,SKU-175412,MEATS,1,273.2,3688,9.87
2017-08-15,44,SKU-175412,MEATS,1,283.4,425,9.87
2017-08-16,44,SKU-175412,MEATS,0,195.9,823,9.87
2017-08-01,44,SKU-229923,MEATS,0,42.4,503,5.82
2017-08-02,44,SKU-229923,MEATS,0,42.9,587,5.82
2017-08-03,44,SKU-229923,MEATS,0,43.9,522,5.82
2017-08-04,44,SKU-229923,MEATS,1,56.2,551,5.82
2017-08-05,44,SKU-229923,MEATS,0,54.0,374,5.82
2017-08-06,44,SKU-229923,MEATS,1,71.5,117,5.82
2017-08-07,44,SKU-229923,MEATS,0,42.2,44,5.82
2017-08-08,44,SKU-229923,MEATS,1,57.5,150,5.82
2017-08-09,44,SKU-229923,MEATS,0,44.6,472,5.82
2017-08-10,44,SKU-229923,MEATS,1,55.9,614,5.82
2017-08-11,44,SKU-229923,MEATS,0,44.0,589,5.82
2017-08-12,44,SKU-229923,MEATS,1,76.4,202,5.82
2017-08-13,44,SKU-229923,MEATS,0,57.3,471,5.82
2017-08-14,44,SKU-229923,MEATS,0,44.4,36,5.82
2017-08-15,44,SKU-229923,MEATS,1,60.8,367,5.82
2017-08-16,44,SKU-229923,MEATS,0,42.5,523,5.82
2017-08-01,44,SKU-860964,MEATS,0,286.5,1686,8.17
2017-08-02,44,SKU-860964,MEATS,0,293.1,2651,8.17
2017-08-03,44,SKU-860964,MEATS,0,271.6,37,8.17
2017-08-04,44,SKU-860964,MEATS,0,294.9,3156,8.17
2017-08-05,44,SKU-860964,MEATS,1,458.7,4371,8.17
2017-08-06,44,SKU-860964,MEATS,0,366.3,1959,8.17
2017-08-07,44,SKU-860964,MEATS,0,284.0,1120,8.17
2017-08-08,44,SKU-860964,MEATS,0,286.5,2830,8.17
2017-08-09,44,SKU-860964,MEATS,1,376.5,2458,8.17
2017-08-10,44,SKU-860964,MEATS,1,383.8,209,8.17
2017-08-11,44,SKU-860964,MEATS,1,363.7,878,8.17
2017-08-12,44,SKU-860964,MEATS,0,341.3,132,8.17
2017-08-13,44,SKU-860964,MEATS,0,354.2,1261,8.17
2017-08-14,44,SKU-860964,MEATS,0,286.5,914,8.17
2017-08-15,44,SKU-860964,MEATS,0,279.8,1222,8.17
2017-08-16,44,SKU-860964,MEATS,0,280.5,2630,8.17
2017-08-01,44,SKU-203246,MEATS,0,248.6,2151,36.63
2017-08-02,44,SKU-203246,MEATS,0,254.4,2204,36.63
2017-08-03,44,SKU-203246,MEATS,0,239.7,2892,36.63
2017-08-04,44,SKU-203246,MEATS,0,243.6,646,36.63
2017-08-05,44,SKU-203246,MEATS,0,301.0,1986,36.63
2017-08-06,44,SKU-203246,MEATS,0,312.8,4038,36.63
2017-08-07,44,SKU-203246,MEATS,0,240.6,201,36.63
2017-08-08,44,SKU-203246,MEATS,0,236.8,2431,36.63
2017-08-09,44,SKU-203246,MEATS,0,256.5,93,36.63
2017-08-10,44,SKU-203246,MEATS,0,257.6,642,36.63
2017-08-11,44,SKU-203246,MEATS,0,251.0,2228,36.63
2017-08-12,44,SKU-203246,MEATS,0,305.4,3116,36.63
2017-08-13,44,SKU-203246,MEATS,0,300.3,4053,36.63
2017-08-14,44,SKU-203246,MEATS,0,246.7,2931,36.63
2017-08-15,44,SKU-203246,MEATS,0,235.6,1675,36.63
2017-08-16,44,SKU-203246,MEATS,1,338.8,4604,36.63
2017-08-01,44,SKU-159843,MEATS,1,187.7,250,39.38
2017-08-02,44,SKU-159843,MEATS,0,139.3,1104,39.38
2017-08-03,44,SKU-159843,MEATS,0,138.8,1300,39.38
2017-08-04,44,SKU-159843,MEATS,1,193.5,437,39.38
2017-08-05,44,SKU-159843,MEATS,0,179.1,2184,39.38
2017-08-06,44,SKU-159843,MEATS,0,177.0,1487,39.38
2017-08-07,44,SKU-159843,MEATS,0,144.3,91,39.38
2017-08-08,44,SKU-159843,MEATS,0,135.9,606,39.38
2017-08-09,44,SKU-159843,MEATS,0,136.4,596,39.38
2017-08-10,44,SKU-159843,MEATS,1,193.5,255,39.38
2017-08-11,44,SKU-159843,MEATS,0,136.2,488,39.38
2017-08-12,44,SKU-159843,MEATS,0,171.4,2384,39.38
2017-08-13,44,SKU-159843,MEATS,0,183.4,2132,39.38
2017-08-14,44,SKU-159843,MEATS,1,189.3,2317,39.38
2017-08-15,44,SKU-159843,MEATS,1,184.4,1242,39.38
2017-08-16,44,SKU-159843,MEATS,0,142.9,1167,39.38
2017-08-01,44,SKU-206177,MEATS,0,64.9,407,21.67
2017-08-02,44,SKU-206177,MEATS,1,83.2,492,21.67
2017-08-03,44,SKU-206177,MEATS,0,61.2,507,21.67
2017-08-04,44,SKU-206177,MEATS,0,61.9,131,21.67
2017-08-05,44,SKU-206177,MEATS,0,83.8,46,21.67
2017-08-06,44,SKU-206177,MEATS,1,107.4,848,21.67
2017-08-07,44,SKU-206177,MEATS,0,66.3,717,21.67
2017-08-08,44,SKU-206177,MEATS,1,88.4,373,21.67
2017-08-09,44,SKU-206177,MEATS,1,90.0,163,21.67
2017-08-10,44,SKU-206177,MEATS,1,87.3,1127,21.67
2017-08-11,44,SKU-206177,MEATS,1,89.2,1106,21.67
2017-08-12,44,SKU-206177,MEATS,0,77.5,136,21.67
2017-08-13,44,SKU-206177,MEATS,0,79.2,761,21.67
2017-08-14,44,SKU-206177,MEATS,0,65.0,748,21.67
2017-08-15,44,SKU-206177,MEATS,0,63.4,269,21.67
2017-08-16,44,SKU-206177,MEATS,0,63.6,643,21.67
2017-08-01,44,SKU-733553,MEATS,1,120.3,1177,1.51
2017-08-02,44,SKU-733553,MEATS,0,87.1,1002,1.51
2017-08-03,44,SKU-733553,MEATS,0,83.7,692,1.51
2017-08-04,44,SKU-733553,MEATS,1,111.3,934,1.51
2017-08-05,44,SKU-733553,MEATS,0,110.2,1006,1.51
2017-08-06,44,SKU-733553,MEATS,0,105.0,353,1.51
2017-08-07,44,SKU-733553,MEATS,0,82.2,734,1.51
2017-08-08,44,SKU-733553,MEATS,0,84.1,708,1.51
2017-08-09,44,SKU-733553,MEATS,0,84.3,551,1.51
2017-08-10,44,SKU-733553,MEATS,1,115.7,1023,1.51
2017-08-11,44,SKU-733553,MEATS,0,82.7,103,1.51
2017-08-12,44,SKU-733553,MEATS,1,145.0,469,1.51
2017-08-13,44,SKU-733553,MEATS,1,142.3,498,1.51
2017-08-14,44,SKU-733553,MEATS,0,84.9,699,1.51
2017-08-15,44,SKU-733553,MEATS,0,85.4,1033,1.51
2017-08-16,44,SKU-733553,MEATS,1,120.3,1457,1.51
2017-08-01,44,SKU-738192,MEATS,0,179.0,823,38.13
2017-08-02,44,SKU-738192,MEATS,1,232.6,1824,38.13
2017-08-03,44,SKU-738192,MEATS,0,181.3,1783,38.13
2017-08-04,44,SKU-738192,MEATS,1,228.1,225,38.13
2017-08-05,44,SKU-738192,MEATS,0,220.2,2475,38.13
2017-08-06,44,SKU-738192,MEATS,0,214.7,1126,38.13
2017-08-07,44,SKU-738192,MEATS,1,231.1,3168,38.13
2017-08-08,44,SKU-738192,MEATS,0,178.4,1475,38.13
2017-08-09,44,SKU-738192,MEATS,0,178.4,1123,38.13
2017-08-10,44,SKU-738192,MEATS,0,176.8,282,38.13
2017-08-11,44,SKU-738192,MEATS,1,239.2,2616,38.13
2017-08-12,44,SKU-738192,MEATS,0,213.1,979,38.13
2017-08-13,44,SKU-738192,MEATS,1,309.7,2094,38.13
2017-08-14,44,SKU-738192,MEATS,0,178.0,1911,38.13
2017-08-15,44,SKU-738192,MEATS,1,223.9,40,38.13
2017-08-16,44,SKU-738192,MEATS,0,168.0,1895,38.13
2017-08-01,44,SKU-654083,MEATS,0,135.5,1672,15.83
2017-08-02,44,SKU-654083,MEATS,0,127.9,1367,15.83
2017-08-03,44,SKU-654083,MEATS,0,131.0,1286,15.83
2017-08-04,44,SKU-654083,MEATS,0,132.5,1313,15.83
2017-08-05,44,SKU-654083,MEATS,1,218.0,2682,15.83
2017-08-06,44,SKU-654083,MEATS,0,160.5,118,15.83
2017-08-07,44,SKU-654083,MEATS,0,124.7,1477,15.83
2017-08-08,44,SKU-654083,MEATS,0,123.7,1240,15.83
2017-08-09,44,SKU-654083,MEATS,1,178.1,85,15.83
2017-08-10,44,SKU-654083,MEATS,1,179.4,956,15.83
2017-08-11,44,SKU-654083,MEATS,0,129.6,1574,15.83
2017-08-12,44,SKU-654083,MEATS,0,157.5,1907,15.83
2017-08-13,44,SKU-654083,MEATS,0,170.8,738,15.83
2017-08-14,44,SKU-654083,MEATS,0,125.1,1581,15.83
2017-08-15,44,SKU-654083,MEATS,1,182.7,1750,15.83
2017-08-16,44,SKU-654083,MEATS,0,127.4,873,15.83
2017-08-01,44,SKU-445627,MEATS,0,187.2,763,34.71
2017-08-02,44,SKU-445627,MEATS,0,197.2,2551,34.71
2017-08-03,44,SKU-445627,MEATS,1,265.6,3583,34.71
2017-08-04,44,SKU-445627,MEATS,1,252.9,1716,34.71
2017-08-05,44,SKU-445627,MEATS,1,327.9,3769,34.71
2017-08-06,44,SKU-445627,MEATS,0,231.5,1121,34.71
2017-08-07,44,SKU-445627,MEATS,0,196.8,605,34.71
2017-08-08,44,SKU-445627,MEATS,0,181.2,401,34.71
2017-08-09,44,SKU-445627,MEATS,0,198.2,2213,34.71
2017-08-10,44,SKU-445627,MEATS,0,196.9,2636,34.71
2017-08-11,44,SKU-445627,MEATS,0,185.8,827,34.71
2017-08-12,44,SKU-445627,MEATS,0,233.6,1167,34.71
2017-08-13,44,SKU-445627,MEATS,0,248.0,2945,34.71
2017-08-14,44,SKU-445627,MEATS,0,194.8,2173,34.71
2017-08-15,44,SKU-445627,MEATS,0,192.8,789,34.71
2017-08-16,44,SKU-445627,MEATS,0,189.2,1166,34.71
2017-08-01,44,SKU-729661,MEATS,1,210.0,2229,42.8
2017-08-02,44,SKU-729661,MEATS,1,195.2,2527,42.8
2017-08-03,44,SKU-729661,MEATS,1,200.5,1556,42.8
2017-08-04,44,SKU-729661,MEATS,0,146.3,527,42.8
2017-08-05,44,SKU-729661,MEATS,0,198.9,79,42.8
2017-08-06,44,SKU-729661,MEATS,0,183.8,2012,42.8
2017-08-07,44,SKU-729661,MEATS,1,206.4,411,42.8
2017-08-08,44,SKU-729661,MEATS,0,156.0,1571,42.8
2017-08-09,44,SKU-729661,MEATS,1,200.5,216,42.8
2017-08-10,44,SKU-729661,MEATS,0,158.8,1367,42.8
2017-08-11,44,SKU-729661,MEATS,1,213.3,2547,42.8
2017-08-12,44,SKU-729661,MEATS,0,183.4,2376,42.8
2017-08-13,44,SKU-729661,MEATS,1,260.8,3244,42.8
2017-08-14,44,SKU-729661,MEATS,0,146.0,1026,42.8
2017-08-15,44,SKU-729661,MEATS,1,208.2,1861,42.8
2017-08-16,44,SKU-729661,MEATS,0,149.1,1961,42.8
2017-08-01,44,SKU-885195,MEATS,1,302.3,1737,34.53
2017-08-02,44,SKU-885195,MEATS,0,207.0,1164,34.53
2017-08-03,44,SKU-885195,MEATS,0,207.4,2633,34.53
2017-08-04,44,SKU-885195,MEATS,1,282.0,541,34.53
2017-08-05,44,SKU-885195,MEATS,0,273.0,3160,34.53
2017-08-06,44,SKU-885195,MEATS,0,259.0,911,34.53
2017-08-07,44,SKU-885195,MEATS,0,216.4,754,34.53
2017-08-08,44,SKU-885195,MEATS,0,208.9,1736,34.53
2017-08-09,44,SKU-885195,MEATS,0,220.8,2160,34.53
2017-08-10,44,SKU-885195,MEATS,0,206.1,168,34.53
2017-08-11,44,SKU-885195,MEATS,0,204.4,1048,34.53
2017-08-12,44,SKU-885195,MEATS,0,261.0,412,34.53
2017-08-13,44,SKU-885195,MEATS,1,358.5,404,34.53
2017-08-14,44,SKU-885195,MEATS,0,217.4,2271,34.53
2017-08-15,44,SKU-885195,MEATS,0,219.5,1145,34.53
2017-08-16,44,SKU-885195,MEATS,0,217.2,2415,34.53
2017-08-01,44,SKU-792763,MEATS,0,226.8,1474,24.28
2017-08-02,44,SKU-792763,MEATS,0,219.2,2774,24.28
2017-08-03,44,SKU-792763,MEATS,1,310.5,4129,24.28
2017-08-04,44,SKU-792763,MEATS,0,216.4,2504,24.28
2017-08-05,44,SKU-792763,MEATS,1,388.3,329,24.28
2017-08-06,44,SKU-792763,MEATS,1,368.8,2792,24.28
2017-08-07,44,SKU-792763,MEATS,0,235.3,1492,24.28
2017-08-08,44,SKU-792763,MEATS,1,298.8,1626,24.28
2017-08-09,44,SKU-792763,MEATS,1,295.9,2400,24.28
2017-08-10,44,SKU-792763,MEATS,0,232.1,428,24.28
2017-08-11,44,SKU-792763,MEATS,0,230.4,1318,24.28
2017-08-12,44,SKU-792763,MEATS,0,291.2,2056,24.28
2017-08-13,44,SKU-792763,MEATS,0,288.6,3717,24.28
2017-08-14,44,SKU-792763,MEATS,0,228.0,2328,24.28
2017-08-15,44,SKU-792763,MEATS,0,215.1,1403,24.28
2017-08-16,44,SKU-792763,MEATS,1,294.6,3452,24.28
2017-08-01,44,SKU-456989,MEATS,1,211.1,1345,44.53
2017-08-02,44,SKU-456989,MEATS,0,152.4,1661,44.53
2017-08-03,44,SKU-456989,MEATS,1,197.2,1414,44.53
2017-08-04,44,SKU-456989,MEATS,1,208.5,84,44.53
2017-08-05,44,SKU-456989,MEATS,0,190.1,230,44.53
2017-08-06,44,SKU-456989,MEATS,1,252.7,2388,44.53
2017-08-07,44,SKU-456989,MEATS,1,193.7,2322,44.53
2017-08-08,44,SKU-456989,MEATS,1,208.0,1446,44.53
2017-08-09,44,SKU-456989,MEATS,0,151.5,800,44.53
2017-08-10,44,SKU-456989,MEATS,0,148.1,1027,44.53
2017-08-11,44,SKU-456989,MEATS,0,152.4,1659,44.53
2017-08-12,44,SKU-456989,MEATS,0,193.9,340,44.53
2017-08-13,44,SKU-456989,MEATS,1,251.2,1864,44.53
2017-08-14,44,SKU-456989,MEATS,0,148.6,600,44.53
2017-08-15,44,SKU-456989,MEATS,0,143.1,909,44.53
2017-08-16,44,SKU-456989,MEATS,0,145.2,280,44.53
2017-08-01,44,SKU-240978,MEATS,1,348.2,4115,30.82
2017-08-02,44,SKU-240978,MEATS,0,253.3,1878,30.82
2017-08-03,44,SKU-240978,MEATS,0,258.3,3245,30.82
2017-08-04,44,SKU-240978,MEATS,1,342.0,4567,30.82
2017-08-05,44,SKU-240978,MEATS,1,433.3,5246,30.82
2017-08-06,44,SKU-240978,MEATS,0,307.3,106,30.82
2017-08-07,44,SKU-240978,MEATS,1,328.9,88,30.82
2017-08-08,44,SKU-240978,MEATS,0,249.4,1627,30.82
2017-08-09,44,SKU-240978,MEATS,0,254.3,890,30.82
2017-08-10,44,SKU-240978,MEATS,0,262.5,3627,30.82
2017-08-11,44,SKU-240978,MEATS,0,249.8,3258,30.82
2017-08-12,44,SKU-240978,MEATS,0,328.6,1909,30.82
2017-08-13,44,SKU-240978,MEATS,0,326.2,3039,30.82
2017-08-14,44,SKU-240978,MEATS,0,248.4,2894,30.82
2017-08-15,44,SKU-240978,MEATS,0,258.3,1394,30.82
2017-08-16,44,SKU-240978,MEATS,0,247.0,2249,30.82
2017-08-01,44,SKU-363277,MEATS,1,213.2,2251,15.79
2017-08-02,44,SKU-363277,MEATS,1,195.5,2716,15.79
2017-08-03,44,SKU-363277,MEATS,0,149.4,507,15.79
2017-08-04,44,SKU-363277,MEATS,1,206.1,1726,15.79
2017-08-05,44,SKU-363277,MEATS,1,259.8,2353,15.79
2017-08-06,44,SKU-363277,MEATS,0,197.1,2677,15.79
2017-08-07,44,SKU-363277,MEATS,1,197.7,633,15.79
2017-08-08,44,SKU-363277,MEATS,0,147.8,639,15.79
2017-08-09,44,SKU-363277,MEATS,0,155.2,2036,15.79
2017-08-10,44,SKU-363277,MEATS,0,147.3,533,15.79
2017-08-11,44,SKU-363277,MEATS,0,149.5,820,15.79
2017-08-12,44,SKU-363277,MEATS,1,255.3,1975,15.79
2017-08-13,44,SKU-363277,MEATS,1,262.7,2148,15.79
2017-08-14,44,SKU-363277,MEATS,1,205.9,2522,15.79
2017-08-15,44,SKU-363277,MEATS,0,145.1,1666,15.79
2017-08-16,44,SKU-363277,MEATS,0,152.9,1580,15.79
2017-08-01,44,SKU-316100,MEATS,0,205.7,1170,13.8
2017-08-02,44,SKU-316100,MEATS,0,207.3,226,13.8
2017-08-03,44,SKU-316100,MEATS,0,220.6,1173,13.8
2017-08-04,44,SKU-316100,MEATS,1,292.5,2091,13.8
2017-08-05,44,SKU-316100,MEATS,0,280.8,222,13.8
2017-08-06,44,SKU-316100,MEATS,0,272.7,1689,13.8
2017-08-07,44,SKU-316100,MEATS,0,211.8,2589,13.8
2017-08-08,44,SKU-316100,MEATS,1,300.7,1302,13.8
2017-08-09,44,SKU-316100,MEATS,0,203.1,2681,13.8
2017-08-10,44,SKU-316100,MEATS,0,211.3,2686,13.8
2017-08-11,44,SKU-316100,MEATS,0,214.7,537,13.8
2017-08-12,44,SKU-316100,MEATS,0,280.7,2200,13.8
2017-08-13,44,SKU-316100,MEATS,0,256.8,1215,13.8
2017-08-14,44,SKU-316100,MEATS,0,203.6,1742,13.8
2017-08-15,44,SKU-316100,MEATS,0,219.4,98,13.8
2017-08-16,44,SKU-316100,MEATS,1,288.6,1503,13.8
2017-08-01,44,SKU-318811,MEATS,0,207.9,917,37.97
2017-08-02,44,SKU-318811,MEATS,0,220.1,993,37.97
2017-08-03,44,SKU-318811,MEATS,1,288.2,182,37.97
2017-08-04,44,SKU-318811,MEATS,1,296.1,3326,37.97
2017-08-05,44,SKU-318811,MEATS,0,260.0,277,37.97
2017-08-06,44,SKU-318811,MEATS,0,281.5,1194,37.97
2017-08-07,44,SKU-318811,MEATS,1,299.5,2524,37.97
2017-08-08,44,SKU-318811,MEATS,1,286.5,672,37.97
2017-08-09,44,SKU-318811,MEATS,1,285.4,3840,37.97
2017-08-10,44,SKU-318811,MEATS,1,304.4,4026,37.97
2017-08-11,44,SKU-318811,MEATS,0,220.4,299,37.97
2017-08-12,44,SKU-318811,MEATS,1,357.7,4209,37.97
2017-08-13,44,SKU-318811,MEATS,1,358.1,400,37.97
2017-08-14,44,SKU-318811,MEATS,0,222.5,2402,37.97
2017-08-15,44,SKU-318811,MEATS,0,223.2,555,37.97
2017-08-16,44,SKU-318811,MEATS,0,218.5,477,37.97
2017-08-01,44,SKU-617220,MEATS,0,245.8,28,44.05
2017-08-02,44,SKU-617220,MEATS,1,326.5,891,44.05
2017-08-03,44,SKU-617220,MEATS,1,339.5,537,44.05
2017-08-04,44,SKU-617220,MEATS,0,239.9,2106,44.05
2017-08-05,44,SKU-617220,MEATS,1,417.9,3401,44.05
2017-08-06,44,SKU-617220,MEATS,1,417.2,3573,44.05
2017-08-07,44,SKU-617220,MEATS,0,253.2,842,44.05
2017-08-08,44,SKU-617220,MEATS,0,234.9,2696,44.05
2017-08-09,44,SKU-617220,MEATS,0,240.2,3300,44.05
2017-08-10,44,SKU-617220,MEATS,1,344.9,695,44.05
2017-08-11,44,SKU-617220,MEATS,1,323.7,67,44.05
2017-08-12,44,SKU-617220,MEATS,0,308.4,476,44.05
2017-08-13,44,SKU-617220,MEATS,0,318.0,1687,44.05
2017-08-14,44,SKU-617220,MEATS,0,240.0,3102,44.05
2017-08-15,44,SKU-617220,MEATS,0,242.6,906,44.05
2017-08-16,44,SKU-617220,MEATS,1,316.0,1826,44.05
2017-08-01,44,SKU-434456,MEATS,0,195.9,2688,14.16
2017-08-02,44,SKU-434456,MEATS,1,257.6,1766,14.16
2017-08-03,44,SKU-434456,MEATS,0,181.8,430,14.16
2017-08-04,44,SKU-434456,MEATS,0,194.5,1131,14.16
2017-08-05,44,SKU-434456,MEATS,0,245.6,2219,14.16
2017-08-06,44,SKU-434456,MEATS,1,328.6,751,14.16
2017-08-07,44,SKU-434456,MEATS,0,196.8,602,14.16
2017-08-08,44,SKU-434456,MEATS,0,190.5,2457,14.16
2017-08-09,44,SKU-434456,MEATS,0,192.3,866,14.16
2017-08-10,44,SKU-434456,MEATS,1,260.4,28,14.16
2017-08-11,44,SKU-434456,MEATS,0,188.2,94,14.16
2017-08-12,44,SKU-434456,MEATS,0,247.6,1751,14.16
2017-08-13,44,SKU-434456,MEATS,0,244.3,2298,14.16
2017-08-14,44,SKU-434456,MEATS,0,188.3,22,14.16
2017-08-15,44,SKU-434456,MEATS,0,199.4,2353,14.16
2017-08-16,44,SKU-434456,MEATS,0,188.9,2486,14.16
